ранг	кандзи	freq	pmw	кум%	написания
1	人	657173	3364.5481	1.109	人(284419)/人間(42471)/二人(23681)/一人(22833)/個人(17892)/人々(15614)/法人(12632)/人生(10934)/主人(9669)/友人(9142)/人気(9042)/人口(8931)/本人(8492)/人物(8366)/老人(8012)/大人(7755)/他人(6702)/１人(5724)/２人(4992)/犯人(4658)
2	一	585656	2998.4004	2.097	一(304932)/一般(25348)/一人(22833)/一緒(17957)/一方(17908)/一番(17128)/一部(14529)/一定(7127)/一体(6469)/一時(5108)/一生(5020)/一瞬(4438)/一応(4175)/統一(4047)/一致(3811)/一層(3635)/同一(3594)/一日(3557)/唯一(3530)/一言(3493)
3	日	511563	2619.0643	2.961	日(197590)/日本(118216)/今日(35812)/毎日(11820)/昨日(10943)/明日(10424)/１日(7250)/日常(6555)/日時(5444)/日曜(4351)/日間(4278)/先日(4251)/日々(3901)/翌日(3861)/当日(3690)/日記(3581)/一日(3557)/本日(3550)/朝日(3226)/日米(2748)
4	年	436583	2235.1869	3.697	年(253782)/年度(31883)/年間(16208)/年金(12376)/少年(10872)/今年(10386)/年齢(10133)/前年(6467)/昨年(6314)/毎年(4843)/青年(4664)/近年(4312)/来年(3188)/去年(2985)/半年(2715)/青少年(2628)/元年(2212)/翌年(2097)/学年(2041)/年末(2004)
5	大	425806	2180.0116	4.416	大(49366)/大きな(30223)/大学(27098)/大きく(19150)/大臣(17224)/大変(13857)/大切(12472)/大阪(10374)/拡大(9784)/大きい(9757)/最大(9015)/大事(8497)/大丈夫(8493)/大人(7755)/大会(7240)/大き(6637)/大統領(5442)/大量(5372)/大好き(4485)/巨大(4344)
6	分	364111	1864.1499	5.031	自分(110543)/分(62529)/部分(24792)/十分(15432)/分野(8875)/気分(8419)/分析(7956)/半分(6560)/処分(6521)/分から(5682)/分かり(5646)/分け(4821)/分かっ(4238)/分類(4128)/分かる(3976)/多分(3558)/充分(3514)/成分(3393)/区分(3166)/分布(3067)
7	出	362018	1853.4343	5.641	出(61633)/出し(24512)/出来(14791)/出る(13196)/出す(9241)/提出(7729)/出品(7694)/出来る(6680)/輸出(6156)/出さ(5611)/出版(5589)/出身(5054)/出発(4871)/思い出し(4759)/出演(4345)/出かけ(4267)/支出(3601)/出席(3312)/出来事(3134)/出会い(3095)
8	行	339438	1737.8308	6.214	行っ(48479)/行く(23671)/行う(22805)/行わ(20364)/行動(15924)/行為(15042)/行き(14806)/銀行(13857)/行政(13745)/旅行(9387)/行い(8665)/実行(6772)/発行(6325)/飛行(6091)/行か(5568)/執行(5344)/施行(4564)/行け(4276)/進行(4141)/行(3954)
9	中	338046	1730.7041	6.785	中(145841)/中国(22345)/中心(20911)/中央(12682)/途中(7849)/中学(6187)/集中(6099)/背中(4105)/田中(3983)/世の中(3760)/連中(3672)/中間(3319)/中身(3172)/中村(2700)/中止(2422)/中世(2242)/夜中(2218)/真ん中(1943)/日中(1869)/中華(1840)
10	生	330955	1694.4001	7.343	生活(42167)/生(32714)/先生(26711)/生産(19395)/発生(15701)/生き(15005)/生まれ(14770)/人生(10934)/学生(8819)/生徒(8147)/生じ(6952)/厚生(6570)/誕生(6424)/生命(6186)/生物(5917)/再生(5828)/一生(5020)/生きる(4813)/生涯(4435)/生理(3316)
11	本	328512	1681.8926	7.898	日本(118216)/本(39621)/本当(24921)/基本(23663)/資本(9122)/本人(8492)/本来(6745)/本部(4874)/本日(3550)/本格(3457)/山本(3334)/本質(3101)/本書(2981)/根本(2736)/本気(2529)/本物(2355)/松本(2050)/本体(1753)/本社(1737)/熊本(1620)
12	事	324989	1663.8558	8.446	事業(46534)/事(38595)/仕事(37462)/事件(21187)/事務(16205)/事実(15125)/事故(11612)/食事(10491)/事項(8594)/記事(8575)/大事(8497)/工事(7764)/事情(7587)/事態(5344)/返事(4607)/刑事(4535)/軍事(4340)/理事(4170)/知事(4004)/事前(3800)
13	時	324680	1662.2738	8.994	時(131184)/時間(67794)/時代(35358)/当時(17471)/同時(13921)/時期(13807)/時点(6323)/日時(5444)/一時(5108)/時計(4686)/時々(2683)/臨時(2518)/時刻(2188)/時価(1029)/戦時(979)/常時(978)/時折(692)/随時(673)/時効(669)/瞬時(590)
14	的	317220	1624.0807	9.529	的(276190)/目的(20361)/公的(2972)/知的(2765)/法的(2314)/的確(1792)/私的(1310)/性的(1160)/人的(892)/質的(674)/劇的(618)/端的(611)/標的(537)/量的(527)/的中(525)/内的(514)/外的(481)/物的(389)/霊的(338)/病的(302)
15	上	309957	1586.8961	10.053	上(74307)/以上(46659)/申し上げ(8450)/上昇(7574)/向上(7518)/上げ(7399)/上がっ(3846)/地上(3685)/上手(3546)/上記(2976)/上司(2903)/取り上げ(2898)/途上(2826)/売上(2474)/上下(2439)/海上(2389)/上げる(2375)/仕上げ(2209)/上がる(2138)/計上(2074)
16	見	307296	1573.2725	10.571	見(94526)/見る(25279)/見え(21116)/意見(14502)/見える(11103)/発見(9653)/見せ(9602)/見つけ(6443)/見つめ(5033)/見れ(4263)/見直し(3598)/見事(3200)/見解(3061)/見せる(2604)/見かけ(2546)/見通し(2377)/見学(2105)/一見(2018)/会見(1733)/見つかっ(1539)
17	者	297913	1525.2340	11.074	者(230178)/患者(11897)/若者(4997)/医者(4676)/記者(4600)/読者(3340)/両者(2870)/死者(2568)/業者(2526)/筆者(2323)/後者(2199)/著者(2097)/作者(2082)/学者(1906)/前者(1718)/他者(1585)/役者(1385)/何者(1042)/信者(1000)/使者(791)
18	方	293352	1501.8829	11.569	方(131715)/方法(33306)/地方(22280)/一方(17908)/方向(11552)/方式(5997)/方針(5933)/仕方(5033)/方々(4144)/夕方(3580)/両方(3567)/方面(3286)/他方(2440)/貴方(2340)/双方(2133)/味方(1990)/前方(1988)/行方(1772)/仕方ない(1520)/後方(1474)
19	間	292775	1498.9289	12.063	時間(67794)/間(53877)/人間(42471)/期間(17509)/年間(16208)/週間(9359)/民間(7380)/仲間(7352)/空間(7041)/間違い(6861)/瞬間(5708)/日間(4278)/世間(3658)/中間(3319)/間違っ(2975)/昼間(2277)/夜間(1813)/分間(1688)/間接(1646)/間隔(1567)
20	思	289326	1481.2709	12.551	思い(85831)/思っ(62120)/思う(51167)/思わ(23809)/思え(8459)/不思議(6751)/思想(6450)/意思(4850)/思い出し(4759)/思考(2940)/思い出(2765)/思える(2734)/思い出す(1518)/思い切っ(1015)/思いがけ(876)/思いやり(859)/思いつい(778)/思い出さ(759)/思い出せ(699)/思い込ん(695)
21	合	288900	1479.0899	13.039	場合(95881)/総合(11225)/合わせ(9315)/組合(8437)/割合(7998)/試合(7301)/問い合わせ(6952)/連合(4754)/合計(4739)/合併(4524)/合理(4343)/都合(4156)/具合(3399)/統合(3353)/合意(3240)/組み合わせ(3078)/合っ(3038)/結合(2952)/集合(2867)/問合せ(2715)
22	自	288079	1474.8866	13.525	自分(110543)/自然(23136)/自由(19422)/自身(16835)/自動(15759)/自己(13026)/自ら(8440)/自治(7794)/自体(7671)/自信(5234)/自転(5035)/自宅(4585)/自衛(3967)/独自(3808)/自殺(3668)/自主(3406)/自民(3021)/自立(2914)/自覚(2509)/自慢(2010)
23	国	287328	1471.0417	14.010	国(61489)/中国(22345)/国民(21043)/国際(20393)/外国(13394)/全国(12835)/国家(12432)/韓国(8943)/国内(8616)/米国(8342)/諸国(5105)/国会(5009)/国土(3752)/国立(3644)/各国(3551)/帝国(3501)/国連(3432)/国務(3293)/英国(2858)/帰国(2626)
24	会	279914	1433.0840	14.482	会(61264)/社会(49001)/会社(41187)/会議(11820)/機会(7843)/会場(7282)/大会(7240)/協会(6486)/会計(6465)/会っ(5266)/会話(5209)/国会(5009)/会長(4388)/議会(4386)/会員(4027)/教会(3949)/会い(3906)/出会い(3095)/会う(2800)/総会(2708)
25	子	275836	1412.2058	14.948	子(32912)/子供(29940)/子ども(27509)/様子(9610)/息子(8445)/原子(7433)/電子(6610)/女子(6579)/女の子(6120)/椅子(4763)/男子(4088)/子育て(4043)/調子(4022)/菓子(4019)/親子(3599)/男の子(3331)/分子(2672)/弟子(2244)/王子(2024)/帽子(1993)
26	言	266389	1363.8397	15.397	言っ(69822)/言う(39625)/言葉(34294)/言わ(29246)/言い(19754)/言え(12726)/言語(6283)/発言(4847)/言える(4263)/宣言(3728)/一言(3493)/証言(2014)/遺言(1476)/助言(1383)/無言(1315)/提言(1273)/言及(1218)/予言(1016)/言(1011)/方言(939)
27	場	247812	1268.7305	15.815	場合(95881)/場(26053)/場所(25890)/市場(14598)/立場(9742)/登場(8490)/工場(7439)/会場(7282)/現場(6940)/場面(4398)/職場(4198)/広場(2798)/出場(2735)/相場(2394)/劇場(2382)/入場(2179)/上場(1513)/戦場(1324)/道場(1047)/役場(1036)
28	入	241552	1236.6809	16.223	入っ(34496)/入れ(28678)/入り(13303)/入る(11115)/購入(10941)/輸入(8593)/導入(8159)/入れる(7440)/収入(6088)/入力(5797)/加入(5000)/入院(4664)/入札(3744)/受け入れ(3664)/入ら(3467)/記入(3189)/入学(2855)/入手(2421)/侵入(2319)/入口(2181)
29	手	241494	1236.3840	16.631	手(49567)/相手(28843)/選手(11854)/手紙(7098)/手段(6042)/手術(5737)/勝手(5395)/手続(4324)/手続き(4214)/両手(4136)/上手(3546)/右手(3222)/手法(2854)/大手(2754)/手数(2704)/手当(2690)/手前(2582)/左手(2563)/入手(2421)/苦手(2303)
30	地	234666	1201.4265	17.027	地域(39640)/地(27666)/地方(22280)/土地(14402)/地区(9156)/地球(8094)/地震(6191)/地下(5752)/地元(5680)/現地(4156)/地図(3942)/地位(3870)/各地(3771)/地上(3685)/基地(3240)/地面(2499)/生地(2273)/地帯(2242)/地獄(2232)/農地(2127)
31	二	229538	1175.1725	17.414	二(157625)/二十(28205)/二人(23681)/二百(4526)/二千(2327)/二、三(1383)/一、二(681)/二郎(374)/二条(365)/二塁(313)/二宮(272)/二者(235)/二階堂(234)/十二分(218)/浩二(213)/二の腕(198)/二男(193)/二元(173)/健二(166)/十二指腸(159)
32	気	226448	1159.3526	17.796	気(59174)/気持ち(20485)/病気(9291)/人気(9042)/気分(8419)/電気(8347)/元気(7870)/空気(6117)/雰囲気(5855)/景気(4603)/気づい(4377)/天気(3835)/気味(3310)/一気(3156)/気持(2919)/勇気(2604)/本気(2529)/気配(2456)/気温(2385)/平気(2178)
33	前	225843	1156.2551	18.177	前(86997)/名前(15830)/午前(13645)/以前(13100)/お前(6484)/前年(6467)/前後(5896)/前提(4585)/事前(3800)/前項(3396)/当たり前(2816)/前回(2719)/前半(2697)/手前(2582)/直前(2545)/前日(2474)/前述(2316)/前方(1988)/前者(1718)/戦前(1671)
34	業	225599	1155.0059	18.558	事業(46534)/企業(36663)/業(18632)/産業(15661)/作業(13464)/業務(11728)/農業(9685)/営業(7691)/工業(6407)/卒業(6130)/職業(5537)/授業(5101)/従業(3658)/失業(2780)/漁業(2727)/業者(2526)/商業(2493)/就業(2436)/業種(2387)/業績(2111)
35	定	224749	1150.6541	18.937	規定(23567)/決定(15705)/設定(14845)/予定(13514)/指定(13034)/特定(11060)/安定(10922)/定める(8080)/定め(7496)/一定(7127)/否定(5498)/固定(5479)/認定(4843)/限定(4835)/定員(4561)/測定(4398)/確定(4164)/協定(4095)/定期(4041)/定義(3762)
36	用	212307	1086.9544	19.296	利用(35310)/用(30264)/使用(25118)/用い(9597)/費用(8691)/適用(8078)/活用(7655)/雇用(7191)/用意(7084)/作用(6784)/採用(6501)/運用(5027)/信用(4735)/専用(3933)/用いる(2795)/引用(2519)/用語(2286)/準用(2201)/実用(2176)/応用(2152)
37	月	208663	1068.2982	19.648	月(162244)/ヶ月(7027)/カ月(5519)/か月(3682)/正月(2705)/毎月(2532)/月曜(2512)/ヵ月(2431)/今月(2076)/月額(1086)/年月(919)/来月(811)/先月(780)/歳月(679)/月間(657)/半月(448)/月経(441)/月日(433)/月給(412)/月刊(403)
38	学	202830	1038.4348	19.990	学校(38136)/大学(27098)/学(18233)/科学(12076)/学習(8976)/学生(8819)/中学(6187)/文学(5522)/化学(5416)/小学(5161)/医学(4346)/哲学(3888)/入学(2855)/学ぶ(2622)/留学(2595)/数学(2579)/学ん(2395)/学問(2290)/見学(2105)/学年(2041)
39	後	199647	1022.1387	20.327	後(77264)/最後(19097)/午後(17868)/今後(14583)/前後(5896)/戦後(5390)/後ろ(5256)/後半(4945)/以後(4031)/直後(3560)/背後(2908)/後期(2790)/後者(2199)/後悔(1811)/後方(1474)/死後(1310)/後退(1260)/後継(1228)/後日(1083)/後輩(949)
40	私	194807	997.3592	20.656	私(187170)/私立(1567)/私的(1310)/私学(494)/私有(318)/私鉄(300)/私物(272)/私服(266)/私法(231)/公私(226)/私見(182)/私人(155)/私大(142)/私事(114)/私道(109)/私欲(103)/私設(99)/私用(96)/私利(88)/私語(78)
41	体	193160	988.9270	20.982	体(31942)/全体(19459)/団体(14324)/具体(11902)/身体(11638)/体験(9607)/体制(9396)/自体(7671)/一体(6469)/主体(4480)/体育(3442)/体重(3419)/大体(3129)/体系(3112)/肉体(3032)/死体(2586)/体力(2585)/体調(1940)/体質(1783)/本体(1753)
42	対	189262	968.9703	21.301	対し(40263)/対する(27677)/対象(24239)/対策(18757)/対応(18223)/絶対(11600)/反対(9908)/対(6741)/対処(3914)/対立(3311)/相対(2439)/対抗(2370)/対照(2191)/対話(1568)/対決(1193)/対面(1162)/対外(1091)/対戦(980)/対比(935)/対等(738)
43	度	188355	964.3267	21.619	度(51807)/年度(31883)/制度(24274)/程度(20795)/今度(10847)/態度(6556)/高度(5423)/速度(4246)/温度(3809)/限度(2686)/濃度(2332)/角度(1958)/再度(1914)/密度(1381)/頻度(1264)/強度(1232)/精度(1020)/支度(896)/適度(766)/尺度(756)
44	動	184597	945.0867	21.931	活動(31444)/運動(18096)/行動(15924)/自動(15759)/動き(12655)/動物(9352)/移動(8733)/動産(4242)/動向(4087)/感動(3662)/変動(3630)/動い(3341)/動作(3088)/動く(2950)/動かし(2598)/動か(2496)/起動(2314)/動機(2211)/動脈(1931)/動かす(1726)
45	理	181886	931.2071	22.237	管理(22142)/理由(19609)/理解(18758)/処理(15213)/料理(12796)/無理(9512)/整理(6228)/理論(5919)/心理(5189)/総理(5104)/合理(4343)/理事(4170)/理想(4089)/代理(3819)/生理(3316)/原理(3235)/論理(3105)/調理(2682)/物理(2614)/修理(2555)
46	今	181319	928.3043	22.543	今(73273)/今日(35812)/今回(16303)/今後(14583)/今度(10847)/今年(10386)/今夜(3169)/今朝(2597)/今月(2076)/今週(1894)/今季(845)/昨今(691)/今更(607)/古今(572)/今さら(553)/今頃(500)/今井(494)/今晩(451)/今治(372)/今川(342)
47	実	181035	926.8503	22.849	実施(22896)/実際(19806)/実(18807)/事実(15125)/現実(12181)/実現(9197)/実験(6787)/実行(6772)/充実(6690)/確実(5033)/実態(5014)/実践(4132)/実質(4043)/実家(3170)/真実(2989)/実績(2954)/実感(2604)/実用(2176)/実力(2056)/実証(1649)
48	性	177604	909.2845	23.149	性(79433)/女性(32996)/男性(13236)/性格(7348)/活性(4053)/性質(3807)/特性(3244)/性能(3148)/個性(3026)/理性(1394)/相性(1313)/慢性(1311)/性別(1284)/性的(1160)/感性(1111)/急性(1017)/異性(924)/知性(819)/中性(792)/酸性(736)
49	法	175710	899.5877	23.445	法(47874)/方法(33306)/法律(15874)/法人(12632)/憲法(5623)/療法(3851)/手法(2854)/法案(2587)/法則(2522)/司法(2506)/法務(2327)/法的(2314)/商法(2097)/法令(2026)/違法(2010)/魔法(1976)/同法(1773)/民法(1758)/不法(1633)/立法(1518)
50	目	174814	895.0004	23.740	目(74389)/目的(20361)/目標(9552)/注目(6771)/項目(5252)/目指し(3581)/丁目(3309)/駄目(2669)/目指す(2501)/品目(1616)/真面目(1601)/目立つ(1477)/科目(1382)/役目(1363)/目撃(1315)/目安(1269)/一目(1204)/目立っ(1167)/名目(1144)/目覚め(1109)
51	十	173457	888.0530	24.033	十(63300)/二十(28205)/三十(16009)/十分(15432)/五十(12538)/四十(10484)/六十(6725)/七十(3873)/八十(3317)/九十(2399)/十字(1870)/数十(1679)/何十(1243)/十津川(954)/十郎(300)/十兵衛(284)/五十嵐(283)/十二分(218)/十勝(204)/十二指腸(159)
52	部	173401	887.7663	24.326	部(30535)/部分(24792)/部屋(19725)/一部(14529)/全部(9329)/内部(5936)/部門(5771)/本部(4874)/部隊(3707)/外部(3182)/文部(3102)/幹部(2738)/部品(2614)/部下(2568)/南部(2203)/部長(1790)/北部(1768)/警部(1638)/支部(1358)/上部(1305)
53	三	173381	887.6639	24.618	三(119955)/三十(16009)/三百(2725)/三角(2034)/三千(1972)/三菱(1406)/二、三(1383)/三浦(1079)/三重(1032)/三井(1000)/三郎(973)/三島(901)/三条(596)/三木(510)/三田(475)/三河(452)/三好(444)/三宅(405)/三振(394)/三味(392)
54	下	171935	880.2607	24.908	下(31261)/以下(18956)/下さい(16714)/低下(7026)/地下(5752)/下げ(3046)/廊下(2926)/部下(2568)/上下(2439)/下り(2364)/下記(2106)/天下(2029)/下水(1996)/下がっ(1883)/下手(1870)/陛下(1495)/下落(1323)/下旬(1314)/下着(1281)/下ろし(1263)
55	物	170160	871.1732	25.196	物(35507)/動物(9352)/人物(8366)/建物(8249)/物質(8075)/物語(6269)/植物(6011)/生物(5917)/買い物(3095)/博物(3013)/荷物(3008)/食べ物(2676)/物理(2614)/物価(2586)/本物(2355)/貨物(2147)/着物(1951)/物件(1895)/食物(1590)/薬物(1562)
56	当	168295	861.6249	25.480	本当(24921)/当時(17471)/当然(13095)/当該(12382)/担当(9867)/相当(8686)/当たり(5453)/当初(4510)/該当(4280)/当たっ(4132)/適当(3696)/当日(3690)/当たる(2945)/当事(2893)/弁当(2838)/当たり前(2816)/当て(2791)/手当(2690)/当局(2498)/正当(2416)
57	関	167092	855.4659	25.762	関係(57556)/関する(27511)/機関(20886)/関連(11282)/関し(10103)/関心(6787)/玄関(4291)/関東(3687)/関西(3159)/関節(2276)/関数(2231)/関与(2130)/関(1624)/関わる(1485)/関わり(1272)/関税(1033)/関わっ(973)/相関(919)/関わら(718)/税関(498)
58	同	166150	850.6431	26.042	同じ(52322)/同(15929)/同時(13921)/同様(11895)/共同(9641)/同士(4449)/同一(3594)/同じく(3347)/同意(2987)/同盟(2245)/同僚(2034)/同年(1997)/同法(1773)/同居(1756)/同条(1595)/同期(1508)/同社(1473)/同項(1455)/協同(1390)/一同(1297)
59	家	165271	846.1428	26.321	家(64521)/家族(19077)/家庭(13302)/国家(12432)/作家(4741)/農家(3356)/実家(3170)/我が家(2231)/一家(2065)/家事(2060)/家康(1930)/家具(1697)/家屋(1658)/画家(1645)/家計(1627)/家賃(1236)/自家(1233)/家電(1043)/大家(927)/家畜(912)
60	発	163669	837.9410	26.597	開発(24085)/発生(15701)/発展(10124)/発表(10018)/発見(9653)/発行(6325)/発売(5416)/出発(4871)/発言(4847)/発達(4559)/発揮(3929)/発(3788)/発電(3136)/爆発(2823)/発想(2744)/発送(2653)/活発(2247)/発明(1925)/発し(1797)/発足(1786)
61	金	162975	834.3880	26.872	金(47384)/年金(12376)/金融(11532)/資金(11188)/金額(8967)/料金(6048)/金属(3656)/金利(3615)/賃金(3559)/預金(2849)/税金(2747)/金曜(2644)/借金(2454)/現金(2389)/基金(2354)/金銭(2074)/代金(1809)/貯金(1527)/金持ち(1462)/入金(1455)
62	要	161780	828.2699	27.145	必要(70605)/重要(22636)/要求(7881)/要素(6111)/要する(5651)/需要(5616)/要因(5527)/主要(5317)/要(4642)/要請(4200)/要件(3581)/要望(2520)/不要(2464)/概要(2237)/要領(1668)/所要(1277)/要し(1085)/要員(807)/要約(800)/要ら(706)
63	力	157605	806.8950	27.411	力(47924)/協力(15447)/能力(12501)/努力(10219)/魅力(5954)/入力(5797)/暴力(4532)/権力(4234)/勢力(3310)/体力(2585)/強力(2474)/圧力(2207)/電力(2198)/有力(2127)/実力(2056)/出力(1950)/効力(1801)/活力(1256)/武力(1221)/全力(1189)
64	高	157240	805.0263	27.676	高い(23487)/高(19550)/高齢(11113)/最高(10265)/高校(10211)/高く(10061)/高度(5423)/高速(4571)/高等(3344)/高級(2931)/高め(2686)/高橋(2336)/高める(2210)/高まっ(1904)/高まり(1521)/高原(1442)/高額(1264)/円高(1229)/高知(1198)/高価(1163)
65	内	155515	796.1948	27.939	内(34442)/内容(26637)/国内(8616)/内部(5936)/案内(5736)/内閣(5541)/以内(4817)/内側(2606)/室内(2364)/市内(2345)/社内(1652)/体内(1532)/内訳(1478)/内線(1432)/店内(1347)/内外(1334)/町内(1267)/内科(1241)/都内(1113)/境内(1078)
66	長	154607	791.5461	28.200	長(30728)/長い(11949)/成長(11142)/社長(7156)/長く(5933)/長期(5924)/会長(4388)/長官(4237)/延長(3555)/信長(3041)/長崎(2604)/長男(2066)/長野(1968)/長年(1899)/議長(1833)/部長(1790)/校長(1750)/市長(1639)/課長(1612)/身長(1481)
67	通	153780	787.3120	28.459	普通(16840)/通り(15532)/交通(13738)/通信(11812)/通じ(9125)/通常(7918)/通し(6599)/共通(6379)/通っ(4804)/通知(4007)/流通(3712)/通(2732)/通過(2501)/見通し(2377)/通貨(1821)/通る(1766)/通勤(1669)/通行(1589)/通商(1575)/通用(1466)
68	立	153178	784.2300	28.718	立っ(10840)/立場(9742)/成立(7291)/立て(6595)/独立(6449)/立つ(5013)/設立(4862)/確立(4559)/国立(3644)/立(3635)/立ち(3319)/立派(3315)/対立(3311)/自立(2914)/立た(1799)/立ち上がっ(1666)/立てる(1604)/私立(1567)/立法(1518)/目立つ(1477)
69	化	152577	781.1530	28.975	化(68114)/文化(20559)/変化(19426)/強化(7512)/化学(5416)/化粧(3377)/酸化(2879)/悪化(2865)/進化(2108)/消化(1887)/浄化(1620)/分化(995)/硬化(930)/化し(819)/化合(816)/化石(809)/化け(654)/緑化(636)/老化(587)/激化(557)
70	成	152150	778.9669	29.232	平成(24690)/作成(12535)/構成(11680)/成長(11142)/成功(8518)/形成(8191)/成立(7291)/完成(6249)/達成(5081)/成果(4987)/育成(4079)/成分(3393)/成績(3289)/助成(3122)/編成(2932)/成人(2509)/賛成(2232)/合成(2135)/養成(1893)/結成(1655)
71	何	152034	778.3730	29.489	何(134611)/何故(3504)/何処(1837)/何事(1562)/何十(1243)/如何(1155)/何者(1042)/何百(899)/何に(827)/何しろ(723)/何千(628)/幾何(512)/何もの(388)/何物(253)/何れ(237)/如何に(218)/何ごと(205)/何々(197)/如何なる(183)/何時(177)
72	作	150669	771.3845	29.743	作品(16092)/作業(13464)/作っ(12838)/作成(12535)/作り(10484)/作る(8166)/作用(6784)/操作(4862)/作家(4741)/作ら(4336)/作(4220)/作戦(3466)/製作(3242)/著作(3107)/動作(3088)/制作(2474)/作者(2082)/工作(1996)/作曲(1949)/手作り(1305)
73	第	149561	765.7119	29.995	第(142565)/次第(6602)/落第(126)/第一(121)/及第(120)/第六天(8)/第六天町(8)/第宅(3)/譜第(3)/登第(2)/硝第(2)/而第(1)
74	女	148512	760.3413	30.246	彼女(39106)/女性(32996)/女(29613)/女子(6579)/女の子(6120)/男女(5602)/少女(4840)/女房(1958)/女優(1777)/女王(1701)/長女(1047)/魔女(913)/女神(880)/美女(766)/処女(702)/女中(699)/貴女(557)/乙女(552)/女将(529)/巫女(486)
75	社	147862	757.0135	30.495	社会(49001)/会社(41187)/社(17456)/社長(7156)/社員(6059)/神社(4574)/本社(1737)/社内(1652)/社債(1497)/同社(1473)/自社(1383)/公社(1377)/入社(1286)/各社(936)/他社(916)/商社(851)/社交(732)/当社(561)/社団(549)/（社）(488)
76	意	147857	756.9879	30.745	意味(39073)/意識(16962)/意見(14502)/注意(13995)/用意(7084)/意思(4850)/意外(4540)/合意(3240)/意志(3193)/得意(3114)/意図(3068)/同意(2987)/意義(2972)/意(2613)/意欲(2454)/決意(2354)/任意(1741)/意気(1681)/意向(1446)/好意(1336)
77	所	146266	748.8424	30.992	所(47588)/場所(25890)/所得(9338)/所有(6855)/役所(6231)/住所(5269)/近所(3709)/所属(2533)/箇所(2492)/所在(2413)/台所(2005)/か所(1523)/カ所(1497)/支所(1355)/所管(1330)/入所(1299)/所要(1277)/出所(1245)/所見(1025)/所持(1002)
78	問	143653	735.4645	31.234	問題(71463)/質問(23378)/問(8053)/問い合わせ(6952)/訪問(5511)/疑問(5273)/問わ(3430)/問合せ(2715)/学問(2290)/問い(1936)/問う(1380)/顧問(1166)/問合(1008)/諮問(837)/尋問(785)/問いかけ(743)/問屋(696)/拷問(550)/問答(536)/自問(323)
79	来	143362	733.9747	31.476	来(42867)/出来(14791)/来る(12120)/将来(9245)/以来(8035)/従来(6838)/本来(6745)/出来る(6680)/未来(4376)/来年(3188)/出来事(3134)/由来(2097)/来週(1407)/外来(1247)/来日(1232)/到来(1050)/来月(811)/来い(785)/出来れ(767)/如来(752)
80	全	138936	711.3148	31.711	全体(19459)/安全(17514)/全国(12835)/全(11316)/完全(10603)/全く(9606)/全部(9329)/全員(5960)/保全(5354)/全て(5177)/全然(4880)/全身(3433)/健全(2516)/全面(2167)/全般(1923)/全力(1189)/全額(1071)/不全(932)/全集(752)/万全(715)
81	代	138120	707.1371	31.944	時代(35358)/代(27316)/代表(13501)/現代(7575)/世代(5889)/近代(5655)/代わり(4102)/代理(3819)/古代(3717)/代金(1809)/年代(1583)/交代(1551)/代替(1551)/代謝(1237)/代わっ(1233)/初代(1122)/代行(753)/歴代(683)/代々(625)/代用(623)
82	書	135749	694.9982	32.173	書(28474)/書い(20943)/書か(7258)/図書(6687)/書く(6086)/書き(5618)/文書(5592)/書類(4784)/本書(2981)/秘書(1920)/書店(1885)/聖書(1654)/読書(1478)/書面(1364)/著書(1313)/書け(1277)/書記(1206)/書物(1193)/書き込み(1157)/辞書(1077)
83	考	134667	689.4586	32.400	考え(87061)/考える(17532)/参考(10229)/考慮(4085)/思考(2940)/考えれ(1967)/考察(1730)/備考(1347)/選考(1007)/考古(809)/考えよう(731)/考案(721)/考(454)/考へ(279)/考え込ん(276)/考えこん(218)/考査(197)/考え直し(195)/論考(174)/再考(172)
84	心	134322	687.6923	32.627	心(36194)/中心(20911)/心配(12141)/安心(6966)/関心(6787)/心理(5189)/心臓(3245)/初心(2609)/熱心(2083)/心身(1803)/感心(1668)/決心(1332)/心得(1200)/肝心(1194)/用心(1153)/心がけ(1148)/都心(1033)/内心(987)/心情(831)/良心(792)
85	話	133531	683.6426	32.852	話(48275)/電話(29474)/話し(15403)/会話(5209)/話題(5030)/話す(4375)/世話(4181)/話し合い(1805)/神話(1685)/対話(1568)/話しかけ(1442)/通話(1104)/受話(1085)/話し合っ(984)/話さ(975)/話せ(841)/談話(557)/手話(556)/話せる(538)/話し合う(517)
86	小	132767	679.7311	33.076	小(24919)/小さな(12638)/小さい(6867)/小説(6599)/小学(5161)/小さく(5062)/小屋(3132)/小泉(2674)/小型(2411)/小売(2112)/小林(2060)/縮小(2004)/最小(1793)/小麦(1547)/小児(1538)/小さじ(1450)/小川(1392)/小野(1149)/小沢(1020)/小物(968)
87	知	131852	675.0466	33.299	知ら(26995)/知っ(21702)/知識(9137)/知り(7394)/知れ(6764)/知る(6354)/知恵(4944)/通知(4007)/知事(4004)/承知(3918)/知的(2765)/存知(2715)/認知(2324)/知り合い(2119)/愛知(1724)/知人(1693)/知らせ(1446)/高知(1198)/周知(1155)/知(1023)
88	彼	131040	670.8894	33.520	彼(87535)/彼女(39106)/彼氏(2679)/彼方(734)/彼岸(498)/元彼(170)/彼我(106)/誰彼(61)/彼奴(46)/彼れ(31)/彼処(16)/彼方此方(12)/彼好み(8)/彼是(6)/西彼杵(6)/彼此(4)/東彼杵(4)/元彼女(3)/彼所(3)/彼の(2)
89	現	130836	669.8450	33.741	現在(34025)/表現(12624)/現実(12181)/実現(9197)/現代(7575)/現場(6940)/現象(5754)/現状(5300)/現れ(4539)/現地(4156)/現(3892)/出現(3016)/現金(2389)/現行(2263)/現われ(2013)/現れる(1712)/現に(1490)/再現(1441)/現役(1431)/発現(1081)
90	取	129501	663.0101	33.959	取引(11936)/取得(7047)/取っ(6390)/取り(4811)/取る(3957)/取締(3956)/取材(3925)/取り組み(2938)/取り上げ(2898)/取れ(2849)/取り組ん(2443)/取ら(2376)/取り出し(2364)/摂取(1967)/取り入れ(1786)/受け取っ(1736)/取り組む(1735)/取り付け(1401)/取扱(1316)/取扱い(1200)
91	以	128972	660.3018	34.177	以上(46659)/以外(19301)/以下(18956)/以前(13100)/以降(10960)/以来(8035)/以内(4817)/以後(4031)/以(1434)/所以(262)/以て(217)/以北(200)/以南(177)/以西(146)/以っ(109)/以東(69)/希以子(67)/以心(55)/以蔵(52)/玄以(39)
92	明	127628	653.4209	34.392	説明(23356)/明らか(12035)/明日(10424)/明治(9164)/証明(6564)/明確(5606)/不明(3993)/文明(3336)/明るい(3161)/透明(2828)/明るく(2557)/表明(2174)/発明(1925)/解明(1718)/照明(1586)/明(1531)/判明(1474)/明記(1457)/明け(1246)/明かり(1179)
93	最	127533	652.9345	34.607	最近(21263)/最初(20168)/最後(19097)/最も(12861)/最高(10265)/最大(9015)/最終(8152)/最(5265)/最低(4165)/最新(2411)/最小(1793)/最適(1786)/最悪(1709)/最中(1668)/最強(807)/最上(734)/最善(602)/最期(579)/最判(514)/最良(487)
94	持	124565	637.7391	34.818	持っ(34400)/気持ち(20485)/持つ(11735)/維持(8426)/持ち(6923)/持た(3976)/支持(3773)/気持(2919)/持続(2252)/持参(2185)/保持(2044)/金持ち(1462)/持ち主(1207)/持ち物(1165)/持て(1071)/所持(1002)/持ち出し(746)/持ち上げ(731)/持てる(681)/持株(564)
95	教	123997	634.8311	35.027	教え(30748)/教育(27783)/宗教(6953)/教授(6916)/教室(6644)/教(6025)/教師(5432)/教会(3949)/教科(3496)/仏教(2869)/教える(2024)/教員(1956)/教養(1538)/教材(1120)/教訓(942)/説教(920)/教団(731)/教職員(714)/教諭(527)/教官(518)
96	数	123624	632.9215	35.236	数(46152)/多数(6485)/数字(5501)/複数(4684)/件数(3798)/数値(3217)/人数(3178)/手数(2704)/数学(2579)/指数(2394)/関数(2231)/回数(2163)/数多く(2148)/数量(2126)/少数(1858)/数え(1858)/半数(1718)/数十(1679)/数々(1352)/変数(1290)
97	回	122175	625.5030	35.442	回(39195)/今回(16303)/回答(9401)/回復(6105)/回転(4532)/回収(3032)/前回(2719)/回っ(2476)/回数(2163)/回線(2104)/回り(2029)/回し(1921)/回路(1809)/次回(1733)/回避(1642)/毎回(1407)/上回っ(1218)/上回る(1203)/回る(1089)/巡回(798)
98	保	121043	619.7074	35.646	保険(26046)/保護(15159)/確保(9894)/保健(8060)/保存(7580)/保育(6101)/保障(5653)/保証(5471)/保全(5354)/保有(3496)/担保(2308)/保安(2209)/保管(2109)/保持(2044)/保守(1744)/保つ(1278)/安保(963)/保っ(953)/大久保(922)/保ち(801)
99	多	120787	618.3968	35.850	多く(37147)/多い(33049)/多数(6485)/多様(5540)/多(4621)/多少(4004)/多かっ(3633)/多分(3558)/数多く(2148)/多発(1049)/多額(847)/多摩(840)/博多(812)/多彩(767)/多量(708)/多大(651)/多々(617)/多め(588)/多角(586)/滅多(580)
100	新	120485	616.8506	36.053	新(20325)/新しい(19457)/新聞(13969)/新た(9954)/更新(4434)/新規(3861)/新宿(2807)/最新(2411)/新しく(2408)/新潟(2284)/新鮮(1953)/新設(1696)/革新(1628)/新人(1260)/新生(1189)/新築(1054)/維新(1004)/新型(985)/新品(872)/新作(819)
101	外	120364	616.2311	36.256	以外(19301)/外(18231)/外国(13394)/海外(8837)/意外(4540)/外交(3365)/外部(3182)/外務(2534)/外科(2437)/例外(2406)/外側(1724)/外出(1687)/外し(1646)/郊外(1417)/外れ(1362)/内外(1334)/外来(1247)/対外(1091)/除外(1037)/外相(1012)
102	感	120312	615.9649	36.459	感じ(41699)/感(18596)/感覚(6906)/感情(6661)/感じる(5950)/感染(4767)/感謝(4748)/感動(3662)/実感(2604)/感想(2584)/感心(1668)/予感(1313)/敏感(1264)/感触(1142)/共感(1129)/感性(1111)/感激(971)/快感(913)/直感(656)/感度(638)
103	主	116513	596.5151	36.656	主義(19980)/主(10113)/主人(9669)/主張(8266)/民主(5995)/主要(5317)/主体(4480)/株主(3678)/主な(3524)/自主(3406)/主に(2838)/主婦(2799)/主催(2185)/主題(1584)/主導(1472)/主役(1389)/主流(1307)/主任(1220)/持ち主(1207)/主演(1106)
104	市	116189	594.8563	36.852	市(51032)/都市(18556)/市場(14598)/市民(13116)/市街(2883)/市内(2345)/市販(1743)/市長(1639)/市川(949)/市政(743)/本市(482)/市税(428)/市営(386)/市町村長(343)/同市(330)/市況(307)/市外(280)/四日市(186)/市制(173)/市井(168)
105	員	115389	590.7605	37.047	委員(35490)/員(24305)/職員(8601)/議員(6135)/社員(6059)/全員(5960)/定員(4561)/会員(4027)/人員(3034)/役員(2815)/教員(1956)/店員(1573)/動員(1300)/一員(1060)/船員(840)/要員(807)/隊員(753)/教職員(714)/満員(517)/党員(388)
106	開	114915	588.3337	37.241	開発(24085)/開催(9987)/開始(9905)/展開(9313)/開い(7255)/公開(6655)/開け(6121)/開か(4294)/開く(3315)/開き(3232)/開設(2312)/開放(2270)/開示(1615)/開ける(1610)/開拓(1472)/再開(1469)/開業(1405)/開花(922)/開幕(921)/開館(759)
107	表	114466	586.0350	37.434	表(23251)/表示(15122)/代表(13501)/表現(12624)/発表(10018)/表情(8008)/表面(4669)/公表(2555)/表す(2404)/表し(2276)/表明(2174)/図表(2160)/表記(1403)/表彰(1260)/表紙(1235)/表れ(818)/地表(661)/表さ(637)/表わす(591)/諸表(556)
108	先	114359	585.4872	37.627	先(28531)/先生(26711)/先ほど(6295)/先日(4251)/優先(4159)/先輩(3452)/先着(2860)/先進(2749)/先端(2320)/先行(2194)/先頭(1491)/先週(1408)/指先(1264)/先祖(1258)/先発(921)/先物(789)/先月(780)/祖先(735)/先ず(700)/先程(683)
109	不	113114	579.1131	37.818	不(33276)/不安(10380)/不思議(6751)/不足(6343)/不明(3993)/不満(3456)/不良(2879)/不要(2464)/不幸(2444)/不可欠(2310)/不況(2130)/不正(2030)/不法(1633)/不当(1630)/不快(1431)/不可(1172)/不利(1129)/不意(1113)/不在(1098)/不倫(1083)
110	変	111966	573.2356	38.007	変化(19426)/大変(13857)/変更(11556)/変わっ(8906)/変え(8330)/変わら(5888)/変(4714)/変わり(4658)/変わる(3913)/変動(3630)/変える(3557)/変換(2182)/変形(1357)/変数(1290)/変革(1190)/変身(1084)/変っ(838)/変異(671)/変容(626)/変遷(582)
111	水	111906	572.9285	38.196	水(31745)/水準(5589)/水産(3384)/水道(2785)/清水(2298)/水分(2265)/下水(1996)/水質(1851)/水曜(1552)/水平(1533)/排水(1520)/水素(1459)/水面(1333)/海水(1329)/洪水(1189)/水戸(1136)/水田(1085)/水中(1016)/水槽(997)/潜水(951)
112	機	110881	567.6807	38.383	機(21205)/機関(20886)/機能(18949)/機会(7843)/機械(7136)/危機(5133)/機構(4731)/機器(4234)/動機(2211)/機嫌(2211)/機種(1888)/有機(1832)/契機(1333)/機動(1037)/待機(973)/機体(901)/電機(599)/機材(549)/機内(468)/投機(462)
113	使	110152	563.9485	38.569	使用(25118)/使っ(23218)/使う(13019)/使い(12273)/使わ(11528)/使え(4176)/使える(3188)/行使(2544)/大使(2156)/天使(1497)/使命(1205)/使(1100)/駆使(797)/使者(791)/労使(599)/使い分け(566)/使節(561)/使おう(521)/公使(354)/使い捨て(330)
114	等	109290	559.5353	38.753	等(92636)/高等(3344)/平等(2721)/等々(1441)/均等(1129)/等しい(1008)/同等(992)/対等(738)/等分(507)/等しく(491)/中等(484)/等級(453)/上等(444)/劣等(301)/優等(263)/初等(250)/等価(243)/不比等(154)/等身(152)/下等(143)
115	名	109232	559.2383	38.937	名(27927)/名前(15830)/有名(7578)/名古屋(3310)/名称(2917)/氏名(2914)/名誉(2030)/署名(1809)/大名(1699)/名義(1578)/名詞(1456)/指名(1455)/地名(1195)/名目(1144)/名簿(1118)/名刺(1041)/名人(924)/名物(904)/名づけ(889)/本名(837)
116	文	107906	552.4496	39.119	文化(20559)/文字(14682)/文(7612)/文書(5592)/文学(5522)/文章(5455)/注文(3986)/文明(3336)/文部(3102)/論文(3093)/文句(2945)/文献(2196)/文庫(1747)/本文(1541)/天文(1082)/文法(1031)/文芸(830)/縄文(703)/英文(652)/文脈(631)
117	期	107580	550.7805	39.301	期間(17509)/期(17394)/時期(13807)/期待(12493)/長期(5924)/初期(4771)/定期(4041)/期限(3455)/早期(2909)/後期(2790)/短期(2530)/期日(1529)/同期(1508)/中期(1487)/前期(1288)/末期(1219)/周期(1172)/任期(973)/画期(707)/延期(681)
118	民	106547	545.4918	39.481	国民(21043)/市民(13116)/住民(9745)/民間(7380)/民族(6039)/民主(5995)/民(4890)/自民(3021)/公民(2692)/人民(2547)/農民(2320)/民営(1981)/植民(1974)/民衆(1934)/民法(1758)/移民(1452)/庶民(1414)/区民(1391)/民事(1175)/難民(1024)
119	五	106257	544.0071	39.660	五(79604)/五十(12538)/五百(2866)/五千(1843)/五輪(1164)/五、六(595)/五郎(532)/四、五(486)/五十嵐(283)/五感(277)/五条(257)/五入(217)/五島(180)/五行(177)/七五三(153)/五日市(149)/五体(127)/五穀(119)/五色(118)/五目(113)
120	経	104856	536.8344	39.837	経済(33263)/経営(16621)/経験(14803)/神経(7757)/経(5390)/経過(5092)/経費(3972)/経っ(1985)/経緯(1849)/経由(1547)/経路(1307)/経常(1241)/日経(1122)/経理(960)/経歴(824)/経つ(667)/義経(590)/月経(441)/経ち(409)/経典(316)
121	世	104566	535.3496	40.014	世界(42903)/世紀(13377)/世(5926)/世代(5889)/世帯(5610)/世話(4181)/世の中(3760)/世間(3658)/この世(2601)/中世(2242)/世論(1533)/世田谷(1247)/出世(1015)/近世(886)/後世(759)/世俗(405)/浮世(398)/あの世(386)/現世(361)/救世(345)
122	道	103833	531.5969	40.189	道(27159)/道路(12036)/鉄道(5310)/北海道(5203)/報道(4450)/道具(4042)/水道(2785)/道徳(2026)/国道(1695)/街道(1536)/軌道(1478)/歩道(1315)/修道(1178)/道場(1047)/東海道(807)/神道(768)/柔道(738)/人道(643)/林道(641)/武道(596)
123	食	103719	531.0132	40.364	食べ(23284)/食事(10491)/食べる(7347)/食(6347)/食品(5712)/食べ物(2676)/夕食(2585)/食料(2582)/食糧(2040)/朝食(2001)/昼食(1941)/食堂(1595)/食物(1590)/食材(1477)/食欲(1436)/給食(1375)/飲食(1330)/食っ(1303)/食器(1161)/食卓(995)
124	面	103648	530.6497	40.539	面(16521)/画面(6528)/表面(4669)/面白い(4583)/場面(4398)/面積(4390)/面倒(3947)/方面(3286)/正面(3282)/側面(3246)/地面(2499)/面接(2309)/全面(2167)/一面(1834)/真面目(1601)/当面(1525)/直面(1423)/書面(1364)/斜面(1346)/水面(1333)
125	政	103318	528.9602	40.713	政府(24867)/政治(17438)/行政(13745)/政策(13456)/財政(8126)/政権(5122)/政令(2799)/政党(1940)/郵政(1586)/市政(743)/政務(626)/政(604)/政界(526)/農政(525)/国政(483)/家政(430)/内政(351)/安政(340)/寛政(325)/行財政(315)
126	山	103059	527.6342	40.887	山(20478)/山本(3334)/沢山(2631)/山口(2490)/山田(2366)/登山(1789)/火山(1682)/岡山(1535)/山崎(1375)/山形(1369)/中山(1331)/和歌山(1225)/青山(1083)/片山(1051)/山頂(1018)/高山(990)/富山(975)/山中(904)/山岳(870)/山下(868)
127	少	102329	523.8968	41.060	少し(33133)/少なく(12235)/少年(10872)/少ない(9458)/減少(9451)/少女(4840)/多少(4004)/少々(3620)/青少年(2628)/少数(1858)/少量(1143)/少なかっ(885)/少子(872)/少なから(681)/少(651)/少佐(621)/年少(495)/少額(475)/少将(425)/幼少(422)
128	々	102131	522.8831	41.232	人々(15614)/我々(5659)/様々(4357)/方々(4144)/色々(4027)/日々(3901)/少々(3620)/次々(3392)/個々(2960)/時々(2683)/徐々(2614)/堂々(1652)/等々(1441)/数々(1352)/種々(1350)/佐々木(1318)/久々(1276)/国々(1270)/年々(1173)/々(1129)
129	活	101678	520.5639	41.404	生活(42167)/活動(31444)/活用(7655)/活躍(4777)/活性(4053)/復活(2650)/活発(2247)/活力(1256)/活かし(665)/活字(646)/活気(635)/部活(617)/活(447)/活かす(234)/快活(188)/活き(150)/活路(111)/活況(110)/活き活き(108)/利活用(103)
130	相	101264	518.4443	41.575	相手(28843)/相談(18370)/相当(8686)/相(7507)/相互(5550)/首相(4987)/相続(3707)/相対(2439)/相場(2394)/相違(1696)/相性(1313)/相撲(1153)/外相(1012)/真相(929)/相関(919)/様相(706)/相殺(674)/相応(673)/相棒(476)/相模(402)
131	結	100395	513.9953	41.744	結果(29489)/結婚(16725)/結局(9597)/結構(7683)/結論(4053)/結合(2952)/締結(2502)/連結(2251)/結ぶ(1938)/結ん(1718)/結成(1655)/結核(1303)/結ば(1239)/結び(1231)/結晶(1160)/結びつい(1050)/終結(899)/結びつき(804)/凍結(769)/結びつけ(743)
132	四	100139	512.6846	41.913	四(74441)/四十(10484)/四百(1730)/四国(1326)/四方(1034)/四千(996)/四季(921)/四半(795)/四郎(677)/四角(652)/四、五(486)/四条(479)/四角い(404)/四川(337)/四肢(290)/四谷(261)/四球(236)/四捨(215)/四隅(195)/三、四(186)
133	産	96686	495.0062	42.076	生産(19395)/産業(15661)/資産(8881)/財産(6599)/動産(4242)/産(3701)/共産(3604)/水産(3384)/出産(3063)/遺産(1910)/倒産(1626)/産地(1591)/土産(1511)/通産(1309)/破産(1291)/国産(1251)/農産(1161)/産ん(854)/産物(776)/原産(767)
134	向	96519	494.1512	42.239	向け(14932)/方向(11552)/向かっ(9471)/傾向(8842)/向上(7518)/動向(4087)/向こう(3841)/向かう(3225)/向い(3053)/向き(2478)/志向(1781)/向かい(1723)/意向(1446)/向ける(1241)/前向き(1190)/向っ(1018)/一向(871)/向う(830)/日向(736)/振り向い(620)
135	品	95775	490.3421	42.401	品(19257)/商品(16367)/作品(16092)/製品(8748)/出品(7694)/食品(5712)/品質(2706)/部品(2614)/品種(1883)/品目(1616)/品物(1261)/上品(979)/物品(939)/新品(872)/品川(771)/薬品(674)/返品(562)/産品(464)/景品(381)/下品(318)
136	題	95670	489.8045	42.562	問題(71463)/課題(8555)/話題(5030)/主題(1584)/放題(1004)/宿題(883)/題(733)/題名(688)/題材(649)/議題(631)/命題(548)/題し(488)/表題(426)/題する(338)/本題(304)/出題(298)/例題(240)/難題(206)/題目(182)/原題(163)
137	無	95403	488.4376	42.723	無(15784)/無理(9512)/無い(9035)/無料(8558)/無視(4340)/無事(3167)/無駄(2762)/無線(2719)/有無(2164)/無く(1896)/無限(1570)/無効(1418)/無し(1363)/無言(1315)/無かっ(1189)/無数(1172)/無償(1097)/無用(860)/無縁(832)/無難(810)
138	受	95296	487.8898	42.884	受け(30666)/受ける(9064)/受付(4044)/受け入れ(3664)/受験(2893)/受診(2414)/受信(2281)/受講(2262)/受賞(1894)/受け付け(1837)/受給(1820)/受け取っ(1736)/引き受け(1234)/受け入れる(1148)/受け取る(1147)/受話(1085)/受注(1047)/受容(1034)/受け止め(1028)/受け取り(936)
139	設	93417	478.2698	43.042	施設(22566)/設定(14845)/建設(12038)/設置(11017)/設備(7016)/設計(5415)/設立(4862)/設け(4569)/開設(2312)/創設(2046)/新設(1696)/設ける(1043)/増設(603)/常設(341)/仮設(339)/併設(303)/敷設(283)/設問(276)/特設(263)/移設(184)
140	必	92937	475.8123	43.198	必要(70605)/必ず(13621)/必死(2957)/必然(1444)/必着(1161)/必須(1032)/必需(452)/必至(356)/必殺(285)/必見(228)/必勝(175)/必修(95)/必定(79)/必(75)/必携(70)/必らず(49)/必読(46)/未必(31)/必置(21)/必聴(19)
141	近	92712	474.6604	43.355	最近(21263)/近く(14396)/近い(9206)/近代(5655)/近年(4312)/近所(3709)/近づい(3386)/付近(3354)/身近(2704)/近づく(1560)/接近(1384)/近隣(1128)/近藤(1082)/近江(916)/近世(886)/近づき(829)/間近(817)/近畿(791)/近づけ(780)/近(729)
142	味	92599	474.0818	43.511	意味(39073)/味(9273)/興味(8211)/趣味(3469)/気味(3310)/美味しい(3157)/味噌(2491)/味方(1990)/味わい(1444)/風味(1202)/調味(1192)/味わっ(1043)/美味しかっ(934)/地味(928)/味わう(793)/美味しく(788)/味付け(637)/甘味(607)/吟味(550)/美味し(529)
143	調	92309	472.5971	43.667	調査(29492)/調べ(9576)/調整(9547)/調子(4022)/強調(3637)/口調(3160)/調理(2682)/調達(2558)/調べる(2462)/体調(1940)/調節(1767)/調和(1679)/順調(1673)/調停(1484)/調味(1192)/協調(1126)/調(1083)/好調(1008)/基調(922)/調書(653)
144	利	91476	468.3324	43.821	利用(35310)/利益(10210)/権利(9061)/便利(4332)/金利(3615)/勝利(3493)/有利(2153)/利子(1550)/利害(1302)/不利(1129)/利息(1119)/営利(1004)/利点(996)/利(815)/足利(763)/毛利(716)/利便(706)/利潤(652)/利回り(579)/利休(544)
145	加	91255	467.2009	43.975	参加(21851)/増加(15143)/加え(12197)/加入(5000)/追加(4507)/加工(4285)/加える(2310)/加減(2090)/加藤(1989)/加盟(1889)/加速(1747)/付加(1591)/加わっ(1558)/加熱(1201)/加算(1125)/添加(969)/加害(915)/加わる(789)/付け加え(600)/加わり(593)
146	田	90345	462.5420	44.128	田中(3983)/吉田(2433)/山田(2366)/田舎(2147)/秋田(1864)/田(1678)/武田(1564)/池田(1390)/岡田(1248)/世田谷(1247)/太田(1223)/上田(1189)/織田(1174)/和田(1107)/前田(1094)/福田(1091)/水田(1085)/神田(1061)/成田(1050)/豊田(1041)
147	能	90249	462.0505	44.280	可能(36370)/機能(18949)/能力(12501)/性能(3148)/芸能(2646)/才能(2068)/能(2026)/技能(1808)/本能(1398)/不能(1067)/知能(834)/堪能(691)/万能(592)/能率(569)/有能(562)/能登(465)/官能(418)/効能(385)/能動(327)/無能(320)
148	円	90061	461.0880	44.432	円(80310)/円滑(2168)/円高(1229)/円形(697)/楕円(434)/円盤(405)/円筒(332)/円満(330)/円安(324)/円柱(249)/後円(249)/円錐(227)/円周(155)/慈円(103)/円仁(97)/円山(96)/円板(93)/円卓(92)/半円(83)/大円(81)
149	点	89825	459.8797	44.584	点(42629)/時点(6323)/観点(4938)/視点(3686)/重点(2570)/拠点(2510)/地点(2025)/点検(2025)/焦点(1669)/得点(1479)/欠点(1209)/頂点(1075)/利点(996)/点数(958)/原点(891)/弱点(627)/点滴(609)/満点(608)/失点(568)/論点(545)
150	料	89743	459.4599	44.735	料(17971)/資料(13988)/料理(12796)/材料(8872)/無料(8558)/料金(6048)/燃料(3528)/食料(2582)/給料(2441)/原料(2052)/送料(1579)/肥料(1426)/有料(1421)/史料(1162)/飲料(1130)/飼料(841)/試料(520)/料亭(452)/塗料(433)/衣料(341)
151	付	89703	459.2551	44.886	付け(7582)/付き(4577)/交付(4398)/給付(4365)/付(4282)/受付(4044)/付い(3922)/付近(3354)/納付(2494)/付き合い(2308)/付き合っ(2137)/受け付け(1837)/付加(1591)/付属(1556)/貸付(1537)/取り付け(1401)/付ける(1397)/添付(1379)/送付(1326)/日付(1202)
152	九	89349	457.4427	45.037	九(79513)/九州(3421)/九十(2399)/九百(740)/九千(487)/北九州(485)/九郎(219)/九十九里(198)/九九(194)/新九郎(142)/九谷(98)/九条(95)/九重(85)/九龍(74)/勘九郎(70)/九紫(66)/九鬼(66)/九能(65)/庄九郎(58)/九死(48)
153	正	88737	454.3095	45.187	改正(8485)/正しい(5407)/正確(4992)/正直(4174)/正(3580)/適正(3570)/修正(3490)/正面(3282)/大正(3278)/正月(2705)/正しく(2562)/正式(2538)/正常(2506)/正当(2416)/公正(2309)/正午(2058)/不正(2030)/正義(1939)/正解(1601)/補正(1557)
154	重	88135	451.2274	45.336	重要(22636)/重(8037)/重視(3894)/重ね(3507)/体重(3419)/重い(3349)/重大(2963)/慎重(2722)/貴重(2683)/重点(2570)/尊重(2278)/重く(1634)/重量(1596)/三重(1032)/重なっ(997)/重力(889)/積み重ね(881)/重複(809)/重ねる(774)/重み(764)
155	特	87896	450.0038	45.484	特に(19942)/特別(15396)/特定(11060)/特徴(8900)/特殊(5041)/特性(3244)/特許(3083)/特例(2509)/独特(2189)/特有(1453)/特集(1415)/特色(1363)/特権(1127)/特異(1121)/特急(1030)/特典(694)/特質(586)/特産(522)/特約(431)/特(404)
156	身	87456	447.7511	45.632	自身(16835)/身(16184)/身体(11638)/出身(5054)/全身(3433)/中身(3172)/身分(2754)/身近(2704)/心身(1803)/半身(1760)/身長(1481)/独身(1436)/変身(1084)/身内(898)/刺身(744)/単身(649)/身元(626)/終身(573)/身動き(444)/人身(406)
157	連	87431	447.6231	45.779	連絡(12073)/関連(11282)/連れ(7626)/連続(5391)/ソ連(4848)/連合(4754)/連携(4014)/連中(3672)/国連(3432)/連邦(2661)/連結(2251)/一連(1899)/連(1842)/連載(1455)/連盟(1291)/連帯(1171)/連鎖(1045)/連休(1012)/連想(945)/連日(746)
158	平	87310	447.0036	45.927	平成(24690)/平均(9380)/平和(6377)/太平(3038)/平等(2721)/平気(2178)/公平(1826)/平(1752)/平安(1635)/平日(1619)/水平(1533)/平野(1308)/平面(1049)/平行(1043)/平凡(899)/平方(871)/松平(808)/平家(694)/和平(671)/平ら(645)
159	公	87219	446.5377	46.074	公共(10059)/公園(9762)/公開(6655)/公(6103)/公害(4480)/公務(3495)/公的(2972)/公民(2692)/公式(2566)/公表(2555)/公正(2309)/公演(2000)/公平(1826)/公益(1653)/公団(1639)/公衆(1442)/公社(1377)/公立(1321)/公庫(1092)/公営(887)
160	務	87098	445.9182	46.221	事務(16205)/業務(11728)/義務(8103)/債務(6062)/勤務(5241)/総務(4134)/公務(3495)/国務(3293)/財務(2788)/職務(2538)/外務(2534)/法務(2327)/税務(1918)/任務(1854)/務め(1642)/実務(1487)/刑務(1265)/労務(944)/主務(929)/役務(918)
161	在	86833	444.5615	46.367	現在(34025)/存在(24114)/在住(3048)/所在(2413)/滞在(2229)/在庫(1758)/在宅(1749)/潜在(1403)/在り(1189)/在日(1101)/不在(1098)/実在(1027)/在学(929)/自在(766)/駐在(696)/在勤(656)/在(564)/在籍(561)/在留(488)/在来(473)
162	次	86426	442.4778	46.513	次(50655)/次第(6602)/次々(3392)/次元(2209)/次回(1733)/次いで(1436)/次い(1367)/次郎(1096)/次男(1075)/次官(1023)/年次(905)/順次(904)/次ぐ(701)/次女(467)/次期(450)/次長(444)/次項(361)/次条(353)/逐次(322)/高次(299)
163	切	86211	441.3770	46.659	大切(12472)/切っ(6541)/適切(5900)/切り(4328)/切れ(4211)/一切(3480)/切る(3282)/親切(1681)/切り替え(1289)/切ら(1194)/思い切っ(1015)/切手(1014)/切断(1006)/切符(809)/切れる(759)/裏切り(598)/締切(595)/切除(587)/薄切り(566)/切開(563)
164	制	86045	440.5271	46.804	制度(24274)/体制(9396)/制(8997)/規制(7955)/制限(6693)/強制(3625)/抑制(3236)/制定(2849)/制作(2474)/制御(2248)/制約(1928)/税制(1662)/統制(1373)/制服(1282)/法制(1093)/制裁(694)/制し(612)/管制(520)/先制(477)/制覇(421)
165	記	85837	439.4622	46.949	記録(10291)/記事(8575)/記憶(7885)/記載(6757)/記念(6567)/記者(4600)/登記(3864)/記(3645)/日記(3581)/記述(3498)/記入(3189)/上記(2976)/下記(2106)/記し(2026)/記号(1881)/記さ(1821)/明記(1457)/表記(1403)/書記(1206)/前記(954)
166	戦	85398	437.2147	47.093	戦争(14107)/戦(10044)/戦後(5390)/戦略(5260)/戦い(4293)/作戦(3466)/挑戦(3236)/戦闘(3198)/大戦(2696)/戦前(1671)/戦場(1324)/敗戦(1307)/戦っ(1274)/戦う(1247)/戦車(1227)/合戦(1106)/戦国(1062)/終戦(1002)/対戦(980)/戦時(979)
167	指	85259	436.5030	47.237	指導(17116)/指定(13034)/指摘(10616)/指(7075)/指示(5193)/目指し(3581)/指揮(3229)/目指す(2501)/指数(2394)/指標(2150)/指針(1863)/指す(1545)/指し(1534)/指名(1455)/指先(1264)/親指(1112)/指輪(1093)/指令(1041)/指紋(919)/指さし(843)
168	進	85253	436.4723	47.381	推進(15990)/進め(9759)/促進(7705)/進ん(6314)/進行(4141)/進む(3856)/進める(3301)/進展(3133)/先進(2749)/進出(2709)/進み(2500)/進歩(2370)/進化(2108)/進学(1502)/増進(1481)/前進(1359)/進ま(1035)/進(949)/進路(903)/昇進(647)
169	情	84740	433.8459	47.524	情報(39389)/表情(8008)/事情(7587)/感情(6661)/情勢(2673)/苦情(2491)/愛情(2264)/情熱(1494)/実情(1402)/同情(1146)/友情(957)/情(940)/心情(831)/情緒(816)/情けない(765)/情景(616)/風情(588)/人情(517)/情動(355)/情況(332)
170	原	84444	432.3304	47.666	原因(13144)/原則(7694)/原子(7433)/原(3247)/原理(3235)/原稿(2257)/藤原(2118)/原料(2052)/高原(1442)/原作(1256)/原油(1210)/石原(1181)/原価(1171)/原爆(922)/原点(891)/原田(880)/原産(767)/原始(732)/原型(727)/原告(689)
171	安	84336	431.7775	47.808	安全(17514)/安定(10922)/不安(10380)/安心(6966)/安い(4338)/安く(3179)/保安(2209)/安(1759)/平安(1635)/目安(1269)/治安(1037)/安保(963)/安打(840)/安易(837)/安堵(805)/公安(775)/安田(699)/安価(673)/安倍(629)/安藤(597)
172	決	83922	429.6580	47.950	決定(15705)/決め(10042)/解決(9603)/決して(6788)/決まっ(5329)/判決(3743)/決める(2977)/決算(2741)/決議(2614)/決意(2354)/決勝(1895)/決まり(1874)/決断(1757)/議決(1505)/決まる(1338)/決心(1332)/決済(1299)/対決(1193)/決着(770)/可決(664)
173	聞	83721	428.6289	48.091	聞い(26475)/新聞(13969)/聞き(10185)/聞く(7391)/聞か(6143)/聞こえ(5861)/聞こえる(1797)/聞け(1298)/聞かさ(1027)/言い聞かせ(534)/聞え(463)/読み聞かせ(452)/聞こう(407)/聞き手(383)/聞き取り(338)/聞ける(322)/見聞(275)/聞(263)/聞き取れ(256)/聞きつけ(232)
174	画	83526	427.6305	48.232	計画(27585)/映画(14317)/画像(7343)/画面(6528)/企画(5505)/画(2818)/漫画(1999)/絵画(1676)/動画(1652)/画家(1645)/録画(1302)/参画(1268)/区画(1232)/画期(707)/画質(695)/画素(634)/描画(550)/版画(435)/洋画(368)/壁画(362)
175	解	82760	423.7088	48.372	理解(18758)/解決(9603)/解釈(5024)/解説(4332)/解放(3463)/解消(3230)/見解(3061)/分解(2224)/解散(2024)/解除(2005)/誤解(1971)/解明(1718)/解析(1658)/正解(1601)/解体(1447)/了解(1247)/解剖(1081)/解答(1079)/解雇(1024)/解約(927)
176	別	82661	423.2020	48.511	別(31534)/特別(15396)/別れ(4439)/差別(3816)/個別(3531)/区別(3464)/性別(1284)/分別(1063)/別々(1020)/識別(929)/別途(768)/別荘(745)/別れる(733)/別名(620)/格別(566)/種別(561)/別府(526)/大別(516)/別居(491)/別表(477)
177	計	82456	422.1524	48.651	計画(27585)/計算(10441)/会計(6465)/設計(5415)/統計(5405)/合計(4739)/時計(4686)/計(3810)/計上(2074)/余計(1802)/家計(1627)/推計(1286)/集計(1209)/計測(1052)/計量(707)/生計(593)/累計(383)/計っ(344)/計る(295)/総計(242)
178	〇	82153	420.6012	48.789	〇(82119)/（⌒〇⌒）(6)/（−＾〇＾−）(5)/（；゜〇゜）(3)/（￣〇￣；）(3)/（＾〇＾）(2)/（￣〇￣）(2)/　〇二年三月十五日号(1)/　〇四年三月期連結決算(1)/　〇四年国内新車販売(1)/〇一年度当初予算比三(1)/〇三年八月五日午前九時(1)/〇三式複合銃(1)/〇二年三月期単独決算(1)/〇二年度予算概算要求(1)/〇四年秋季東北地区大会(1)/〇沢(1)/福〇(1)/（†〇†）(1)/（゜〇゜）(1)
179	資	82029	419.9663	48.928	資料(13988)/投資(12819)/資金(11188)/資本(9122)/資産(8881)/資源(6455)/資格(6100)/融資(3468)/出資(2139)/資する(1412)/物資(1135)/資質(972)/資材(892)/外資(880)/増資(314)/資生(297)/投融資(274)/原資(266)/資機材(256)/資力(156)
180	車	81478	417.1453	49.065	車(45238)/電車(4767)/駐車(4660)/列車(3468)/車両(3310)/乗車(1285)/戦車(1227)/車内(1042)/下車(1038)/汽車(940)/停車(932)/馬車(927)/車体(840)/新車(689)/車種(610)/車検(593)/車輪(498)/車線(483)/車輌(481)/車庫(428)
181	状	80930	414.3397	49.202	状況(28155)/状態(25380)/状(7245)/症状(6459)/現状(5300)/形状(1416)/甲状(648)/病状(611)/書状(486)/環状(473)/白状(271)/令状(251)/液状(250)/実状(194)/惨状(194)/性状(185)/棒状(182)/礼状(171)/原状(155)/賞状(140)
182	口	80343	411.3344	49.337	口(22538)/人口(8931)/窓口(3368)/口調(3160)/口座(3098)/山口(2490)/入口(2181)/入り口(1709)/出口(1202)/一口(1148)/悪口(843)/川口(689)/河口(649)/戸口(633)/口腔(626)/口元(584)/開口(566)/野口(558)/口頭(555)/手口(547)
183	図	80256	410.8890	49.473	図(38614)/図る(9430)/図書(6687)/地図(3942)/意図(3068)/図っ(2937)/図表(2160)/図り(1836)/図ら(1283)/合図(1006)/図形(809)/構図(777)/図面(768)/図式(458)/絵図(390)/指図(364)/図鑑(356)/図ろう(301)/系図(228)/作図(218)
184	電	80231	410.7610	49.608	電話(29474)/電気(8347)/電子(6610)/電車(4767)/発電(3136)/電力(2198)/電源(2028)/電池(1837)/電波(1829)/電流(1363)/家電(1043)/電圧(1004)/電磁(978)/充電(908)/電灯(777)/電電(770)/電(656)/電動(619)/電報(601)/電機(599)
185	続	79243	405.7027	49.742	続け(15507)/続い(7818)/続く(5665)/連続(5391)/続ける(5351)/継続(5037)/接続(4798)/手続(4324)/手続き(4214)/続き(3730)/相続(3707)/引き続き(3640)/持続(2252)/存続(1400)/続々(604)/続(477)/続出(410)/続か(395)/続行(378)/勤続(352)
186	信	79050	404.7146	49.875	通信(11812)/信じ(8290)/信頼(5736)/自信(5234)/信用(4735)/信仰(3252)/信長(3041)/信号(2710)/確信(2308)/受信(2281)/送信(1939)/発信(1550)/信託(1535)/信じる(1341)/信念(1147)/返信(1079)/信者(1000)/不信(983)/配信(817)/信(776)
187	強	78266	400.7008	50.007	強い(14357)/強く(10280)/勉強(9119)/強化(7512)/強(3981)/強調(3637)/強制(3625)/強力(2474)/強烈(1585)/強度(1232)/強め(1151)/強盗(1119)/強引(1116)/強かっ(965)/補強(937)/増強(881)/最強(807)/強まっ(603)/力強い(557)/強要(546)
188	男	77962	399.1444	50.139	男(40442)/男性(13236)/男女(5602)/男子(4088)/男の子(3331)/長男(2066)/次男(1075)/男児(380)/大男(367)/男爵(345)/男優(198)/鉄男(194)/二男(193)/男前(177)/美男(153)/国男(143)/嫡男(137)/邦男(125)/下男(124)/小男(123)
189	神	77641	397.5009	50.270	神(15688)/精神(15012)/神経(7757)/神社(4574)/神戸(3054)/阪神(2720)/神奈川(1985)/神話(1685)/神秘(1207)/神田(1061)/神々(897)/女神(880)/神宮(807)/神殿(801)/神道(768)/神聖(745)/神父(681)/天神(634)/大神(462)/神学(445)
190	引	77605	397.3166	50.401	取引(11936)/引き続き(3640)/引い(3194)/引用(2519)/引く(2021)/引き(1767)/引き上げ(1525)/引退(1390)/割引(1371)/引き受け(1234)/引か(1217)/引き出し(1180)/引っ越し(1146)/強引(1116)/引き下げ(834)/引っ張っ(784)/引越し(774)/引き起こす(771)/引き出す(698)/引っ張り(691)
191	有	77423	396.3848	50.532	有名(7578)/有効(7402)/所有(6855)/有する(4572)/保有(3496)/共有(2985)/有り(2305)/有無(2164)/有利(2153)/有力(2127)/有し(2106)/有(2026)/有機(1832)/固有(1765)/国有(1651)/特有(1453)/有料(1421)/有害(1411)/有る(1186)/有価(909)
192	報	77255	395.5247	50.662	情報(39389)/報告(15364)/報道(4450)/広報(2715)/報酬(2684)/通報(1444)/予報(1154)/警報(969)/報(748)/報じ(730)/年報(665)/報復(608)/電報(601)/速報(430)/諜報(381)/日報(380)/新報(357)/月報(293)/報い(291)/報わ(241)
193	込	76397	391.1320	50.791	申込(6299)/申し込み(4251)/申込み(1928)/込め(1640)/見込み(1485)/書き込み(1157)/込み(998)/飛び込ん(962)/巻き込ま(845)/落ち込ん(824)/見込ま(804)/突っ込ん(783)/税込(732)/振込(707)/思い込ん(695)/乗り込ん(650)/込ん(620)/振込み(619)/入り込ん(593)/持ち込ん(553)
194	東	75460	386.3348	50.918	東京(29457)/東(8815)/関東(3687)/東北(3124)/東洋(1878)/東西(1675)/東南(1674)/東海(1380)/東大(1138)/東部(1022)/東方(895)/東海道(807)/中東(797)/東側(734)/伊東(721)/広東(638)/極東(587)/東亜(539)/北東(538)/東欧(524)
195	条	75392	385.9867	51.045	条(40361)/条件(15066)/条約(5308)/条例(2361)/同条(1595)/前条(1487)/条項(1313)/北条(944)/三条(596)/条文(582)/一条(487)/四条(479)/信条(427)/二条(365)/本条(364)/次条(353)/箇条(288)/西条(258)/五条(257)/東条(247)
196	基	74997	383.9644	51.172	基本(23663)/基準(13817)/基礎(7968)/基づく(4511)/基盤(4128)/基づき(3787)/基づい(3689)/基地(3240)/基金(2354)/基(2284)/基調(922)/塩基(562)/基幹(553)/基板(324)/労基(297)/基底(257)/住基(175)/基軸(172)/基部(155)/基通(144)
197	確	74576	381.8090	51.298	確認(17181)/確か(11978)/確保(9894)/明確(5606)/確実(5033)/正確(4992)/確立(4559)/確定(4164)/確信(2308)/確率(2296)/確かめ(1862)/的確(1792)/確かめる(805)/確固(375)/確証(265)/確執(191)/不確か(154)/適確(137)/確かめよう(129)/確変(118)
198	置	74513	381.4864	51.424	位置(12143)/設置(11017)/措置(10964)/置い(8859)/装置(5321)/置か(4431)/配置(4062)/置く(3343)/置き(2954)/放置(2131)/処置(1936)/留置(685)/置き換え(506)/安置(414)/置換(313)/置き去り(279)/置(262)/置け(251)/前置き(243)/物置(225)
199	八	74397	380.8925	51.549	八(58959)/八十(3317)/八百(1331)/八幡(1059)/八千(799)/八王子(413)/八郎(403)/八方(353)/八木(311)/八雲(276)/八戸(250)/七、八(225)/八百屋(221)/尺八(220)/八代(218)/八重(160)/八坂(155)/平八郎(146)/八ヶ岳(145)/八重山(134)
200	質	73069	374.0935	51.672	質問(23378)/物質(8075)/質(7566)/実質(4043)/性質(3807)/本質(3101)/品質(2706)/水質(1851)/体質(1783)/質疑(1191)/質量(1002)/資質(972)/悪質(794)/良質(727)/画質(695)/質的(674)/人質(609)/異質(605)/特質(586)/脂質(577)
201	係	73042	373.9553	51.796	関係(57556)/係る(8326)/係(4323)/係数(877)/係長(316)/係員(285)/係属(239)/係り(192)/係争(166)/係わる(154)/係官(144)/係留(94)/連係(83)/係わり(52)/係わっ(45)/定係(39)/係累(25)/係わら(17)/關係(16)/係ら(14)
202	語	72593	371.6565	51.918	語(21142)/英語(8133)/言語(6283)/物語(6269)/語っ(4201)/語る(3183)/用語(2286)/語り(1769)/国語(1686)/単語(1588)/語ら(1497)/落語(712)/物語っ(619)/敬語(602)/語学(601)/語源(573)/主語(485)/語りかけ(423)/語句(386)/語彙(381)
203	様	72488	371.1190	52.041	様(27651)/同様(11895)/様子(9610)/多様(5540)/様々(4357)/模様(3254)/様式(2391)/仕様(2096)/異様(943)/様相(706)/一様(693)/態様(510)/有様(491)/貴様(438)/文様(375)/左様(158)/紋様(148)/様変わり(125)/有り様(88)/外様(82)
204	野	72432	370.8323	52.163	分野(8875)/野菜(6844)/野球(4766)/長野(1968)/上野(1790)/野(1627)/視野(1577)/野生(1387)/平野(1308)/野郎(1184)/小野(1149)/野村(1074)/中野(1020)/野党(908)/林野(907)/吉野(872)/大野(834)/高野(787)/佐野(711)/野外(704)
205	六	71212	364.5862	52.283	六(57343)/六十(6725)/六百(1325)/六千(865)/六本木(621)/五、六(595)/双六(314)/六甲(278)/六角(272)/六、七(171)/六条(166)/小六(128)/六郷(103)/六郎(97)/五十六(89)/六兵衛(81)/平六(78)/六波羅(74)/六助(73)/六道(72)
206	組	70984	363.4189	52.403	組織(15643)/組合(8437)/組(7101)/番組(6610)/仕組み(3311)/組み合わせ(3078)/取り組み(2938)/取り組ん(2443)/組ん(1805)/取り組む(1735)/枠組み(1439)/取組(1147)/組み立て(897)/組み(786)/組む(610)/取組み(567)/組み込ま(546)/乗組(487)/労組(468)/組成(467)
207	仕	70493	360.9051	52.522	仕事(37462)/仕方(5033)/仕組み(3311)/仕上げ(2209)/仕様(2096)/仕掛け(1575)/仕方ない(1520)/奉仕(1144)/仕入れ(1047)/仕立て(801)/仕え(735)/仕方なく(723)/仕上がり(721)/仕草(566)/仕事場(502)/仕上げる(474)/仕える(376)/仕切り(375)/仕入(344)/仕業(310)
208	集	70432	360.5928	52.641	集団(7062)/募集(6571)/集中(6099)/編集(5702)/集め(5579)/集(4640)/集まっ(3770)/収集(3484)/集合(2867)/集落(2269)/集会(1844)/集まり(1777)/特集(1415)/集まる(1356)/集積(1347)/集計(1209)/集める(1110)/集約(985)/全集(752)/採集(526)
209	初	70233	359.5740	52.759	最初(20168)/初めて(14268)/初(6712)/初め(4919)/初期(4771)/当初(4510)/初心(2609)/初日(1163)/初代(1122)/初頭(999)/初回(690)/初夏(546)/初級(471)/初歩(434)/初旬(297)/初演(287)/初等(250)/初恋(248)/初年(239)/初版(236)
210	万	70199	359.3999	52.878	万(60983)/万一(774)/万全(715)/万が一(681)/万葉(665)/万能(592)/万事(443)/万博(398)/万歳(322)/万国(311)/万物(297)/万引き(250)/万里(171)/万人(166)/万次郎(158)/伊万里(139)/万別(133)/万端(126)/千万(109)/万世(107)
211	果	70123	359.0108	52.996	結果(29489)/効果(19076)/成果(4987)/果たし(3494)/果たす(1888)/果て(1852)/果たして(1501)/果物(1140)/果実(1111)/因果(773)/果樹(490)/果汁(333)/果し(313)/果たせ(313)/果たさ(297)/果敢(282)/果して(263)/果てし(237)/果(236)/果肉(199)
212	議	70030	358.5347	53.114	会議(11820)/議論(7866)/不思議(6751)/協議(6567)/議員(6135)/審議(5401)/議会(4386)/決議(2614)/議長(1833)/異議(1582)/議決(1505)/抗議(1381)/論議(1317)/衆議(1269)/閣議(930)/参議(878)/議事(808)/評議(715)/議題(631)/討議(572)
213	真	69312	354.8587	53.231	写真(26548)/真(5502)/真剣(3113)/真実(2989)/真ん中(1943)/真理(1667)/真面目(1601)/真似(1431)/真っ赤(1176)/真相(929)/真っ白(769)/真田(687)/真珠(686)/真っ(659)/真空(557)/真っ暗(546)/真夏(516)/真っ先(499)/真っ黒(497)/真意(446)
214	和	69108	353.8143	53.348	昭和(25921)/平和(6377)/緩和(2717)/共和(2464)/大和(1982)/和(1896)/調和(1679)/和歌山(1225)/違和(1123)/和田(1107)/浦和(915)/和解(827)/和歌(725)/和平(671)/和風(608)/和尚(605)/和食(488)/和室(466)/和泉(448)/和え(420)
215	得	69030	353.4149	53.464	得(23346)/所得(9338)/得る(7365)/取得(7047)/納得(4735)/獲得(3631)/得意(3114)/説得(2228)/得点(1479)/心得(1200)/習得(1092)/利得(415)/得よう(305)/修得(272)/得策(247)/得体(228)/既得(195)/体得(192)/得票(187)/買い得(182)
216	約	68903	352.7647	53.580	約(26492)/契約(13608)/約束(5878)/予約(5617)/条約(5308)/制約(1928)/節約(1329)/集約(985)/解約(927)/婚約(924)/規約(914)/要約(800)/締約(448)/約款(446)/特約(431)/協約(391)/旧約(376)/公約(365)/約定(323)/誓約(213)
217	形	68221	349.2731	53.696	形(24179)/形成(8191)/形式(5073)/形態(4932)/人形(2917)/手形(1436)/形状(1416)/山形(1369)/地形(1363)/変形(1357)/整形(1099)/方形(863)/図形(809)/形容(736)/円形(697)/定形(696)/造形(601)/形質(402)/無形(376)/波形(358)
218	然	68106	348.6843	53.811	自然(23136)/当然(13095)/突然(6581)/全然(4880)/偶然(2624)/天然(2600)/依然(2113)/必然(1444)/漠然(757)/同然(690)/未然(618)/呆然(591)/平然(529)/公然(514)/断然(423)/然(401)/愕然(380)/整然(376)/茫然(336)/毅然(333)
219	海	68069	348.4949	53.925	海(13882)/海外(8837)/北海道(5203)/海岸(3776)/海軍(2999)/海上(2389)/上海(1881)/海洋(1681)/東海(1380)/海水(1329)/航海(1288)/海域(884)/海底(842)/海面(825)/内海(821)/東海道(807)/海賊(791)/海峡(738)/海運(543)/空海(506)
220	違	67573	345.9555	54.039	違い(16470)/違う(15543)/間違い(6861)/違反(6606)/違っ(6479)/間違っ(2975)/違法(2010)/相違(1696)/間違え(1536)/勘違い(1257)/違和(1123)/カテ違い(342)/違憲(247)/間違える(235)/違え(232)/違わ(220)/すれ違い(192)/すれ違っ(185)/すれ違う(162)/違(151)
221	屋	67217	344.1329	54.153	部屋(19725)/屋(13784)/名古屋(3310)/小屋(3132)/屋敷(2764)/屋根(2763)/家屋(1658)/屋外(811)/屋上(791)/茶屋(761)/居酒屋(759)/本屋(754)/問屋(696)/屋台(661)/長屋(586)/屋内(541)/土屋(390)/花屋(350)/楽屋(328)/母屋(279)
222	直	67037	343.2113	54.266	直接(13272)/正直(4174)/見直し(3598)/直後(3560)/素直(2659)/直前(2545)/直線(1912)/直し(1764)/直ちに(1681)/直(1579)/直面(1423)/直径(1335)/垂直(1265)/率直(1193)/直す(879)/直ぐ(723)/見直す(703)/直感(656)/硬直(571)/直結(568)
223	運	66599	340.9689	54.378	運動(18096)/運転(10037)/運営(6461)/運用(5027)/運命(3260)/運(2928)/運ん(2407)/運輸(2294)/運ば(1578)/運行(1363)/運ぶ(1325)/幸運(1280)/運送(1256)/運賃(1048)/運び(992)/運搬(895)/運河(638)/海運(543)/運航(457)/不運(434)
224	育	65943	337.6103	54.490	教育(27783)/保育(6101)/育成(4079)/子育て(4043)/育て(3578)/体育(3442)/育児(3036)/育っ(2283)/育てる(1735)/育ち(1185)/飼育(1133)/養育(1058)/生育(1027)/育つ(831)/発育(535)/療育(325)/食育(305)/生まれ育っ(294)/育む(212)/育た(200)
225	流	65866	337.2161	54.601	流れ(12191)/交流(6633)/流通(3712)/流(3492)/流し(2929)/流行(2768)/流れる(2430)/電流(1363)/流動(1343)/主流(1307)/一流(1299)/流さ(1220)/上流(1198)/流出(1063)/流す(1000)/流域(942)/合流(931)/流入(919)/物流(837)/下流(658)
226	権	64827	331.8967	54.710	権(20813)/権利(9061)/債権(6089)/政権(5122)/権力(4234)/人権(4146)/権限(3025)/権威(1753)/特権(1127)/主権(969)/分権(691)/物権(488)/有権(477)/集権(399)/利権(354)/職権(348)/親権(335)/覇権(321)/王権(319)/権現(281)
227	治	64713	331.3131	54.819	政治(17438)/治療(11233)/明治(9164)/自治(7794)/統治(1518)/治安(1037)/治る(769)/宇治(720)/治癒(689)/治っ(644)/治す(601)/治り(591)/賢治(585)/主治(577)/退治(493)/治(460)/治し(458)/治ら(433)/治水(386)/今治(372)
228	着	64653	331.0059	54.929	着(10415)/到着(4074)/先着(2860)/着い(2612)/落ち着い(2123)/定着(2118)/着物(1951)/着く(1440)/着手(1339)/着実(1296)/下着(1281)/着る(1261)/着替え(1205)/着用(1184)/装着(1183)/必着(1161)/接着(1013)/密着(912)/落ち着き(885)/付着(850)
229	価	64139	328.3743	55.037	評価(19805)/価格(15238)/価値(10879)/株価(2658)/物価(2586)/価額(1426)/原価(1171)/高価(1163)/時価(1029)/地価(928)/有価(909)/価(868)/単価(765)/安価(673)/対価(651)/減価(613)/定価(555)/創価(422)/等価(243)/米価(221)
230	選	63677	326.0090	55.144	選択(13135)/選手(11854)/選挙(6996)/選ん(4921)/選ぶ(3560)/選び(2844)/選ば(2798)/抽選(2387)/選(1601)/当選(1398)/選定(1289)/選任(1211)/予選(1209)/選考(1007)/選出(931)/選抜(698)/選べ(647)/選別(460)/選べる(448)/新選(349)
231	界	63647	325.8554	55.252	世界(42903)/界(7084)/限界(3340)/業界(1935)/境界(1927)/視界(1100)/政界(526)/外界(441)/財界(379)/界隈(374)/他界(336)/臨界(329)/学界(277)/各界(203)/霊界(194)/界面(179)/天界(176)/結界(168)/冥界(156)/球界(147)
232	認	63360	324.3861	55.359	確認(17181)/認め(14596)/認識(9029)/認定(4843)/認める(4459)/承認(3490)/認可(2378)/認知(2324)/認証(1101)/公認(770)/容認(593)/否認(381)/誤認(254)/許認可(216)/認めよう(159)/追認(158)/黙認(158)/認(157)/認容(137)/是認(129)
233	他	63263	323.8895	55.465	他(47165)/他人(6702)/他方(2440)/他者(1585)/他社(916)/他国(829)/排他(350)/他界(336)/他人事(287)/自他(210)/他県(173)/他力(158)/他愛(151)/他所(143)/他家(126)/他行(118)/利他(92)/他店(86)/他殺(85)/他校(71)
234	親	63014	322.6146	55.572	親(14613)/母親(9292)/父親(6938)/両親(5106)/親子(3599)/親切(1681)/親戚(1665)/親父(1468)/親族(1396)/親友(1198)/親指(1112)/親しく(970)/親しい(954)/親王(799)/親しみ(792)/親分(693)/親方(682)/親密(592)/親鸞(585)/親しま(443)
235	支	62966	322.3689	55.678	支援(13071)/支配(7946)/支給(4026)/支え(3979)/支持(3773)/支出(3601)/支払い(3122)/収支(2533)/支払(2365)/支店(1995)/支える(1919)/支払う(1579)/支障(1482)/支部(1358)/支所(1355)/支払わ(1141)/支払っ(984)/支度(896)/支(886)/支那(749)
236	七	62488	319.9217	55.783	七(52984)/七十(3873)/七百(1040)/七千(854)/七夕(296)/七、八(225)/七郎(191)/六、七(171)/七草(162)/七五三(153)/七瀬(153)/七味(123)/長七(114)/七宝(91)/七郎兵衛(84)/七生(73)/七平(72)/伝七郎(72)/七三郎(70)/七色(67)
237	示	62299	318.9540	55.889	表示(15122)/示し(12094)/示す(8778)/指示(5193)/展示(4432)/示さ(3218)/提示(2400)/開示(1615)/掲示(1593)/示唆(1428)/明示(942)/暗示(804)/公示(557)/告示(510)/誇示(281)/教示(269)/例示(252)/啓示(226)/示談(222)/示せ(220)
238	常	62253	318.7185	55.994	非常(17193)/通常(7918)/常(7013)/日常(6555)/異常(5369)/常識(3313)/正常(2506)/経常(1241)/常時(978)/常勤(708)/常連(552)/常務(550)/尋常(521)/平常(484)/常任(465)/常用(392)/常備(354)/健常(343)/常設(341)/常磐(338)
239	応	62196	318.4267	56.099	対応(18223)/応じ(8392)/反応(8251)/一応(4175)/応援(3721)/応募(3447)/応用(2152)/適応(1772)/応え(1563)/応答(1084)/応急(905)/慶応(758)/応える(711)/相応(673)/応接(655)/応じる(540)/応対(533)/呼応(408)/応力(357)/即応(342)
240	可	61917	316.9983	56.203	可能(36370)/許可(5784)/可愛い(2931)/可(2597)/認可(2378)/不可欠(2310)/不可(1172)/可愛(986)/可決(664)/可愛く(495)/不可解(407)/可哀想(404)/可視(368)/可憐(345)/可動(313)/可愛らしい(304)/可否(254)/不可避(233)/不可分(222)/可哀相(219)
241	件	61589	315.3190	56.307	事件(21187)/条件(15066)/件(11534)/件数(3798)/要件(3581)/物件(1895)/本件(1569)/人件(1160)/案件(830)/用件(467)/件名(152)/別件(141)/立件(87)/与件(43)/両件(16)/條件(16)/件り(12)/前件(12)/全件(6)/後件(5)
242	住	61493	314.8275	56.411	住宅(13804)/住民(9745)/住ん(6177)/住所(5269)/住む(3510)/居住(3102)/在住(3048)/住まい(2014)/住居(1984)/住み(1428)/移住(1359)/住(1174)/住人(920)/先住(675)/住友(629)/定住(563)/住職(498)/永住(405)/住吉(289)/移り住ん(193)
243	規	61086	312.7438	56.514	規定(23567)/規模(11702)/規制(7955)/規則(4478)/新規(3861)/規格(1982)/正規(1496)/規範(1303)/規約(914)/規律(825)/規程(791)/法規(559)/定規(274)/子規(239)/規準(238)/規(198)/規清(79)/内規(77)/規正(76)/規管(72)
244	川	61040	312.5083	56.617	川(12630)/河川(3124)/徳川(2205)/神奈川(1985)/石川(1746)/小川(1392)/川崎(1304)/細川(960)/十津川(954)/市川(949)/長谷川(903)/中川(844)/品川(771)/吉川(693)/川口(689)/香川(678)/川上(593)/谷川(589)/深川(487)/川島(486)
245	土	61015	312.3803	56.720	土地(14402)/土(11201)/国土(3752)/土曜(3500)/土壌(1695)/出土(1514)/土産(1511)/領土(1404)/風土(1216)/郷土(1059)/土木(1044)/浄土(900)/本土(889)/土日(873)/土砂(831)/粘土(803)/土佐(796)/土器(743)/土台(725)/土方(671)
246	校	61010	312.3547	56.823	学校(38136)/高校(10211)/校(2903)/校長(1750)/登校(1508)/将校(989)/校舎(834)/校内(389)/校庭(379)/転校(341)/校正(271)/全校(230)/母校(224)/校区(213)/同校(211)/開校(207)/校門(177)/本校(172)/下校(157)/校則(131)
247	害	60587	310.1891	56.925	障害(17109)/被害(11655)/災害(8298)/公害(4480)/損害(3712)/侵害(1741)/有害(1411)/殺害(1402)/利害(1302)/阻害(1093)/傷害(980)/妨害(938)/加害(915)/害(776)/弊害(580)/迫害(439)/害する(379)/害虫(328)/危害(301)/水害(294)
248	木	60570	310.1020	57.027	木(13251)/鈴木(2986)/木材(1661)/木村(1619)/木曜(1499)/佐々木(1318)/木造(1314)/樹木(1171)/土木(1044)/栃木(1010)/青木(963)/木々(830)/高木(770)/木製(710)/並木(648)/大木(629)/六本木(621)/植木(545)/黒木(544)/荒木(543)
249	際	60333	308.8886	57.129	国際(20393)/実際(19806)/際(13351)/際し(2246)/交際(1137)/窓際(341)/際立っ(330)/間際(319)/際限(244)/手際(233)/壁際(189)/水際(179)/学際(131)/際立た(131)/帰り際(118)/瀬戸際(107)/際立つ(94)/金輪際(92)/別れ際(84)/一際(76)
250	交	59931	306.8305	57.230	交通(13738)/交換(7783)/交流(6633)/交渉(5482)/交付(4398)/外交(3365)/交差(1692)/交代(1551)/交際(1137)/交わし(950)/交響(818)/交互(786)/交易(744)/社交(732)/交替(605)/交え(574)/国交(502)/交(489)/交番(404)/交わす(400)
251	楽	59801	306.1650	57.331	音楽(11129)/楽しみ(7245)/楽しい(5573)/楽(4816)/楽しく(3056)/楽しん(2937)/楽しむ(2502)/楽しめる(1958)/楽し(1868)/楽器(1684)/楽しかっ(1374)/楽しめ(990)/楽天(903)/娯楽(818)/気楽(792)/快楽(786)/楽しま(586)/楽団(517)/極楽(481)/倶楽部(444)
252	過	59641	305.3458	57.432	過ぎ(10418)/過去(9479)/過程(6139)/経過(5092)/過ごし(3549)/通過(2501)/過剰(2257)/過ぎる(2061)/過(1674)/過ごす(1621)/過失(1291)/超過(935)/過激(743)/過度(726)/過言(591)/過疎(577)/通り過ぎ(562)/過大(507)/過ち(498)/過酷(432)
253	葉	59339	303.7996	57.532	言葉(34294)/葉(5996)/千葉(3347)/紅葉(1497)/万葉(665)/葉っぱ(610)/落葉(590)/稲葉(508)/青葉(444)/葉山(407)/秋葉(360)/松葉(353)/木の葉(340)/若葉(332)/秋葉原(301)/葉書(300)/葉巻(294)/落ち葉(293)/葉子(280)/言葉遣い(275)
254	施	59121	302.6835	57.632	実施(22896)/施設(22566)/施行(4564)/施策(4294)/施工(1108)/施し(902)/施さ(567)/施す(335)/布施(304)/施業(282)/施術(174)/施主(161)/施政(151)/施用(128)/施錠(128)/施(126)/施肥(118)/施薬(40)/小布施(36)/施規(36)
255	査	59039	302.2637	57.731	調査(29492)/検査(11254)/審査(5515)/捜査(4919)/監査(3732)/診査(909)/査定(688)/巡査(632)/探査(459)/査察(318)/主査(210)/考査(197)/精査(183)/走査(163)/査証(133)/踏査(65)/査問(59)/照査(19)/実査(16)/査(14)
256	良	59034	302.2381	57.831	良い(22778)/良く(7196)/良かっ(3796)/改良(2907)/不良(2879)/奈良(2291)/良(1680)/仲良く(1415)/良好(1372)/優良(871)/良心(792)/良質(727)/最良(487)/良き(475)/仲良し(440)/良さ(396)/良し(350)/善良(344)/良寛(338)/良子(292)
257	参	58929	301.7006	57.930	参加(21851)/参考(10229)/参照(9844)/持参(2185)/参り(1705)/参入(1294)/参画(1268)/参謀(952)/参戦(878)/参議(878)/参拝(779)/参っ(561)/人参(536)/参院(479)/参道(471)/参事(371)/参詣(371)/参列(368)/参(294)/墓参り(291)
258	売	58712	300.5896	58.029	販売(13076)/発売(5416)/売っ(4477)/商売(2519)/売買(2515)/売上(2474)/売り(2314)/売れ(2240)/小売(2112)/売却(1808)/売る(1771)/卸売(1450)/売ら(1287)/売り上げ(965)/読売(889)/売れる(870)/売り場(645)/売春(606)/売上げ(500)/売店(474)
259	色	58099	297.4512	58.128	色(19551)/色々(4027)/黄色(1863)/景色(1677)/特色(1363)/黄色い(1178)/顔色(1152)/染色(1135)/色彩(1131)/灰色(1121)/緑色(1014)/茶色(893)/色んな(784)/金色(732)/色素(688)/青色(686)/白色(589)/褐色(587)/色合い(549)/赤色(543)
260	域	57767	295.7514	58.225	地域(39640)/領域(4408)/区域(3862)/広域(1931)/域(1901)/流域(942)/水域(918)/海域(884)/全域(624)/域内(422)/帯域(408)/聖域(224)/職域(219)/西域(202)/域外(134)/圏域(113)/音域(109)/空域(90)/戦域(66)/神域(60)
261	都	57346	293.5960	58.322	都市(18556)/都(13680)/京都(8465)/都合(4156)/首都(2841)/都会(1665)/都内(1113)/都心(1033)/都度(607)/宇都宮(470)/都立(234)/古都(215)/遷都(199)/都民(191)/伊都(170)/都営(156)/帝都(147)/都城(141)/都築(123)/都区部(109)
262	線	57265	293.1813	58.418	線(21986)/視線(4541)/幹線(2866)/無線(2719)/路線(2716)/回線(2104)/直線(1912)/曲線(1480)/内線(1432)/前線(870)/線路(864)/本線(841)/戦線(834)/配線(673)/光線(624)/有線(621)/目線(546)/線維(489)/打線(486)/車線(483)
263	予	57200	292.8485	58.515	予定(13514)/予算(8326)/予想(7233)/予防(6343)/予約(5617)/予測(3401)/予備(2030)/予感(1313)/予選(1209)/予報(1154)/予言(1016)/猶予(1012)/予告(890)/予知(737)/予期(609)/予(394)/伊予(388)/予後(330)/予め(323)/予見(302)
264	好	57023	291.9423	58.611	好き(24104)/大好き(4485)/好み(3762)/格好(2563)/好(2031)/良好(1372)/好意(1336)/好奇(1134)/好調(1008)/友好(996)/好評(880)/好む(815)/好ん(747)/恰好(709)/好ま(661)/絶好(599)/好感(591)/愛好(555)/好ましい(553)/好物(465)
265	足	56886	291.2409	58.707	足(14746)/不足(6343)/満足(6266)/足り(3448)/発足(1786)/足元(1388)/手足(1152)/足音(1059)/足ら(1002)/足利(763)/足跡(756)/足し(716)/右足(711)/左足(666)/足首(652)/補足(635)/両足(612)/充足(564)/足もと(520)/足りる(483)
266	空	56812	290.8621	58.803	空(8333)/空間(7041)/航空(6790)/空気(6117)/空港(5023)/空い(1565)/空中(1231)/上空(1053)/空襲(917)/青空(824)/空き(688)/空白(670)/空想(661)/空洞(644)/空腹(621)/夜空(600)/空母(570)/真空(557)/架空(556)/空海(506)
267	天	56757	290.5805	58.899	天皇(8605)/天(4037)/天気(3835)/天井(2754)/天然(2600)/天下(2029)/天使(1497)/天才(1284)/天候(1124)/天国(1088)/天文(1082)/楽天(903)/天地(800)/露天(726)/天正(684)/雨天(658)/天狗(639)/天神(634)/天体(607)/天王寺(539)
268	費	56654	290.0532	58.994	費(21924)/消費(15363)/費用(8691)/経費(3972)/会費(1048)/出費(535)/燃費(534)/国費(530)/浪費(400)/費やし(375)/公費(347)/実費(345)/食費(338)/旅費(297)/学費(290)/費目(254)/費やす(203)/自費(192)/費やさ(104)/戦費(75)
269	元	56476	289.1418	59.090	元(13063)/元気(7870)/地元(5680)/元年(2212)/次元(2209)/手元(1445)/足元(1388)/還元(1199)/元素(1080)/元々(1015)/復元(1013)/紀元(1004)/根元(803)/一元(703)/元来(655)/身元(626)/口元(584)/元禄(528)/元本(430)/耳元(387)
270	白	56463	289.0753	59.185	白(9708)/白い(7197)/面白い(4583)/告白(1961)/白く(1473)/白人(1373)/面白(1283)/面白く(1271)/蛋白(953)/明白(922)/面白かっ(831)/真っ白(769)/白書(697)/空白(670)/白色(589)/白菜(568)/白髪(544)/白鳥(542)/白石(492)/白井(466)
271	申	56078	287.1042	59.280	申し上げ(8450)/申請(7768)/申込(6299)/申告(4555)/申し込み(4251)/申し(3940)/申(3052)/申し訳(2152)/申込み(1928)/答申(1519)/申し出(1332)/申立て(1032)/申す(786)/申し上げる(756)/申出(690)/申し立て(572)/申立(555)/申し込ん(533)/申し入れ(531)/申しわけ(504)
272	配	55883	286.1058	59.374	心配(12141)/支配(7946)/配慮(4511)/配置(4062)/気配(2456)/配布(2264)/配当(1957)/配分(1842)/配偶(1551)/配達(1377)/分配(1335)/手配(907)/配列(893)/配信(817)/配合(725)/配線(673)/配備(664)/宅配(617)/配っ(605)/配給(571)
273	番	55795	285.6553	59.468	一番(17128)/番(13438)/番号(7881)/番組(6610)/順番(1599)/定番(1052)/本番(831)/１番(672)/番地(638)/番頭(594)/出番(566)/当番(504)/交番(404)/番所(180)/門番(160)/地番(158)/番人(157)/番付(146)/番外(132)/黒番(132)
274	備	55720	285.2713	59.562	整備(20450)/準備(9287)/設備(7016)/備え(3292)/装備(2125)/予備(2030)/警備(1840)/備考(1347)/守備(1087)/配備(664)/備える(583)/軍備(527)/備蓄(503)/防備(434)/劉備(408)/不備(405)/備わっ(389)/常備(354)/完備(325)/吉備(251)
275	義	55548	284.3907	59.656	主義(19980)/義務(8103)/定義(3762)/意義(2972)/正義(1939)/講義(1644)/名義(1578)/義(1074)/義理(820)/義母(758)/義経(590)/義父(526)/教義(404)/義姉(382)/大義(359)/信義(323)/同義(312)/広義(305)/義兄(291)/義弘(267)
276	論	55416	283.7149	59.749	論(11016)/議論(7866)/理論(5919)/結論(4053)/論理(3105)/論文(3093)/世論(1533)/勿論(1456)/論じ(1356)/評論(1349)/論議(1317)/反論(1262)/論争(1150)/討論(959)/言論(554)/論点(545)/無論(543)/推論(510)/異論(424)/論じる(408)
277	増	55332	283.2849	59.843	増加(15143)/増え(7744)/増(6215)/増大(3344)/増し(2271)/増える(1986)/増殖(1512)/増進(1481)/増やし(1394)/急増(1219)/増やす(1026)/増す(919)/増減(913)/増強(881)/増幅(659)/増設(603)/増額(533)/増税(442)/倍増(428)/増資(314)
278	説	55141	282.3070	59.936	説明(23356)/小説(6599)/説(5200)/解説(4332)/説得(2228)/伝説(2058)/演説(1298)/仮説(1182)/説い(928)/説教(920)/説く(714)/学説(647)/通説(357)/言説(349)/説か(348)/説き(335)/概説(294)/一説(278)/逆説(271)/説話(249)
279	格	54612	279.5987	60.028	価格(15238)/性格(7348)/資格(6100)/本格(3457)/格好(2563)/合格(2369)/人格(2036)/規格(1982)/格差(1679)/格(1150)/格子(928)/格闘(904)/厳格(817)/昇格(700)/骨格(684)/格別(566)/適格(532)/格納(509)/体格(504)/格段(494)
280	種	54502	279.0355	60.120	種類(12408)/種(11662)/各種(5225)/一種(3447)/業種(2387)/接種(1933)/機種(1888)/品種(1883)/人種(1497)/種々(1350)/種子(1114)/職種(952)/種目(741)/車種(610)/種別(561)/多種(533)/同種(445)/種族(411)/種苗(274)/雑種(267)
281	美	54386	278.4416	60.212	美しい(6364)/美術(5812)/美味しい(3157)/美(2749)/美容(2327)/美人(2070)/美し(1848)/美しく(1652)/美味しかっ(934)/美味しく(788)/美女(766)/美濃(600)/美味し(529)/美味(527)/美化(477)/美味い(391)/由美子(390)/美貌(387)/美学(366)/晴美(355)
282	位	54152	277.2436	60.303	位(16306)/位置(12143)/単位(5994)/地位(3870)/上位(1874)/順位(1597)/優位(1290)/部位(1285)/下位(798)/方位(673)/即位(657)/本位(518)/首位(502)/電位(419)/位相(361)/王位(344)/水位(324)/在位(317)/同位(273)/学位(264)
283	供	54100	276.9774	60.395	子供(29940)/提供(11685)/供給(5606)/供与(1013)/供養(816)/供述(636)/供(575)/供する(541)/供用(456)/供さ(423)/供し(422)/供え(355)/供託(342)/供物(169)/自供(146)/供出(125)/御供(90)/供える(87)/供え物(83)/供奉(58)
284	式	53927	276.0917	60.486	式(17330)/株式(8622)/方式(5997)/形式(5073)/公式(2566)/正式(2538)/様式(2391)/儀式(1443)/書式(896)/葬式(763)/式典(476)/図式(458)/型式(443)/数式(319)/式部(297)/一式(296)/挙式(285)/式場(276)/格式(227)/紫式部(193)
285	術	53927	276.0917	60.577	技術(27593)/美術(5812)/手術(5737)/芸術(5444)/術(2929)/学術(1129)/戦術(856)/魔術(593)/術後(501)/呪術(322)/術師(242)/剣術(234)/武術(189)/柔術(183)/施術(174)/算術(158)/術前(133)/馬術(124)/医術(115)/奇術(103)
286	落	53761	275.2418	60.667	落ち(7253)/落札(6871)/落とし(3463)/集落(2269)/落ち着い(2123)/落ちる(1795)/下落(1323)/落とす(1263)/部落(1119)/落下(942)/落ち着き(885)/落ち込ん(824)/段落(770)/落語(712)/落ち着か(701)/転落(655)/落葉(590)/落とさ(537)/落ち着く(517)/村落(449)
287	判	53477	273.7878	60.758	判断(13867)/裁判(12467)/批判(6623)/判決(3743)/判定(2162)/評判(1938)/判明(1474)/判例(1409)/審判(1302)/判ら(861)/判(742)/判事(640)/公判(620)/判っ(609)/判り(581)/判る(530)/最判(514)/判別(437)/大判(386)/地判(322)
288	態	53368	273.2297	60.848	状態(25380)/態度(6556)/事態(5344)/実態(5014)/形態(4932)/生態(1471)/態勢(1022)/態様(510)/変態(430)/病態(420)/動態(381)/態(309)/業態(283)/悪態(162)/失態(157)/容態(145)/常態(112)/旧態(89)/姿態(88)/醜態(81)
289	消	53272	272.7382	60.937	消費(15363)/消え(6559)/消防(6368)/解消(3230)/消し(2742)/消滅(2115)/消化(1887)/消える(1117)/消す(942)/消火(890)/消毒(860)/取り消し(817)/消去(712)/取消し(709)/消極(673)/消耗(668)/取消(570)/消失(552)/消印(549)/消さ(451)
290	起	53180	272.2672	61.027	起き(8048)/起こっ(4584)/起こし(4529)/起こる(3776)/起動(2314)/起こり(2255)/起こす(1951)/起きる(1891)/提起(1497)/起源(1130)/起こさ(985)/起訴(984)/起因(866)/起こら(825)/引き起こす(771)/引き起こし(690)/起業(590)/縁起(574)/起用(531)/喚起(486)
291	死	53126	271.9908	61.117	死(10073)/死ん(8711)/死亡(4693)/死ぬ(3893)/必死(2957)/死体(2586)/死者(2568)/死に(1817)/死刑(1356)/死後(1310)/死な(923)/戦死(790)/死傷(607)/死去(530)/生死(473)/死因(433)/死ね(410)/致死(356)/死骸(347)/病死(321)
292	音	53012	271.4071	61.206	音(18354)/音楽(11129)/音声(1771)/録音(1754)/発音(1475)/騒音(1468)/観音(1463)/本音(1076)/足音(1059)/福音(585)/音響(531)/音色(510)/音波(500)/物音(497)/音量(459)/母音(447)/音質(375)/雑音(371)/轟音(264)/音頭(261)
293	及	52949	271.0846	61.296	及び(36973)/普及(5210)/及ぶ(1760)/及ぼす(1630)/及ん(1226)/言及(1218)/追及(1055)/及ば(960)/及ぼし(733)/及(643)/波及(545)/及川(233)/及ぼさ(142)/及第(120)/遡及(115)/可及(47)/聞き及ん(46)/宗及(43)/及び腰(41)/論及(33)
294	存	52652	269.5640	61.385	存在(24114)/保存(7580)/存じ(3650)/依存(3616)/存知(2715)/既存(2092)/生存(1634)/存続(1400)/共存(801)/現存(699)/存分(566)/残存(546)/存する(366)/実存(342)/所存(300)/温存(288)/存立(204)/存(135)/存し(127)/異存(127)
295	送	52609	269.3439	61.473	放送(11002)/送っ(5805)/輸送(4553)/送る(2727)/発送(2653)/送り(2292)/送ら(2270)/送信(1939)/郵送(1704)/送料(1579)/送付(1326)/運送(1256)/転送(1005)/伝送(699)/見送っ(691)/送金(571)/見送り(546)/搬送(478)/移送(426)/配送(420)
296	反	52184	267.1680	61.561	反対(9908)/反応(8251)/違反(6606)/反映(3959)/反(2891)/反省(2578)/反射(2127)/反発(1580)/反論(1262)/反し(1116)/反する(1099)/反面(1069)/反抗(876)/反動(686)/反乱(680)/反復(614)/反撃(599)/反響(492)/反転(438)/反日(424)
297	構	52109	266.7840	61.649	構造(13708)/構成(11680)/結構(7683)/機構(4731)/構築(3640)/構想(2777)/構え(1923)/構わ(1055)/構図(777)/構い(572)/構内(538)/心構え(442)/構える(336)/遺構(314)/虚構(305)/待ち構え(229)/構文(203)/身構え(200)/構音(150)/構(139)
298	工	52033	266.3949	61.737	工事(7764)/工場(7439)/工業(6407)/加工(4285)/工夫(4035)/人工(2795)/工作(1996)/商工(1585)/工程(1392)/工学(1288)/施工(1108)/工芸(1043)/細工(1006)/工(923)/大工(841)/工房(721)/着工(695)/工藤(588)/工法(501)/工具(440)
299	共	51976	266.1031	61.825	公共(10059)/共同(9641)/共(6813)/共通(6379)/共産(3604)/共有(2985)/共和(2464)/共済(2162)/共感(1129)/共存(801)/共生(684)/共演(570)/共鳴(514)/共用(426)/共犯(411)/共助(382)/共働き(336)/共催(249)/共著(160)/共謀(148)
300	風	51904	265.7344	61.912	風(15881)/風景(3928)/風呂(3916)/風邪(2319)/台風(1958)/風俗(1233)/風土(1216)/風味(1202)/風潮(672)/和風(608)/風情(588)/風習(545)/風船(470)/洋風(385)/強風(374)/風呂場(365)/風呂敷(293)/風通し(285)/風間(284)/風流(279)
301	始	51832	265.3658	62.000	始め(17714)/開始(9905)/始まっ(5336)/始める(3883)/始まり(3815)/始まる(3547)/始末(1588)/年始(799)/終始(795)/原始(732)/始動(445)/始めよう(414)/始(391)/始終(363)/創始(354)/始まら(211)/始発(203)/始業(184)/始祖(172)/手始め(123)
302	広	51743	264.9102	62.087	広告(4935)/広く(4674)/広い(4558)/広島(3299)/広場(2798)/広がっ(2720)/広報(2715)/広げ(2562)/広(2482)/広域(1931)/広がり(1930)/広がる(1876)/広大(1236)/幅広い(1114)/広範(839)/広げる(727)/幅広く(690)/広東(638)/広間(604)/繰り広げ(602)
303	顔	51464	263.4818	62.174	顔(39320)/笑顔(4122)/顔色(1152)/顔つき(814)/顔面(631)/横顔(527)/顔立ち(405)/洗顔(398)/素顔(322)/真顔(252)/顔ぶれ(243)/朝顔(198)/似顔(179)/寝顔(162)/顔合わせ(145)/顔料(123)/丸顔(120)/夕顔(113)/童顔(111)/顔負け(111)
304	終	51349	262.8930	62.261	終わっ(8313)/最終(8152)/終了(7558)/終わり(6537)/終え(3430)/終わる(3348)/終っ(1261)/終わら(1164)/終戦(1002)/終結(899)/終始(795)/終り(792)/終える(791)/終身(573)/終る(521)/終点(459)/終盤(426)/終焉(415)/終末(378)/始終(363)
305	店	51238	262.3247	62.347	店(30065)/商店(2879)/店舗(2814)/支店(1995)/書店(1885)/店員(1573)/店内(1347)/本店(1150)/店頭(901)/店長(764)/出店(739)/開店(590)/店主(504)/売店(474)/閉店(435)/来店(324)/店先(262)/露店(179)/大店(164)/店名(151)
306	済	51216	262.2121	62.434	経済(33263)/救済(2316)/返済(2221)/済み(2215)/共済(2162)/済ま(1609)/決済(1299)/弁済(1247)/済む(1118)/済(960)/済ん(865)/百済(554)/臨済(173)/済州(152)/完済(147)/済まさ(127)/済ます(112)/済まし(103)/済生(63)/済め(50)
307	母	51104	261.6387	62.520	母(25295)/母親(9292)/母子(1967)/祖母(1859)/父母(1235)/母乳(870)/叔母(820)/義母(758)/伯母(605)/空母(570)/祖父母(537)/母体(467)/母音(447)/酵母(429)/母性(402)/母国(375)/乳母(304)/母屋(279)/聖母(254)/母校(224)
308	例	51018	261.1984	62.606	例(18265)/例えば(11210)/事例(3796)/特例(2509)/例外(2406)/条例(2361)/判例(1409)/比例(1354)/症例(917)/実例(644)/例年(547)/恒例(545)/異例(502)/定例(464)/例え(450)/用例(329)/前例(297)/通例(295)/例示(252)/例題(240)
309	頭	50907	260.6301	62.692	頭(25484)/頭痛(1533)/冒頭(1504)/先頭(1491)/初頭(999)/店頭(901)/念頭(901)/頭上(849)/頭部(817)/頭脳(800)/筆頭(668)/番頭(594)/口頭(555)/街頭(503)/台頭(492)/頭蓋(463)/没頭(454)/出頭(443)/後頭(401)/頭取(364)
310	京	50871	260.4458	62.778	東京(29457)/京都(8465)/北京(2350)/京(2310)/上京(824)/南京(668)/京子(583)/右京(570)/中京(362)/京浜(285)/京大(254)/京極(239)/京王(232)/京阪(232)/左京(195)/帰京(188)/文京(182)/京成(165)/京橋(164)/新京(140)
311	達	50695	259.5447	62.863	達(11073)/友達(10107)/達成(5081)/発達(4559)/達し(3996)/調達(2558)/伝達(2156)/到達(1838)/達する(1455)/配達(1377)/通達(745)/伊達(531)/上達(487)/達人(479)/送達(335)/達郎(315)/安達(276)/達也(262)/達者(252)/用達(170)
312	声	50614	259.1300	62.949	声(34210)/大声(2173)/音声(1771)/声明(783)/笑い声(752)/小声(679)/歓声(618)/叫び声(540)/鳴き声(519)/歌声(493)/名声(490)/声優(420)/銃声(387)/泣き声(385)/発声(343)/声援(326)/掛け声(230)/一声(228)/声高(221)/うめき声(216)
313	役	50461	258.3467	63.034	役(13520)/役割(9299)/役所(6231)/役員(2815)/役人(1701)/現役(1431)/役立つ(1419)/主役(1389)/役者(1385)/役目(1363)/役場(1036)/役務(918)/懲役(834)/役職(543)/役立っ(447)/役立ち(432)/重役(364)/役立て(267)/兵役(214)/脇役(183)
314	町	50397	258.0190	63.119	町(32072)/町内(1267)/室町(733)/町民(702)/町田(677)/町長(577)/下町(550)/本町(512)/町並み(453)/町人(447)/町村(423)/市町村長(343)/元町(299)/町中(244)/港町(242)/有楽町(218)/歌舞伎町(201)/町づくり(175)/小町(168)/永田町(166)
315	限	50374	257.9013	63.204	限り(9574)/制限(6693)/限定(4835)/限ら(4828)/期限(3455)/限界(3340)/限(3275)/権限(3025)/限度(2686)/無限(1570)/限る(1392)/限っ(1333)/上限(930)/有限(870)/限りなく(513)/極限(473)/際限(244)/時限(167)/限りない(160)/下限(149)
316	村	49921	255.5820	63.288	村(21030)/農村(2714)/中村(2700)/木村(1619)/村上(1109)/野村(1074)/田村(906)/山村(782)/村人(731)/村田(680)/村山(519)/西村(478)/大村(476)/村長(451)/村落(449)/北村(423)/町村(423)/竹村(349)/市町村長(343)/藤村(341)
317	由	49887	255.4080	63.372	理由(19609)/自由(19422)/由来(2097)/経由(1547)/事由(1062)/由(626)/由美子(390)/由緒(312)/由香(301)/由紀(292)/由紀夫(288)/由美(280)/由香里(276)/美由紀(245)/悠由(164)/真由美(142)/由布子(127)/由良(122)/自由が丘(116)/由佳(114)
318	悪	49779	254.8550	63.456	悪い(16360)/悪く(6360)/悪(4812)/悪化(2865)/最悪(1709)/悪魔(1647)/悪かっ(1532)/嫌悪(855)/悪口(843)/悪質(794)/悪意(648)/悪夢(532)/憎悪(528)/悪性(527)/罪悪(497)/悪臭(491)/凶悪(478)/悪徳(377)/邪悪(334)/悪人(319)
319	歳	49580	253.8362	63.540	歳(45167)/歳出(1259)/歳入(876)/歳月(679)/千歳(325)/万歳(322)/歳三(237)/歳暮(147)/歳時(113)/歳費(65)/歳末(60)/二十歳(39)/歳上(34)/万々歳(29)/歳下(25)/歳差(23)/歳計(20)/当歳(13)/歳絵(11)/歳々(10)
320	笑	49530	253.5802	63.624	笑(16854)/笑っ(6868)/笑い(5427)/笑顔(4122)/苦笑(1957)/笑み(1790)/笑う(1731)/微笑(1253)/笑わ(817)/微笑ん(800)/笑い声(752)/爆笑(606)/微笑み(576)/大笑い(361)/笑え(359)/笑える(325)/苦笑い(310)/嘲笑(301)/微笑む(217)/談笑(211)
321	容	49097	251.3634	63.706	内容(26637)/容易(3801)/美容(2327)/収容(2160)/容器(2093)/容量(1961)/容疑(1657)/受容(1034)/許容(791)/容赦(761)/形容(736)/変容(626)/容認(593)/寛容(463)/容姿(453)/容積(373)/容貌(297)/容れ(259)/容保(219)/全容(161)
322	観	49047	251.1074	63.789	観(8388)/観光(7869)/観察(6402)/観点(4938)/観測(2714)/客観(2240)/観念(2144)/景観(1823)/観客(1732)/観音(1463)/主観(976)/外観(879)/観戦(719)/観る(616)/観覧(587)/直観(456)/概観(448)/楽観(438)/観賞(402)/悲観(338)
323	半	48977	250.7490	63.872	半(10128)/半分(6560)/後半(4945)/半年(2715)/前半(2697)/半ば(2595)/半島(2535)/大半(2205)/半身(1760)/半数(1718)/半端(1090)/四半(795)/半径(606)/半額(594)/半日(578)/半減(509)/半月(448)/半角(405)/半球(371)/半期(341)
324	病	48925	250.4828	63.954	病院(15375)/病気(9291)/病(8535)/疾病(995)/うつ病(873)/病室(834)/病棟(767)/病人(759)/病床(618)/病状(611)/病原(604)/傷病(496)/発病(488)/病理(485)/臆病(471)/病変(453)/病態(420)/病名(350)/病死(321)/看病(318)
325	伝	48605	248.8445	64.037	伝え(8084)/伝統(5873)/遺伝(4789)/伝える(3091)/伝わっ(2168)/伝達(2156)/宣伝(2143)/伝説(2058)/手伝い(1848)/伝(1814)/手伝っ(1181)/伝わる(1116)/伝承(1005)/伝送(699)/伝わり(511)/伝染(482)/伝記(472)/伝票(455)/伝言(426)/伝導(395)
326	職	48467	248.1379	64.118	職員(8601)/職業(5537)/退職(4873)/職(4361)/就職(4351)/職場(4198)/職務(2538)/職人(2048)/転職(1084)/職種(952)/教職員(714)/役職(543)/離職(505)/住職(498)/在職(452)/現職(441)/辞職(412)/無職(389)/聖職(361)/職権(348)
327	転	48436	247.9792	64.200	運転(10037)/自転(5035)/転換(4575)/回転(4532)/移転(3478)/転じ(1330)/逆転(1313)/転職(1084)/転送(1005)/転移(973)/転倒(840)/転がっ(676)/転勤(675)/転落(655)/転用(519)/一転(486)/反転(438)/転載(437)/転ん(419)/転入(356)
328	策	47720	244.3135	64.281	対策(18757)/政策(13456)/施策(4294)/策(4018)/策定(3302)/方策(1217)/散策(846)/得策(247)/国策(228)/画策(212)/策略(208)/失策(115)/策謀(88)/孫策(75)/無策(74)/秘策(62)/金策(61)/策動(46)/策士(43)/術策(39)
329	検	47360	242.4704	64.360	検討(13183)/検査(11254)/検索(5103)/検察(2025)/点検(2025)/検診(1871)/検証(1831)/検挙(1457)/検出(1421)/検定(1215)/検事(1156)/探検(802)/車検(593)/地検(304)/検閲(273)/検知(224)/検地(195)/検問(179)/検疫(178)/検死(135)
330	量	47265	241.9840	64.440	量(18929)/大量(5372)/数量(2126)/容量(1961)/重量(1596)/少量(1143)/質量(1002)/裁量(802)/減量(774)/測量(756)/分量(716)/多量(708)/計量(707)/軽量(662)/適量(550)/量的(527)/定量(461)/音量(459)/総量(454)/線量(433)
331	島	46940	240.3201	64.519	島(10459)/広島(3299)/半島(2535)/福島(1882)/鹿児島(1604)/大島(1213)/中島(1059)/諸島(1023)/列島(994)/三島(901)/徳島(754)/鹿島(694)/小島(689)/島田(648)/島津(627)/島根(562)/川島(486)/高島(472)/輪島(464)/豊島(439)
332	区	46938	240.3099	64.599	区(19524)/地区(9156)/区域(3862)/区別(3464)/区分(3166)/区民(1391)/区画(1232)/区間(1230)/区切り(507)/区長(287)/管区(271)/街区(243)/学区(224)/校区(213)/区切っ(205)/鉱区(169)/特区(160)/区切ら(157)/区分け(120)/区政(110)
333	防	46927	240.2536	64.678	防止(8763)/消防(6368)/予防(6343)/防災(5589)/防衛(5164)/防ぐ(2330)/国防(1215)/防犯(1197)/防御(1123)/防火(1006)/堤防(686)/防除(484)/防ぎ(438)/防備(434)/防水(380)/防護(377)/防い(356)/周防(338)/防空(327)/攻防(320)
334	命	46881	240.0180	64.757	命(6402)/生命(6186)/命令(5827)/革命(5241)/懸命(3457)/運命(3260)/命じ(2657)/寿命(1497)/任命(1379)/使命(1205)/命名(741)/救命(709)/亡命(690)/命ずる(592)/命題(548)/宿命(548)/致命(526)/本命(387)/命中(367)/人命(360)
335	想	46821	239.7109	64.836	予想(7233)/想像(6974)/思想(6450)/理想(4089)/構想(2777)/想定(2768)/発想(2744)/感想(2584)/幻想(1340)/想い(1313)/妄想(1122)/連想(945)/愛想(854)/回想(732)/空想(661)/仮想(506)/瞑想(416)/可哀想(404)/想起(376)/夢想(324)
336	団	46571	238.4309	64.915	団体(14324)/団(8196)/集団(7062)/布団(2022)/公団(1639)/財団(1396)/団地(1111)/球団(981)/師団(839)/軍団(756)/劇団(751)/教団(731)/団子(577)/団結(571)/社団(549)/楽団(517)/一団(480)/団塊(466)/船団(380)/入団(372)
337	象	46558	238.3644	64.993	対象(24239)/印象(6976)/現象(5754)/象徴(3051)/気象(1797)/抽象(1224)/象(690)/事象(682)/表象(534)/象牙(250)/形象(242)/万象(104)/具象(92)/象山(87)/仮象(86)/象限(66)/象形(64)/物象(63)/捨象(57)/心象(52)
338	総	46527	238.2057	65.072	総合(11225)/総(7990)/総理(5104)/総務(4134)/総額(2932)/総会(2708)/総裁(1423)/総数(1241)/総長(735)/総称(699)/総督(647)/総括(645)/総体(480)/総量(454)/総じて(429)/総統(370)/総監(332)/総計(242)/上総(241)/房総(227)
339	研	46435	237.7346	65.150	研究(39881)/研修(4374)/研(553)/研磨(173)/総研(129)/技研(122)/研鑽(116)/研い(80)/研ぎ(68)/研ぎ澄まさ(63)/学研(58)/理研(55)/研二(54)/原研(51)/研ぐ(51)/研削(39)/研さん(31)/癌研(29)/研一(27)/航研(27)
340	止	46394	237.5247	65.228	防止(8763)/禁止(5555)/止め(5386)/停止(3696)/廃止(3461)/中止(2422)/止まっ(1883)/止める(1374)/阻止(1081)/受け止め(1028)/静止(803)/止まら(794)/止まる(735)/止まり(717)/立ち止まっ(571)/休止(565)/抑止(445)/歯止め(291)/終止(271)/受け止める(253)
341	額	46379	237.4479	65.307	額(20560)/金額(8967)/総額(2932)/価額(1426)/税額(1328)/高額(1264)/月額(1086)/全額(1071)/減額(1016)/多額(847)/差額(742)/定額(640)/巨額(606)/半額(594)/増額(533)/少額(475)/額面(367)/同額(264)/年額(256)/額田(135)
342	護	46201	236.5366	65.385	保護(15159)/介護(9666)/弁護(6122)/看護(5554)/守護(1267)/養護(1092)/擁護(1081)/護衛(673)/名護(659)/援護(644)/救護(400)/防護(377)/警護(312)/愛護(309)/庇護(284)/加護(198)/護岸(197)/護送(192)/護(168)/監護(157)
343	夫	46183	236.4445	65.463	夫(10894)/大丈夫(8493)/夫婦(7160)/夫人(4077)/工夫(4035)/夫妻(1360)/丈夫(914)/大夫(485)/太夫(453)/由紀夫(288)/一夫(284)/正夫(272)/信夫(254)/農夫(253)/水夫(210)/人夫(204)/康夫(198)/敏夫(197)/和夫(187)/達夫(170)
344	改	46182	236.4394	65.540	改善(9919)/改革(9640)/改正(8485)/改めて(3147)/改良(2907)/改造(1550)/改修(1204)/改め(1202)/改定(1135)/改訂(728)/改札(604)/改める(480)/改築(419)/改装(400)/改変(360)/改行(324)/改(291)/改称(266)/改名(245)/改宗(209)
345	残	46132	236.1834	65.618	残っ(9382)/残念(5602)/残し(5328)/残り(4742)/残る(3703)/残さ(2992)/残す(1487)/残高(1131)/残業(1074)/残ら(794)/残酷(776)/残留(607)/残存(546)/生き残っ(498)/生き残り(391)/取り残さ(350)/残虐(308)/生き残る(298)/名残(277)/残余(270)
346	朝	45746	234.2072	65.696	朝(14510)/朝鮮(5314)/朝日(3226)/北朝鮮(2947)/今朝(2597)/朝食(2001)/早朝(1299)/朝廷(1109)/翌朝(1100)/王朝(990)/頼朝(810)/毎朝(809)/朝倉(592)/朝刊(430)/朝比奈(348)/清朝(304)/朝夕(279)/朝ごはん(276)/明朝(264)/朝方(234)
347	項	45488	232.8863	65.772	項(23415)/事項(8594)/項目(5252)/前項(3396)/同項(1455)/条項(1313)/項中(690)/次項(361)/要項(252)/各項(150)/本項(134)/項羽(102)/多項(77)/浦項(63)/別項(36)/項王(25)/単項(21)/項伯(21)/移項(17)/項垂れ(16)
348	光	45377	232.3180	65.849	光(13552)/観光(7869)/光景(2414)/日光(1444)/光っ(1120)/光る(1057)/蛍光(720)/栄光(649)/光線(624)/光学(588)/光沢(549)/光秀(471)/光子(464)/光明(463)/家光(441)/光り(413)/月光(386)/光ら(382)/陽光(353)/光栄(322)
349	県	45117	230.9868	65.925	県(38099)/県民(1020)/県立(898)/県内(567)/府県(364)/県道(361)/県庁(305)/県外(245)/山県(228)/各県(208)/他県(173)/同県(157)/県境(146)/県政(140)/両県(106)/都県(86)/県会(81)/県連(81)/都道府県立(78)/県南(75)
350	軍	45109	230.9459	66.001	軍(12989)/軍事(4340)/将軍(3667)/海軍(2999)/米軍(2140)/陸軍(2123)/軍隊(2059)/軍人(1430)/軍団(756)/軍艦(589)/軍備(527)/空軍(502)/軍勢(483)/軍縮(439)/軍部(426)/軍国(421)/大軍(402)/軍用(364)/軍需(309)/従軍(301)
351	返	45031	230.5465	66.077	繰り返し(5251)/返事(4607)/返し(3649)/返済(2221)/繰り返す(1663)/返っ(1659)/振り返っ(1658)/返還(1586)/返す(1296)/返信(1079)/振り返る(986)/くり返し(905)/返答(863)/繰り返さ(845)/返品(562)/振り返り(520)/返さ(492)/返せ(475)/引き返し(461)/返却(441)
352	号	44974	230.2547	66.153	号(25976)/番号(7881)/信号(2710)/記号(1881)/各号(1748)/暗号(885)/称号(460)/符号(379)/前号(302)/号令(247)/商号(220)/次号(209)/号泣(206)/同号(167)/年号(163)/怒号(113)/屋号(100)/号し(99)/元号(93)/名号(73)
353	告	44812	229.4253	66.229	報告(15364)/広告(4935)/申告(4555)/告げ(2690)/被告(2226)/告白(1961)/勧告(1700)/警告(1355)/告げる(1025)/告知(982)/予告(890)/告発(861)/原告(689)/通告(683)/宣告(643)/忠告(639)/公告(532)/告示(510)/布告(409)/告訴(359)
354	働	44737	229.0413	66.304	労働(24542)/働い(5221)/働き(5068)/働く(4151)/働か(1104)/協働(838)/働きかけ(750)/稼働(574)/働け(351)/共働き(336)/働ける(247)/働きかける(240)/働き者(109)/働き盛り(106)/下働き(98)/働き手(87)/働こう(84)/働かさ(77)/働(71)/働き掛け(63)
355	験	44641	228.5498	66.379	経験(14803)/体験(9607)/試験(9409)/実験(6787)/受験(2893)/被験(358)/治験(353)/修験(205)/霊験(63)/験(49)/先験(48)/効験(15)/自験(10)/験し(6)/験者(5)/電験(4)/験す(4)/験潮(4)/験力(3)/応験(2)
356	買	44609	228.3860	66.455	買っ(12789)/買い(5575)/買う(5030)/買い物(3095)/売買(2515)/買え(1510)/買わ(1428)/買収(1423)/買える(957)/買おう(896)/購買(765)/買物(553)/買い手(382)/買い取り(252)/買い替え(249)/買い上げ(234)/買い取っ(226)/買い付け(224)/買(211)/買主(210)
357	北	44381	227.2187	66.530	北(7842)/北海道(5203)/東北(3124)/北朝鮮(2947)/北京(2350)/北部(1768)/南北(1454)/北方(1250)/北条(944)/敗北(815)/北側(805)/北陸(702)/北西(677)/北上(596)/北米(550)/北東(538)/北九州(485)/浜北(462)/北斗(441)/北村(423)
358	整	44315	226.8808	66.604	整備(20450)/調整(9547)/整理(6228)/整え(1732)/整形(1099)/整っ(902)/整える(726)/整合(669)/整数(381)/整然(376)/整頓(267)/不整(247)/整列(219)/整い(201)/整体(174)/整う(110)/整(94)/整地(88)/均整(82)/整腸(73)
359	造	44131	225.9388	66.679	構造(13708)/製造(8395)/創造(3685)/改造(1550)/造り(1388)/木造(1314)/建造(1176)/造成(816)/造ら(714)/造船(693)/造っ(608)/造形(601)/偽造(569)/造作(512)/造(497)/造る(446)/造林(393)/醸造(376)/酒造(364)/造影(346)
360	張	43991	225.2220	66.753	主張(8266)/緊張(4763)/頑張っ(4508)/拡張(2237)/出張(2169)/張っ(2083)/張り(1649)/頑張り(1347)/張(1007)/引っ張っ(784)/頑張る(743)/膨張(742)/引っ張り(691)/頑張れ(628)/張る(558)/見張り(500)/尾張(497)/張ら(415)/見張っ(408)/引っ張る(334)
361	府	43990	225.2169	66.827	政府(24867)/府(11121)/幕府(3276)/別府(526)/甲府(494)/府中(372)/府県(364)/府令(362)/国府(229)/大宰府(170)/駿府(169)/太宰府(123)/府省(121)/府内(109)/府民(105)/冥府(93)/都道府県立(78)/防府(76)/内府(65)/王府(43)
362	注	43985	225.1913	66.902	注意(13995)/注(7848)/注目(6771)/注文(3986)/注射(2101)/発注(1073)/受注(1047)/注入(964)/注い(958)/注ぐ(575)/注ぎ(505)/注が(423)/注視(342)/注記(312)/注釈(299)/訳注(210)/付注(195)/外注(183)/静注(161)/注解(152)
363	石	43874	224.6230	66.976	石(7768)/石油(4427)/石川(1746)/石炭(1348)/石原(1181)/石井(1114)/宝石(1031)/石田(943)/石垣(880)/漱石(810)/化石(809)/大石(627)/明石(595)/石灰(511)/石器(498)/岩石(497)/白石(492)/石けん(492)/石段(473)/石鹸(418)
364	収	43844	224.4694	67.050	収入(6088)/収集(3484)/吸収(3129)/回収(3032)/収益(3020)/徴収(2664)/収支(2533)/収穫(2169)/収容(2160)/収納(1632)/収録(1567)/買収(1423)/収め(1371)/年収(1014)/収縮(927)/領収(672)/没収(556)/所収(546)/税収(489)/押収(368)
365	建	43777	224.1264	67.124	建設(12038)/建物(8249)/建築(7330)/建て(4071)/再建(2061)/建造(1176)/封建(705)/建っ(676)/建立(623)/建(606)/建てる(604)/建国(526)/建つ(408)/建前(391)/創建(284)/建て替え(230)/建材(197)/建議(194)/福建(194)/建具(163)
366	各	43585	223.1434	67.197	各(20527)/各種(5225)/各地(3771)/各国(3551)/各号(1748)/各社(936)/各々(823)/各自(705)/各人(479)/各省(375)/各所(299)/各部(296)/各年(268)/各回(223)/各党(208)/各県(208)/各界(203)/各位(191)/各州(157)/各日(156)
367	営	43545	222.9386	67.271	経営(16621)/営業(7691)/運営(6461)/民営(1981)/営(1194)/営む(1059)/営利(1004)/公営(887)/自営(673)/営み(575)/陣営(553)/国営(536)/営ん(436)/市営(386)/直営(303)/営農(300)/造営(297)/本営(283)/営ま(243)/営林(235)
368	企	43431	222.3550	67.344	企業(36663)/企画(5505)/企て(413)/企図(152)/企ん(140)/企み(109)/比企(98)/経企(81)/企てる(68)/企む(46)/企(43)/企同連(36)/安企(16)/投企(9)/企ま(7)/公企体(6)/企らみ(5)/企救(5)/悪企み(4)/企もう(3)
369	求	43354	221.9608	67.417	求め(13804)/請求(7918)/要求(7881)/求める(5951)/追求(1971)/欲求(1465)/求人(877)/探求(409)/求職(346)/求めよ(319)/求償(244)/求めよう(189)/買い求め(177)/希求(153)/求心(136)/探し求め(122)/追い求め(114)/求(110)/求婚(109)/訴求(109)
370	素	43292	221.6433	67.490	要素(6111)/素材(4605)/素晴らしい(2706)/素直(2659)/素敵(2551)/酸素(2481)/素(2004)/炭素(1816)/素人(1615)/水素(1459)/酵素(1355)/元素(1080)/素朴(1047)/窒素(977)/素早く(957)/色素(688)/画素(634)/簡素(554)/塩素(427)/毒素(389)
371	比	43231	221.3310	67.563	比較(11837)/比べ(8684)/比(6886)/比率(4766)/比べる(2515)/比例(1354)/対比(935)/比べれ(712)/比重(641)/比し(445)/比喩(390)/朝比奈(348)/比叡(308)/日比谷(302)/恵比寿(287)/見比べ(208)/不比等(154)/比べもの(119)/比類(112)/日比野(105)
372	歩	43189	221.1160	67.636	歩い(8118)/歩(5409)/歩き(4453)/歩く(3752)/散歩(3232)/進歩(2370)/徒歩(1693)/歩行(1559)/歩道(1315)/歩み(907)/歩け(643)/一歩(632)/歩ん(503)/歩兵(489)/初歩(434)/歩む(410)/歩か(384)/歩ける(376)/譲歩(305)/歩合(304)
373	識	43043	220.3685	67.709	意識(16962)/知識(9137)/認識(9029)/常識(3313)/標識(967)/識別(929)/学識(434)/良識(292)/有識(253)/鑑識(252)/面識(247)/見識(236)/識(162)/識者(152)/唯識(125)/識字(124)/識見(119)/博識(52)/智識(29)/識ら(29)
374	割	42982	220.0562	67.781	役割(9299)/割(8498)/割合(7998)/分割(3052)/割引(1371)/割れ(1336)/割っ(1184)/割り(795)/割り当て(725)/割る(399)/割当(387)/ひび割れ(344)/割と(335)/割賦(291)/割高(270)/割安(249)/割り切っ(243)/割れ目(239)/割れる(219)/割り込ん(213)
375	待	42896	219.6159	67.853	期待(12493)/待っ(9957)/待ち(4000)/待つ(2960)/虐待(1807)/招待(1799)/待た(1294)/待て(1067)/待機(973)/待遇(686)/接待(580)/待ち合わせ(510)/待合(453)/優待(419)/待ち受け(387)/待たさ(322)/待望(315)/待ち伏せ(265)/待ち構え(229)/待受(150)
376	効	42574	217.9674	67.925	効果(19076)/有効(7402)/効率(5599)/効力(1801)/無効(1418)/効く(887)/効い(728)/実効(728)/効用(693)/時効(669)/効か(560)/発効(542)/効き(521)/効能(385)/効き目(347)/失効(217)/即効(201)/薬効(185)/効(160)/特効(142)
377	院	42529	217.7370	67.997	病院(15375)/院(10869)/入院(4664)/寺院(1338)/退院(1224)/院長(1136)/学院(809)/医院(727)/衆院(624)/通院(620)/上院(502)/参院(479)/議院(349)/書院(343)/下院(322)/院内(302)/両院(231)/僧院(156)/来院(145)/転院(117)
378	個	42492	217.5476	68.069	個人(17892)/個(11069)/個別(3531)/個性(3026)/個々(2960)/個体(1514)/個室(831)/個所(525)/別個(367)/個数(273)/個展(229)/各個(44)/個物(29)/個我(22)/個眼(22)/好個(19)/個的(18)/個個(12)/個店(11)/個食(10)
379	放	42490	217.5373	68.141	放送(11002)/放射(4311)/解放(3463)/開放(2270)/放置(2131)/放っ(1966)/放棄(1769)/放出(1314)/追放(1100)/放題(1004)/放映(786)/放つ(640)/釈放(621)/放火(610)/放し(478)/放課(475)/放浪(407)/放ち(340)/放流(314)/放電(296)
380	帰	42485	217.5117	68.212	帰っ(11897)/帰り(5536)/帰る(4315)/帰国(2626)/帰宅(2474)/復帰(2138)/帰ら(946)/帰属(834)/帰れ(833)/帰還(678)/帰ろう(642)/回帰(590)/日帰り(563)/持ち帰り(517)/帰り道(475)/帰し(446)/帰省(444)/持ち帰っ(416)/帰結(318)/帰れる(289)
381	究	42409	217.1226	68.284	研究(39881)/究極(1026)/究明(508)/探究(432)/追究(231)/学究(65)/究め(56)/参究(36)/考究(35)/論究(33)/究める(28)/究(23)/究竟(11)/硏究(9)/審究(6)/講究(6)/究めよう(5)/究理(4)/攻究(3)/見究める(3)
382	断	42357	216.8564	68.355	判断(13867)/診断(4933)/決断(1757)/横断(1248)/断り(1133)/断っ(1085)/中断(1023)/切断(1006)/油断(878)/断層(844)/断言(784)/断念(673)/断定(665)/断片(647)/断面(633)/断る(624)/遮断(607)/断ら(560)/断固(508)/無断(483)
383	類	41934	214.6907	68.426	種類(12408)/類(8984)/書類(4784)/分類(4128)/人類(3723)/類似(1511)/類型(1052)/衣類(836)/親類(423)/魚類(330)/部類(279)/類する(246)/鳥類(234)/類推(218)/酒類(217)/同類(215)/肉類(212)/類い(166)/穀類(135)/比類(112)
384	委	41572	212.8374	68.496	委員(35490)/委託(2737)/委任(1053)/委ね(493)/委嘱(374)/委(351)/教委(268)/委ねる(235)/委譲(224)/公取委(68)/委細(61)/委せ(38)/受委託(21)/中労委(15)/監委(15)/委縮(14)/特委(13)/委せる(12)/公調委(9)/委ねよう(8)
385	型	41459	212.2589	68.566	型(23492)/大型(3927)/小型(2411)/典型(2233)/類型(1052)/新型(985)/模型(798)/原型(727)/体型(570)/髪型(556)/定型(493)/型式(443)/中型(271)/型紙(222)/同型(147)/鋳型(147)/成型(141)/旧型(138)/型番(123)/型枠(120)
386	単	41396	211.9363	68.636	簡単(12936)/単位(5994)/単純(4342)/単に(3998)/単なる(2802)/単独(2172)/単語(1588)/単(1432)/単価(765)/単一(715)/単身(649)/単行(403)/単調(378)/単体(375)/単元(312)/単勝(279)/馬単(232)/単品(219)/単数(167)/単発(161)
387	側	41359	211.7469	68.706	側(19028)/側面(3246)/内側(2606)/外側(1724)/右側(1551)/左側(1527)/西側(1273)/両側(1248)/裏側(883)/北側(805)/東側(734)/南側(663)/向こう側(579)/側近(500)/片側(413)/縁側(357)/こちら側(253)/側室(196)/下側(178)/向かい側(175)
388	御	41341	211.6548	68.776	御(28871)/制御(2248)/防御(1123)/御所(834)/御前(501)/御殿(461)/御覧(318)/御座い(310)/御飯(301)/御免(235)/御子(226)/晩御飯(220)/御堂(211)/御座(193)/御手洗(185)/御影(174)/女御(162)/崩御(142)/御霊(137)/御苑(126)
389	乗	41163	210.7434	68.845	乗っ(8357)/乗り(2682)/乗せ(2675)/乗る(2439)/乗車(1285)/乗客(1079)/乗り越え(984)/乗用(981)/乗(805)/乗り出し(773)/騎乗(679)/乗り込ん(650)/乗れ(648)/乗り換え(591)/搭乗(576)/名乗っ(547)/乗じ(514)/乗り物(496)/乗組(487)/乗ら(486)
390	協	40969	209.7502	68.914	協力(15447)/協議(6567)/協会(6486)/協定(4095)/協同(1390)/農協(1154)/協調(1126)/妥協(881)/協働(838)/協(419)/協約(391)/協和(308)/漁協(300)/協奏(283)/生協(263)/協賛(220)/社協(144)/協業(97)/不協(63)/協子(61)
391	率	40839	209.0846	68.983	率(19683)/効率(5599)/比率(4766)/確率(2296)/税率(1202)/率直(1193)/伸び率(827)/率い(761)/率いる(640)/能率(569)/倍率(488)/利率(413)/年率(315)/率先(285)/打率(227)/勝率(205)/高率(194)/統率(185)/軽率(185)/定率(183)
392	医	40655	208.1426	69.052	医療(14882)/医師(7608)/医者(4676)/医(4392)/医学(4346)/医薬(1245)/医院(727)/獣医(349)/医科(342)/軍医(201)/医大(198)/女医(186)/医局(185)/名医(138)/医務(137)/医術(115)/侍医(103)/医業(97)/医長(95)/法医(59)
393	答	40655	208.1426	69.120	答え(18015)/回答(9401)/答弁(3023)/答える(2621)/答申(1519)/答(1092)/応答(1084)/解答(1079)/返答(863)/問答(536)/答えよう(178)/即答(163)/贈答(146)/自答(134)/答案(121)/受け答え(107)/答えれ(99)/正答(74)/答へ(56)/答えろ(42)
394	段	40508	207.3900	69.189	段階(10806)/手段(6042)/段(4240)/階段(4156)/値段(4113)/普段(3852)/一段(939)/段落(770)/段取り(526)/格段(494)/上段(482)/石段(473)/段々(423)/下段(380)/段差(365)/前段(315)/別段(299)/後段(278)/特段(267)/中段(134)
395	読	40502	207.3593	69.257	読ん(9465)/読み(5065)/読む(4670)/読者(3340)/読ま(1501)/読め(1498)/読書(1478)/読売(889)/読める(699)/朗読(609)/解読(463)/読み書き(456)/読み聞かせ(452)/読み取る(307)/読み替える(280)/購読(265)/愛読(258)/読み上げ(256)/読み取り(247)/読み込み(244)
396	字	40489	207.2927	69.325	文字(14682)/字(6377)/数字(5501)/赤字(2761)/漢字(2670)/十字(1870)/黒字(1146)/活字(646)/大字(418)/字幕(361)/苗字(351)/名字(272)/点字(234)/習字(176)/英字(143)/字体(135)/印字(134)/識字(124)/太字(111)/字数(99)
397	境	40442	207.0521	69.394	環境(30659)/境界(1927)/国境(1778)/境(1231)/境内(1078)/心境(761)/境地(492)/境遇(458)/辺境(297)/境目(255)/苦境(250)/越境(161)/県境(146)/逆境(137)/秘境(115)/境涯(84)/境川(60)/境港(50)/佳境(49)/見境(48)
398	技	40384	206.7552	69.462	技術(27593)/競技(2573)/技(2242)/技能(1808)/演技(1587)/技法(902)/技師(524)/実技(328)/技巧(268)/特技(263)/技量(227)/裏技(158)/技士(145)/遊技(130)/手技(129)/国技(125)/技研(122)/技工(115)/球技(108)/技官(69)
399	早	40350	206.5811	69.530	早く(13556)/早い(5050)/早期(2909)/早め(2061)/早速(1845)/早(1346)/早朝(1299)/早々(1033)/素早く(957)/早急(940)/早稲田(761)/いち早く(554)/早かっ(496)/早起き(428)/手早く(370)/早口(339)/早川(302)/早苗(274)/足早(251)/早春(222)
400	助	40332	206.4889	69.598	補助(6284)/援助(6272)/助け(4355)/助成(3122)/救助(1436)/助言(1383)/助手(1365)/助(1314)/助ける(871)/扶助(809)/助かっ(588)/手助け(539)/介助(476)/助かる(456)/助かり(455)/助長(448)/共助(382)/助産(372)/自助(360)/助け合い(242)
401	夜	40292	206.2842	69.666	夜(18148)/今夜(3169)/夜中(2218)/深夜(2075)/昨夜(1964)/夜間(1813)/一夜(883)/夜明け(761)/前夜(604)/夜空(600)/夜景(503)/昼夜(393)/通夜(381)/徹夜(368)/夜行(324)/夜勤(277)/夜半(258)/月夜(251)/小夜子(241)/日夜(210)
402	商	39974	204.6561	69.733	商品(16367)/商店(2879)/商売(2519)/商業(2493)/商法(2097)/商(1923)/商人(1813)/商工(1585)/通商(1575)/商事(906)/商社(851)/商標(773)/商船(313)/商会(300)/商い(255)/商談(241)/商工業(232)/商号(220)/商用(207)/商務(190)
403	接	39949	204.5281	69.801	直接(13272)/接続(4798)/接触(2430)/面接(2309)/接種(1933)/接し(1758)/間接(1646)/接近(1384)/密接(1333)/接する(1168)/隣接(1164)/接着(1013)/応接(655)/接待(580)/溶接(539)/接点(497)/接客(490)/接合(435)/近接(346)/接地(217)
404	税	39773	203.6270	69.868	税(13860)/課税(4438)/税金(2747)/税務(1918)/納税(1910)/税制(1662)/税額(1328)/税率(1202)/関税(1033)/国税(989)/租税(940)/減税(938)/税込(732)/税理(592)/税関(498)/税収(489)/増税(442)/市税(428)/税込み(269)/免税(265)
405	愛	39673	203.1150	69.935	愛(7743)/愛し(3286)/恋愛(3270)/可愛い(2931)/愛情(2264)/愛知(1724)/愛する(1721)/愛さ(1053)/可愛(986)/愛想(854)/愛人(842)/愛用(752)/愛媛(659)/愛国(566)/愛好(555)/愛犬(529)/愛着(496)/可愛く(495)/愛撫(471)/愛称(428)
406	準	39520	202.3317	70.002	基準(13817)/準備(9287)/水準(5589)/標準(4843)/準用(2201)/準(1489)/準ずる(410)/準じ(409)/準拠(328)/照準(248)/規準(238)/準々(127)/平準(104)/準則(90)/準じる(57)/公準(52)/準急(50)/準位(32)/比準(28)/準之助(17)
407	任	39512	202.2908	70.068	責任(15043)/就任(2090)/任務(1854)/任せ(1799)/任意(1741)/任命(1379)/主任(1220)/選任(1211)/担任(1078)/委任(1053)/任期(973)/赴任(813)/辞任(751)/解任(527)/任せる(521)/常任(465)/任さ(410)/任(395)/後任(366)/信任(364)
408	労	39436	201.9017	70.135	労働(24542)/苦労(4356)/疲労(1551)/勤労(1506)/労務(944)/就労(909)/労使(599)/労(477)/功労(474)/労災(470)/労組(468)/労力(435)/過労(348)/労基(297)/慰労(206)/厚労(143)/国労(122)/労作(112)/労政(111)/労連(108)
409	証	39384	201.6354	70.201	証明(6564)/保証(5471)/証券(4806)/証拠(4776)/証(4091)/証言(2014)/検証(1831)/証人(1704)/実証(1649)/認証(1101)/証書(894)/立証(724)/東証(438)/公証(270)/確証(265)/弁証(242)/証し(230)/証文(186)/論証(185)/暗証(176)
410	再	39293	201.1695	70.268	再(12916)/再び(6828)/再生(5828)/再建(2061)/再度(1914)/再開(1469)/再現(1441)/再編(1100)/再発(965)/再会(949)/再婚(608)/再三(365)/再来(269)/再興(263)/再審(208)/再選(188)/再燃(172)/再考(172)/再犯(162)/再起(152)
411	父	39291	201.1593	70.334	父(20769)/父親(6938)/祖父(1974)/親父(1468)/叔父(1310)/父母(1235)/伯父(812)/神父(681)/父子(553)/祖父母(537)/義父(526)/秩父(336)/父兄(235)/養父(177)/家父(134)/父方(131)/実父(127)/父祖(101)/小父(75)/亡父(74)
412	勝	39290	201.1542	70.400	勝手(5395)/優勝(3831)/勝利(3493)/勝負(2900)/勝(2696)/勝ち(2163)/勝っ(2063)/決勝(1895)/勝つ(1332)/勝て(977)/連勝(605)/勝てる(521)/勝頼(369)/勝敗(358)/単勝(279)/勝者(272)/身勝手(270)/勝る(268)/勝家(261)/景勝(255)
413	族	39230	200.8470	70.466	家族(19077)/民族(6039)/族(2786)/貴族(2251)/遺族(1707)/一族(1640)/親族(1396)/部族(671)/豪族(437)/種族(411)/水族(367)/皇族(337)/同族(257)/士族(237)/氏族(236)/王族(207)/華族(195)/血族(183)/族長(176)/語族(80)
414	士	39216	200.7753	70.533	士(12531)/同士(4449)/博士(3571)/富士(2934)/武士(2413)/兵士(2362)/騎士(1147)/紳士(999)/士官(942)/戦士(750)/書士(523)/志士(455)/力士(434)/士気(314)/浪士(304)/修士(303)/富士通(244)/士族(237)/富士見(182)/学士(180)
415	険	39087	200.1149	70.599	保険(26046)/危険(10695)/冒険(1232)/険しい(379)/険悪(193)/険しく(127)/探険(101)/陰険(96)/険(62)/邪険(52)/険し(26)/峻険(22)/険阻(18)/険しかっ(13)/天険(8)/険路(7)/険峻(3)/険しき(2)/険難(2)/傅険(1)
416	室	39059	199.9715	70.664	室(15454)/教室(6644)/室内(2364)/寝室(1382)/病室(834)/個室(831)/室町(733)/温室(654)/皇室(639)/浴室(637)/客室(548)/和室(466)/一室(459)/室温(374)/小室(359)/密室(355)/王室(309)/茶室(285)/自室(261)/居室(200)
417	程	38929	199.3060	70.730	程度(20795)/過程(6139)/程(2950)/日程(1829)/工程(1392)/課程(1312)/規程(791)/方程(788)/先程(683)/行程(389)/射程(320)/余程(180)/道程(180)/音程(138)/程遠い(114)/上程(100)/旅程(87)/程よい(85)/程よく(74)/成程(64)
418	西	38872	199.0141	70.796	西(7610)/関西(3159)/西洋(2758)/東西(1675)/西側(1273)/西部(1218)/西欧(1214)/西武(961)/西郷(858)/大西(727)/西ドイツ(686)/北西(677)/南西(677)/西田(546)/西方(528)/西村(478)/小西(424)/西南(399)/西暦(390)/西川(381)
419	太	38826	198.7786	70.861	太陽(5337)/太平(3038)/太郎(1657)/太い(1397)/太鼓(1292)/太田(1223)/太(1106)/太っ(1102)/皇太子(922)/太子(852)/丸太(612)/太く(529)/太刀(485)/太夫(453)/太り(441)/太宰(352)/太もも(349)/太政(300)/健太(276)/太閤(276)
420	門	38736	198.3178	70.927	専門(12680)/部門(5771)/門(4379)/入門(934)/門前(642)/肛門(630)/名門(503)/一門(415)/山門(324)/正門(313)/門下(267)/大門(266)/門弟(259)/長門(251)/右衛門(250)/衛門(246)/関門(224)/門徒(221)/門人(205)/天安門(204)
421	台	38654	197.8980	70.992	台(12390)/舞台(5630)/台湾(2808)/台所(2005)/仙台(1987)/台風(1958)/台数(759)/土台(725)/屋台(661)/台詞(658)/寝台(597)/台帳(578)/天台(534)/台地(497)/台頭(492)/高台(457)/台本(352)/灯台(339)/台場(317)/邪馬台(295)
422	管	38638	197.8161	71.057	管理(22142)/管(2427)/血管(2356)/保管(2109)/所管(1330)/管轄(1226)/気管(902)/管内(551)/管制(520)/管財(450)/配管(381)/腸管(291)/管区(271)/管弦(242)/移管(238)/主管(178)/道管(172)/管領(156)/入管(152)/管掌(148)
423	提	38581	197.5243	71.122	提供(11685)/提出(7729)/提案(5367)/前提(4585)/提示(2400)/提起(1497)/提言(1273)/提携(1113)/提唱(968)/提督(394)/菩提(384)/提灯(354)/提訴(310)/提げ(139)/招提(73)/手提げ(53)/提議(50)/提(40)/提要(20)/求菩提(20)
424	科	38577	197.5038	71.187	科学(12076)/科(8958)/教科(3496)/外科(2437)/歯科(1788)/科目(1382)/分科(1267)/内科(1241)/理科(744)/学科(629)/百科(379)/眼科(362)/医科(342)/前科(256)/文科(214)/仁科(186)/山科(186)/工科(144)/産科(134)/本科(124)
425	呼	38539	197.3093	71.252	呼ば(11535)/呼ん(5817)/呼吸(4356)/呼ぶ(4264)/呼び(2799)/呼びかけ(1479)/呼び出し(862)/呼称(516)/呼び名(442)/呼応(408)/呼び出さ(338)/呼びかける(330)/呼べ(305)/呼べる(272)/呼び寄せ(219)/呼び掛け(217)/呼び出す(202)/呼び止め(201)/卑弥呼(182)/呼ばわり(178)
426	減	38516	197.1915	71.317	減少(9451)/削減(3292)/減(3156)/減っ(2576)/軽減(2222)/加減(2090)/減らす(1062)/減る(1058)/減らし(1032)/減額(1016)/減税(938)/減り(930)/増減(913)/減量(774)/低減(756)/減価(613)/半減(509)/減速(476)/激減(452)/減免(419)
427	両	38324	196.2085	71.382	両(5582)/両親(5106)/両手(4136)/両方(3567)/車両(3310)/両者(2870)/両国(1750)/両側(1248)/両面(977)/両立(784)/両腕(616)/両足(612)/両端(488)/両替(365)/両脇(308)/両眼(240)/両院(231)/両日(225)/両氏(224)/両脚(205)
428	百	38298	196.0754	71.447	百(13978)/二百(4526)/五百(2866)/三百(2725)/四百(1730)/八百(1331)/六百(1325)/数百(1205)/百姓(1081)/七百(1040)/何百(899)/百貨(872)/九百(740)/百済(554)/百合(385)/百科(379)/八百屋(221)/小百合(179)/百合子(148)/百合根(71)
429	花	38115	195.1385	71.511	花(16695)/花火(1501)/花粉(1302)/開花(922)/花びら(656)/花見(642)/花嫁(520)/立花(486)/花壇(450)/花束(431)/草花(365)/花屋(350)/花園(343)/火花(336)/菜の花(321)/花瓶(297)/花柄(277)/花弁(255)/花子(243)/花形(235)
430	古	37794	193.4951	71.575	古い(6140)/古代(3717)/名古屋(3310)/古(2364)/古く(2314)/古典(1957)/古墳(1580)/中古(1482)/稽古(1451)/考古(809)/古来(626)/古今(572)/古事(501)/最古(448)/古本(377)/古賀(367)/古川(356)/蒙古(335)/古田(302)/古び(285)
431	米	37728	193.1572	71.638	米(9037)/米国(8342)/欧米(2876)/日米(2748)/米軍(2140)/全米(651)/北米(550)/中南米(532)/玄米(513)/南米(496)/米子(450)/対米(373)/米ソ(369)/久留米(354)/米沢(312)/米穀(294)/精米(293)/英米(265)/新米(264)/久米(251)
432	処	37548	192.2356	71.702	処理(15213)/処分(6521)/対処(3914)/処置(1936)/何処(1837)/処方(1327)/処遇(1259)/処(966)/処罰(873)/処刑(714)/処女(702)/処する(414)/此処(381)/処せ(293)/処し(149)/其処(143)/住処(92)/善処(89)/処世(78)/目処(71)
433	与	37339	191.1656	71.765	与え(13072)/与える(6021)/給与(2750)/関与(2130)/寄与(1971)/投与(1911)/贈与(1127)/付与(1086)/供与(1013)/与党(1008)/授与(441)/貸与(425)/賞与(330)/参与(267)/与(257)/分与(246)/与野党(225)/与えよう(173)/与力(138)/譲与(132)
434	路	37332	191.1298	71.828	道路(12036)/路(3236)/路線(2716)/回路(1809)/通路(1348)/経路(1307)/路上(1009)/路地(959)/進路(903)/線路(864)/航路(850)/淡路(813)/街路(747)/水路(738)/路面(681)/姫路(535)/釧路(475)/迷路(328)/小路(311)/大路(261)
435	移	36964	189.2457	71.890	移動(8733)/推移(5575)/移転(3478)/移行(2563)/移っ(1733)/移植(1659)/移し(1600)/移民(1452)/移住(1359)/転移(973)/移り(826)/移る(788)/移す(764)/移籍(653)/移さ(597)/移送(426)/移入(372)/移譲(330)/移管(238)/移り住ん(193)
436	影	36946	189.1535	71.953	影響(18782)/撮影(10219)/影(3815)/人影(771)/面影(527)/投影(402)/造影(346)/陰影(304)/幻影(290)/御影(174)/影山(136)/遺影(83)/影絵(78)/射影(62)/日影(55)/真影(51)/月影(48)/染影(48)/機影(43)/印影(41)
437	環	36856	188.6928	72.015	環境(30659)/循環(2789)/一環(1638)/環(674)/環状(473)/環礁(70)/円環(52)/外環(47)/指環(45)/環濠(39)/環頭(33)/環視(31)/環壕(29)/連環(29)/花環(20)/環流(18)/耳環(16)/金環(15)/環形(13)/首環(12)
438	急	36837	188.5955	72.077	急(7598)/緊急(4630)/救急(2962)/急速(2938)/急い(2344)/急激(1854)/急増(1219)/特急(1030)/急性(1017)/早急(940)/応急(905)/急行(753)/急ぐ(571)/急ぎ(495)/東急(482)/急遽(439)/阪急(427)/急が(416)/至急(383)/急便(333)
439	館	36734	188.0682	72.139	館(25494)/会館(2477)/旅館(1617)/休館(1126)/開館(759)/函館(641)/入館(555)/本館(330)/館内(330)/別館(261)/館長(242)/同館(237)/分館(210)/公館(195)/洋館(183)/来館(137)/館山(137)/閉館(126)/角館(124)/新館(115)
440	局	36489	186.8138	72.200	局(16800)/結局(9597)/当局(2498)/局面(1092)/局長(931)/薬局(759)/局所(498)/支局(483)/部局(424)/局員(273)/政局(250)/終局(231)/局地(199)/破局(190)/医局(185)/対局(185)/大局(144)/局部(130)/戦局(121)/総局(117)
441	除	36471	186.7217	72.262	除く(5392)/削除(5243)/控除(3847)/掃除(3530)/排除(2369)/解除(2005)/除い(1842)/除去(1647)/免除(1587)/除き(1413)/除外(1037)/切除(587)/駆除(578)/除け(576)/取り除く(559)/防除(484)/除(361)/除雪(333)/取り除い(323)/取り除き(259)
442	投	36419	186.4554	72.323	投資(12819)/投票(3263)/投げ(2197)/投手(2024)/投入(1934)/投与(1911)/投稿(1344)/投下(667)/投げる(611)/投じ(480)/投機(462)/投げかけ(443)/投棄(418)/投球(408)/投影(402)/投げつけ(360)/投げ出し(313)/投融資(274)/財投(271)/投薬(244)
443	視	36360	186.1534	72.385	視線(4541)/無視(4340)/重視(3894)/視点(3686)/監視(3528)/視(2016)/視聴(1880)/視野(1577)/警視(1356)/視覚(1353)/視界(1100)/視察(867)/視力(698)/凝視(457)/軽視(438)/可視(368)/注視(342)/内視(309)/視聴覚(271)/巡視(261)
444	非	36348	186.0919	72.446	非常(17193)/非(11684)/是非(2472)/非難(1982)/非行(1201)/非情(216)/非人(206)/非核(159)/非鉄(158)/非道(151)/非力(121)/非凡(101)/非番(82)/検非違使(81)/非礼(67)/非業(55)/非訟(39)/似非(29)/非戦(28)/非法(19)
445	介	36284	185.7643	72.507	紹介(14620)/介護(9666)/介入(1402)/厄介(861)/介し(843)/仲介(835)/魚介(642)/媒介(609)/介助(476)/信介(332)/介在(298)/介(296)/介石(289)/圭介(269)/上野介(200)/俊介(189)/一介(177)/大介(171)/龍之介(171)/洋介(129)
446	細	36284	185.7643	72.569	細胞(8701)/詳細(4927)/細い(2147)/細かい(2082)/細菌(1678)/細かく(1577)/細く(1106)/細工(1006)/細川(960)/繊細(909)/明細(670)/細部(633)/細め(605)/細か(593)/細長い(582)/細(523)/些細(448)/零細(419)/細分(354)/細心(306)
447	君	36003	184.3256	72.629	君(31078)/諸君(897)/君主(882)/主君(344)/君が代(343)/君臨(340)/君子(272)/細君(196)/大君(162)/暴君(152)/君津(101)/君臣(78)/若君(75)/君江(61)/名君(59)/昭君(57)/貴君(53)/父君(48)/明君(45)/君代(44)
448	覚	36000	184.3103	72.690	覚え(8826)/感覚(6906)/覚悟(2657)/自覚(2509)/視覚(1353)/覚える(1158)/目覚め(1109)/知覚(992)/覚め(921)/錯覚(856)/発覚(695)/聴覚(656)/覚せい(619)/覚醒(542)/覚まし(487)/味覚(468)/覚書(340)/見覚え(306)/幻覚(290)/覚める(290)
449	農	35911	183.8546	72.751	農業(9685)/農家(3356)/農林(2748)/農村(2714)/農民(2320)/農地(2127)/農(1185)/農産(1161)/農協(1154)/農薬(1154)/農場(685)/農耕(649)/農政(525)/農園(511)/農水(507)/農作(426)/農用(386)/酪農(347)/農林漁業(314)/営農(300)
450	離	35897	183.7829	72.811	離れ(8626)/距離(8425)/離婚(3931)/分離(2695)/離れる(1039)/離し(906)/離脱(693)/隔離(628)/離職(505)/離乳(478)/離さ(464)/乖離(392)/切り離し(388)/離島(384)/離陸(352)/かけ離れ(334)/剥離(301)/離す(301)/離せ(288)/電離(276)
451	適	35729	182.9228	72.872	適用(8078)/適切(5900)/適当(3696)/適正(3570)/快適(2035)/最適(1786)/適応(1772)/適合(1738)/適し(1536)/適度(766)/適宜(613)/適量(550)/適格(532)/適性(461)/適法(300)/適時(242)/適齢(204)/適する(164)/適任(160)/適地(155)
452	器	35682	182.6822	72.932	器(10173)/機器(4234)/武器(2764)/兵器(2638)/容器(2093)/楽器(1684)/器具(1541)/食器(1161)/臓器(1000)/器用(789)/土器(743)/器官(704)/石器(498)/陶器(492)/性器(432)/電器(366)/便器(361)/凶器(357)/陶磁器(257)/器量(241)
453	火	35672	182.6310	72.992	火(11875)/火災(3106)/火山(1682)/花火(1501)/火曜(1447)/防火(1006)/火事(973)/消火(890)/噴火(855)/放火(610)/中火(465)/弱火(461)/出火(397)/火星(387)/火薬(365)/火花(336)/火傷(332)/火力(325)/火葬(317)/強火(310)
454	若	35653	182.5337	73.052	若い(11790)/若者(4997)/若しくは(3590)/若干(2913)/若(2037)/若く(1250)/若手(1225)/若年(1027)/若き(661)/般若(339)/若葉(332)/若狭(303)/若林(262)/若松(257)/若かっ(240)/老若(217)/若い衆(211)/若衆(202)/若し(192)/若々しい(186)
455	療	35573	182.1241	73.112	医療(14882)/治療(11233)/療法(3851)/診療(2798)/療養(1906)/療育(325)/心療(210)/受療(80)/療護(49)/食療(36)/加療(35)/施療(34)/療治(31)/鍼療(15)/理療(12)/全療協(10)/療院(9)/初療(7)/救療(7)/乱療(6)
456	健	35546	181.9859	73.172	健康(18221)/保健(8060)/健全(2516)/健診(1449)/健(654)/健在(463)/健一(375)/健常(343)/健やか(309)/健太(276)/健闘(235)/健太郎(196)/穏健(179)/健二(166)/健気(128)/健保(123)/健介(105)/健治(87)/健三郎(86)/健吾(82)
457	値	35510	181.8016	73.232	価値(10879)/値(10792)/値段(4113)/数値(3217)/高値(1051)/値上げ(659)/安値(528)/値上がり(490)/値下げ(400)/値引き(356)/終値(320)/値打ち(287)/値下がり(236)/値動き(143)/指値(110)/上値(102)/小値賀(100)/半値(91)/下値(90)/値幅(90)
458	課	35326	180.8596	73.292	課(15558)/課題(8555)/課税(4438)/課長(1612)/課程(1312)/課せ(483)/放課(475)/課さ(395)/課し(320)/賦課(316)/日課(311)/課す(235)/同課(200)/課する(161)/考課(147)/課徴(147)/課金(107)/課外(94)/各課(80)/公課(62)
459	省	35258	180.5114	73.351	省(25479)/反省(2578)/省庁(1680)/省略(1219)/省令(469)/帰省(444)/省エネ(406)/各省(375)/省力(244)/総省(170)/本省(164)/省い(149)/省く(139)/三省(132)/府省(121)/同省(111)/内省(108)/省吾(105)/省き(99)/省け(88)
460	導	35247	180.4551	73.411	指導(17116)/導入(8159)/誘導(2039)/主導(1472)/導体(980)/導く(708)/導い(639)/導か(582)/補導(471)/伝導(395)/先導(391)/導き(320)/盲導(158)/導線(134)/導師(123)/導電(117)/導き出さ(112)/導き出す(106)/導(103)/導き出し(92)
461	算	35212	180.2759	73.470	計算(10441)/予算(8326)/決算(2741)/算定(1536)/算出(1194)/加算(1125)/換算(1041)/清算(1022)/試算(858)/通算(669)/採算(604)/算入(585)/算数(492)/概算(398)/演算(381)/起算(378)/合算(325)/精算(272)/積算(201)/算(166)
462	千	35106	179.7332	73.529	千(6349)/千葉(3347)/二千(2327)/三千(1972)/五千(1843)/一千(1263)/四千(996)/六千(865)/七千(854)/数千(823)/八千(799)/何千(628)/５千(628)/千代(621)/千代田(615)/２千(493)/九千(487)/３千(404)/千秋(364)/１千(361)
463	念	35066	179.5284	73.589	記念(6567)/残念(5602)/概念(4634)/念(2481)/理念(2316)/観念(2144)/懸念(1813)/信念(1147)/念仏(905)/念頭(901)/専念(777)/断念(673)/無念(470)/念願(447)/疑念(348)/執念(339)/丹念(319)/念入り(272)/祈念(245)/通念(245)
464	製	34937	178.8680	73.648	製品(8748)/製造(8395)/製(5523)/製作(3242)/木製(710)/複製(679)/製剤(629)/製薬(581)/製鉄(480)/精製(350)/特製(346)/製法(320)/作製(314)/製紙(266)/乳製(264)/鉄製(264)/製材(261)/調製(216)/縫製(184)/既製(166)
465	官	34902	178.6888	73.706	官(12646)/長官(4237)/官僚(2367)/警官(1609)/官庁(1214)/次官(1023)/士官(942)/官房(888)/器官(704)/官邸(601)/教官(518)/代官(453)/官吏(444)/官能(418)/高官(393)/官民(302)/神官(292)/武官(260)/官軍(241)/代官山(217)
466	写	34718	177.7468	73.765	写真(26548)/写し(1233)/描写(1124)/写っ(797)/被写(327)/写本(326)/転写(288)/複写(281)/写す(275)/写(244)/写り(199)/模写(194)/写実(191)/実写(177)/試写(174)/書写(173)/謄写(168)/写生(157)/写る(149)/映写(149)
467	難	34528	176.7740	73.823	難しい(7540)/困難(6795)/避難(2451)/非難(1982)/難しく(1321)/難い(1300)/難(1223)/難民(1024)/無難(810)/難し(610)/遭難(589)/盗難(465)/有難う(420)/苦難(376)/難易(371)/難波(354)/難く(325)/難解(321)/災難(295)/難点(295)
468	郎	34356	175.8934	73.881	太郎(1657)/野郎(1184)/次郎(1096)/三郎(973)/一郎(830)/四郎(677)/五郎(532)/郎(410)/八郎(403)/新郎(390)/二郎(374)/達郎(315)/純一郎(307)/十郎(300)/志郎(244)/藤吉郎(238)/慎太郎(231)/小太郎(226)/金次郎(225)/小次郎(223)
469	師	34286	175.5351	73.939	師(7663)/医師(7608)/教師(5432)/講師(2991)/師匠(1111)/師団(839)/漁師(723)/牧師(717)/師範(632)/法師(631)/大師(585)/技師(524)/薬師(356)/禅師(344)/恩師(307)/術師(242)/猟師(220)/占い師(217)/絵師(197)/師走(189)
470	失	34152	174.8490	73.997	失敗(6096)/失っ(3758)/失業(2780)/失礼(2656)/失わ(2244)/損失(2087)/失う(1429)/喪失(1426)/過失(1291)/失い(1182)/失点(568)/消失(552)/失望(544)/失踪(450)/失調(433)/紛失(416)/焼失(318)/失格(316)/失恋(298)/見失っ(275)
471	午	34112	174.6442	74.054	午後(17868)/午前(13645)/正午(2058)/午(144)/端午(72)/午睡(44)/子午(40)/午之助(31)/午年(29)/午后(27)/初午(26)/午餐(21)/丙午(20)/戊午(14)/甲午(9)/午すぎ(8)/午王(7)/壬午(6)/庚午(6)/午過ぎ(5)
472	負	34108	174.6237	74.112	負担(11791)/負け(4789)/勝負(2900)/負債(1583)/負荷(1472)/負傷(1307)/負う(1197)/負っ(1082)/背負っ(996)/負(869)/負ける(751)/請負(657)/負わ(507)/自負(426)/負い(331)/背負い(290)/負え(249)/背負う(235)/抱負(188)/負わさ(129)
473	登	34053	174.3422	74.169	登録(10608)/登場(8490)/登記(3864)/登山(1789)/登校(1508)/登っ(1444)/登り(831)/登る(817)/能登(465)/登別(400)/登用(369)/登板(296)/登(218)/登れ(158)/登頂(157)/山登り(138)/登ら(115)/登城(110)/登輝(108)/正登(107)
474	氏	33965	173.8916	74.227	氏(24212)/氏名(2914)/彼氏(2679)/源氏(1308)/氏族(236)/平氏(233)/両氏(224)/尊氏(217)/同氏(177)/諸氏(153)/光源氏(133)/氏神(114)/杜氏(106)/氏康(105)/摂氏(99)/氏子(99)/氏真(84)/持氏(59)/氏政(48)/氏直(47)
475	低	33864	173.3745	74.284	低い(7069)/低下(7026)/低(5565)/最低(4165)/低く(3386)/低迷(1069)/低減(756)/低温(692)/低め(342)/低かっ(327)/高低(283)/低地(245)/低音(243)/低利(236)/低速(211)/低廉(199)/低調(179)/低木(165)/低位(148)/低空(123)
476	階	33731	172.6936	74.341	階(12398)/段階(10806)/階段(4156)/階級(3033)/階層(1704)/階下(382)/二階堂(234)/音階(142)/階調(125)/位階(112)/各階(96)/階上(87)/上階(65)/地階(56)/高階(45)/階数(43)/階梯(39)/職階(30)/上下階(16)/下階(14)
477	材	33704	172.5554	74.398	材料(8872)/素材(4605)/取材(3925)/人材(3312)/材(2569)/木材(1661)/食材(1477)/教材(1120)/資材(892)/題材(649)/機材(549)/材質(443)/材木(390)/部材(266)/製材(261)/資機材(256)/建材(197)/花材(192)/具材(167)/石材(158)
478	展	33545	171.7413	74.454	発展(10124)/展開(9313)/展示(4432)/進展(3133)/展(3132)/展望(1784)/展覧(622)/出展(256)/個展(229)/伸展(136)/日展(51)/同展(31)/展観(27)/文展(25)/展子(24)/本展(23)/院展(21)/親展(17)/大展(13)/官展(13)
479	況	33538	171.7055	74.511	状況(28155)/不況(2130)/現況(637)/概況(380)/情況(332)/実況(312)/市況(307)/盛況(240)/近況(218)/戦況(202)/好況(136)/活況(110)/景況(108)/業況(78)/海況(38)/作況(32)/漁況(25)/況(20)/流況(20)/況や(17)
480	差	33358	170.7839	74.567	差(8586)/差別(3816)/交差(1692)/格差(1679)/差異(1141)/差し出し(930)/差し(808)/差額(742)/偏差(695)/眼差し(493)/日差し(491)/誤差(485)/人差し(462)/差し上げ(433)/差押(408)/差し支え(388)/大差(381)/差し引い(376)/段差(365)/指差し(357)
481	異	33312	170.5484	74.623	異なる(6168)/異常(5369)/異なっ(2497)/異なり(2388)/異(1714)/異議(1582)/差異(1141)/特異(1121)/異様(943)/異性(924)/異動(819)/変異(671)/異質(605)/異国(560)/異例(502)/驚異(483)/異論(424)/異変(416)/異端(406)/異物(397)
482	満	33261	170.2873	74.680	満足(6266)/未満(3597)/不満(3456)/満ち(2052)/満たす(1223)/満州(1195)/満たし(1095)/満たさ(1008)/肥満(955)/満(896)/満た(661)/満点(608)/満喫(590)/満載(568)/満開(544)/満員(517)/満了(506)/満期(432)/満月(380)/満洲(347)
483	振	33184	169.8931	74.736	振興(5044)/振っ(3168)/振り(2335)/振動(1703)/振り返っ(1658)/振替(1283)/振り返る(986)/振る(924)/不振(757)/振込(707)/振り向い(620)/振込み(619)/振り返り(520)/振り込み(458)/振ら(443)/振る舞い(421)/三振(394)/身振り(361)/振り回さ(306)/振り向く(303)
484	習	32835	168.1063	74.791	学習(8976)/練習(6776)/習慣(4024)/講習(2625)/実習(1255)/習得(1092)/演習(848)/習っ(761)/慣習(753)/風習(545)/教習(496)/習い(408)/習性(308)/見習い(299)/復習(296)/習う(259)/習熟(236)/常習(228)/習俗(203)/習い事(179)
485	友	32548	166.6370	74.846	友達(10107)/友人(9142)/友だち(2481)/友(2092)/親友(1198)/友好(996)/友情(957)/住友(629)/大友(364)/交友(241)/メル友(176)/政友(173)/血友(153)/旧友(149)/戦友(143)/友愛(132)/盟友(120)/学友(116)/友子(113)/級友(110)
486	推	32468	166.2274	74.901	推進(15990)/推移(5575)/推定(2322)/推測(1783)/推計(1286)/推薦(1162)/推理(917)/推奨(537)/推論(510)/推察(442)/推し(221)/類推(218)/推し進め(190)/推古(146)/推量(134)/推挙(131)/推敲(105)/推す(91)/推し進める(71)/推(60)
487	統	32335	165.5465	74.955	伝統(5873)/大統領(5442)/統計(5405)/統一(4047)/統合(3353)/系統(1544)/統治(1518)/統制(1373)/血統(621)/正統(614)/統括(580)/総統(370)/統率(185)/統(184)/持統(171)/統帥(137)/統廃合(127)/統御(115)/皇統(104)/統轄(76)
488	深	32260	165.1625	75.010	深い(7689)/深く(6163)/深刻(2765)/深(2438)/深夜(2075)/深め(1289)/深める(739)/深川(487)/深み(476)/深々(448)/深層(364)/深海(355)/水深(333)/深かっ(289)/奥深く(287)/深まっ(286)/深まる(255)/深度(251)/深まり(248)/深谷(218)
489	馬	32214	164.9270	75.064	馬(8104)/馬鹿(3049)/競馬(1497)/群馬(1054)/馬車(927)/馬場(805)/馬券(662)/龍馬(637)/騎馬(584)/対馬(483)/司馬(449)/牡馬(437)/馬力(436)/有馬(411)/出馬(396)/練馬(386)/牝馬(374)/白馬(352)/乗馬(316)/邪馬台(295)
490	給	32144	164.5686	75.118	供給(5606)/給付(4365)/支給(4026)/給与(2750)/給料(2441)/受給(1820)/補給(1446)/給食(1375)/需給(1256)/自給(775)/給(748)/配給(571)/有給(501)/給水(416)/月給(412)/給油(378)/時給(363)/恩給(343)/給仕(210)/昇給(196)
491	望	32057	164.1232	75.172	希望(9055)/要望(2520)/望ましい(1975)/展望(1784)/欲望(1744)/望む(1732)/望ん(1601)/望み(1458)/絶望(1282)/望ま(1040)/願望(997)/望遠(788)/失望(544)/志望(541)/望め(386)/望月(326)/有望(322)/野望(316)/待望(315)/眺望(298)
492	打	31970	163.6778	75.226	打っ(3081)/打つ(2193)/打ち(2147)/打(1600)/打た(1403)/打撃(1110)/打ち合わせ(883)/安打(840)/打ち上げ(697)/打ち出し(675)/打者(612)/打ち明け(559)/打て(512)/打線(486)/打開(393)/打席(365)/打破(323)/打球(321)/舌打ち(311)/打ち込ん(307)
493	具	31943	163.5395	75.280	具体(11902)/道具(4042)/具合(3399)/具(3067)/家具(1697)/器具(1541)/玩具(536)/工具(440)/用具(335)/絵の具(326)/金具(317)/寝具(272)/具現(246)/遊具(208)/絵具(207)/具材(167)/建具(163)/装具(161)/具足(144)/文具(137)
494	右	31840	163.0122	75.334	右(10762)/左右(5016)/右手(3222)/右側(1551)/右翼(730)/右足(711)/右上(615)/右京(570)/右腕(545)/右下(510)/右肩(365)/右近(337)/右端(309)/右折(302)/右衛門(250)/右辺(233)/右岸(199)/同右(193)/右派(187)/右脳(175)
495	優	31567	161.6145	75.387	優先(4159)/優勝(3831)/優れ(3262)/優秀(2500)/優しい(2418)/女優(1777)/俳優(1775)/優しく(1570)/優位(1290)/優良(871)/優し(856)/優遇(821)/優雅(809)/優(765)/優勢(461)/優越(453)/声優(420)/優待(419)/優美(303)/優等(263)
496	願	31555	161.5531	75.440	願い(20942)/願っ(1682)/出願(1291)/願望(997)/願う(956)/本願(819)/祈願(485)/願(468)/志願(455)/念願(447)/請願(328)/懇願(299)/願書(287)/嘆願(219)/悲願(158)/願い出(151)/哀願(149)/願え(128)/願い事(110)/願わく(93)
497	座	31542	161.4865	75.494	講座(4414)/座っ(4025)/座(3666)/口座(3098)/銀座(1989)/座席(1494)/座敷(1172)/座り(1069)/座る(944)/即座(912)/座標(604)/星座(433)/座談(400)/座ら(331)/正座(326)/御座い(310)/当座(270)/台座(238)/一座(228)/座り込ん(219)
498	案	31533	161.4404	75.547	案(7365)/案内(5736)/提案(5367)/法案(2587)/案外(957)/事案(863)/案件(830)/勘案(812)/考案(721)/立案(704)/思案(577)/草案(507)/案の定(458)/原案(436)/案じ(343)/議案(329)/本案(320)/懸案(215)/発案(205)/新案(197)
499	福	31462	161.0769	75.600	福祉(13881)/福岡(3353)/幸福(2325)/福島(1882)/福井(1262)/福田(1091)/祝福(712)/福音(585)/福(583)/裕福(462)/福沢(391)/福山(364)/福原(276)/至福(266)/福利(256)/冥福(196)/福建(194)/興福(190)/大福(167)/福神(160)
500	争	31381	160.6622	75.653	戦争(14107)/競争(6438)/紛争(2677)/争い(1827)/闘争(1673)/論争(1150)/争う(530)/抗争(520)/争っ(453)/争議(383)/争点(338)/争わ(241)/争奪(213)/係争(166)/政争(89)/言い争い(89)/言い争っ(46)/争乱(45)/争いごと(39)/争(38)
501	担	31200	159.7356	75.706	負担(11791)/担当(9867)/担保(2308)/分担(1541)/担う(1237)/担任(1078)/担っ(981)/担い手(749)/担い(460)/加担(215)/担わ(132)/担架(126)/担(100)/担ぎ(81)/担ぐ(74)/担が(65)/荷担(46)/担ぎ手(28)/担ぎ込ま(23)/専担(22)
502	園	31143	159.4437	75.758	公園(9762)/園(9410)/学園(1485)/庭園(1186)/園芸(793)/入園(685)/遊園(561)/農園(511)/田園(505)/祇園(408)/荘園(394)/楽園(355)/花園(343)/園児(336)/菜園(327)/園長(293)/園内(262)/開園(258)/園田(244)/園子(185)
503	根	31046	158.9471	75.811	根拠(3317)/根(3121)/屋根(2763)/根本(2736)/大根(1777)/根元(803)/根底(785)/根源(743)/箱根(736)/根性(593)/島根(562)/尾根(524)/羽根(513)/中曽根(469)/根気(462)/利根(399)/根幹(398)/白根(381)/付け根(379)/球根(372)
504	赤	30905	158.2252	75.863	赤(5655)/赤い(3993)/赤ちゃん(3877)/赤字(2761)/赤く(1540)/赤ん坊(1252)/真っ赤(1176)/赤坂(747)/赤色(543)/赤外(398)/赤松(322)/赤城(321)/赤穂(271)/赤み(268)/赤道(255)/赤毛(227)/赤羽(224)/赤子(204)/赤瀬川(202)/赤軍(198)
505	財	30640	156.8685	75.914	財政(8126)/財産(6599)/財(3595)/財務(2788)/財源(2129)/財団(1396)/財布(1255)/（財）(856)/財閥(505)/管財(450)/財界(379)/行財政(315)/財投(271)/家財(199)/財宝(162)/財貨(140)/財形(138)/財力(134)/財津(109)/財物(82)
506	飛	30386	155.5681	75.966	飛行(6091)/飛ん(3236)/飛び出し(1543)/飛ぶ(1337)/飛躍(1063)/飛び込ん(962)/飛ばし(880)/飛び(781)/飛鳥(565)/飛(511)/飛騨(448)/飛ばす(346)/飛び出す(323)/飛び降り(306)/飛びこん(291)/飛び込み(281)/飛来(273)/飛ばさ(238)/飛びだし(235)/飛車(229)
507	戸	30336	155.3121	76.017	江戸(8094)/戸(3526)/神戸(3054)/戸籍(1335)/井戸(1305)/瀬戸(1198)/水戸(1136)/戸田(689)/戸口(633)/戸数(578)/木戸(536)/戸惑い(444)/戸惑っ(397)/戸棚(308)/戸外(278)/戸塚(264)/江戸川(255)/八戸(250)/雨戸(236)/平戸(210)
508	王	30085	154.0271	76.068	王(8576)/王子(2024)/女王(1701)/国王(1492)/王国(1323)/王朝(990)/親王(799)/大王(766)/天王寺(539)/帝王(507)/王女(468)/王者(443)/八王子(413)/天王(389)/王妃(389)/王位(344)/王宮(327)/王権(319)/王室(309)/王家(264)
509	積	30080	154.0015	76.118	積極(8011)/面積(4390)/蓄積(1841)/集積(1347)/積ん(1257)/積み重ね(881)/堆積(701)/累積(694)/積み上げ(626)/積(614)/積立(580)/体積(476)/積雪(436)/積み(403)/容積(373)/見積もり(370)/積ま(368)/積み立て(341)/積む(341)/積もっ(320)
510	試	30010	153.6431	76.169	試験(9409)/試合(7301)/試み(2857)/試し(2835)/試算(858)/入試(662)/試行(609)/試料(520)/試練(488)/試作(470)/試食(420)/試みる(416)/試す(272)/試(267)/試さ(235)/試着(228)/試乗(208)/試聴(187)/試写(174)/試案(162)
511	黒	29976	153.4690	76.220	黒(8834)/黒い(4120)/黒人(1736)/黒字(1146)/黒く(831)/黒田(684)/黒木(544)/真っ黒(497)/目黒(474)/暗黒(471)/大黒(456)/黒髪(419)/白黒(377)/黒板(346)/黒澤(278)/黒川(251)/黒色(227)/黒崎(204)/漆黒(203)/黒々(192)
512	我	29972	153.4485	76.270	我が(10831)/我々(5659)/我慢(3345)/我(2851)/我が家(2231)/怪我(1401)/自我(1105)/蘇我(317)/無我(192)/曽我(166)/我輩(146)/我家(139)/久我(134)/長宗我部(116)/彼我(106)/我妻(95)/我儘(82)/我れ(68)/我孫子(65)/唯我(56)
513	周	29878	152.9673	76.321	周辺(6949)/周囲(5816)/周り(5071)/周年(1887)/周波(1887)/周(1810)/周期(1172)/周知(1155)/周防(338)/周到(266)/周遊(262)/歯周(251)/周回(178)/周作(169)/円周(155)/外周(142)/周瑜(136)/周忌(121)/周縁(116)/周五郎(92)
514	察	29801	152.5731	76.371	警察(13051)/観察(6402)/検察(2025)/考察(1730)/診察(1562)/察し(943)/視察(867)/偵察(478)/察知(473)/洞察(454)/推察(442)/監察(353)/査察(318)/察する(256)/察せ(120)/巡察(56)/省察(50)/察(36)/按察使(24)/明察(23)
515	客	29799	152.5628	76.421	客(15005)/顧客(3189)/客観(2240)/観客(1732)/旅客(1146)/乗客(1079)/客室(548)/客席(512)/接客(490)/来客(425)/刺客(310)/集客(223)/客船(206)/客体(186)/客間(178)/客人(157)/客車(154)/先客(102)/客層(102)/客員(96)
516	南	29791	152.5219	76.472	南(7809)/南部(2203)/東南(1674)/南北(1454)/南方(724)/南西(677)/南京(668)/南側(663)/南極(587)/中南米(532)/南米(496)/南下(495)/南海(474)/湘南(421)/西南(399)/南東(374)/南アフリカ(343)/南蛮(335)/南端(309)/南国(253)
517	昭	29790	152.5168	76.522	昭和(25921)/昭(1389)/博昭(366)/義昭(261)/昭次(202)/昭子(170)/斉昭(96)/昭二(86)/昭夫(83)/昭吾(76)/昭君(57)/昭一(56)/昭彦(41)/昭雄(40)/正昭(35)/昭三(33)/昭如(27)/道昭(27)/昭直(25)/昭島(24)
518	血	29714	152.1276	76.572	血(6924)/血液(3891)/血圧(2362)/血管(2356)/出血(1905)/血糖(760)/血球(665)/血統(621)/貧血(509)/血流(455)/血行(445)/血清(435)/血中(405)/献血(369)/血栓(360)/血縁(352)/輸血(337)/採血(286)/虚血(266)/血の気(263)
519	談	29682	151.9638	76.622	相談(18370)/冗談(2152)/会談(1594)/談(954)/懇談(844)/講談(695)/対談(558)/談話(557)/余談(426)/座談(400)/雑談(372)/面談(348)/談合(296)/商談(241)/示談(222)/談笑(211)/怪談(182)/縁談(165)/談判(155)/談義(105)
520	演	29521	151.1395	76.672	出演(4345)/演奏(4087)/講演(2903)/演出(2498)/公演(2000)/演技(1587)/演じ(1569)/演説(1298)/演劇(1121)/主演(1106)/演習(848)/上演(776)/演じる(754)/共演(570)/開演(510)/実演(480)/演算(381)/初演(287)/演歌(236)/演目(200)
521	休	29505	151.0576	76.722	休み(4471)/休日(2445)/休暇(1959)/夏休み(1869)/休憩(1774)/休業(1667)/休(1446)/休ん(1227)/休館(1126)/連休(1012)/無休(767)/休む(678)/休養(672)/休ま(611)/休止(565)/定休(545)/利休(544)/休息(505)/休め(480)/昼休み(456)
522	歌	29460	150.8272	76.771	歌(9376)/歌っ(2591)/歌詞(1551)/歌手(1533)/歌う(1486)/和歌山(1225)/歌い(1149)/歌舞伎(926)/和歌(725)/短歌(610)/歌声(493)/歌わ(486)/歌謡(464)/国歌(417)/歌劇(382)/歌人(375)/唱歌(260)/歌集(252)/演歌(236)/歌え(209)
523	井	29439	150.7197	76.821	天井(2754)/井上(1805)/井戸(1305)/福井(1262)/石井(1114)/松井(1057)/三井(1000)/亀井(851)/藤井(678)/桜井(631)/酒井(592)/井(540)/永井(516)/今井(494)/白井(466)/中井(442)/大井(428)/新井(423)/軽井沢(400)/浅井(384)
524	宅	29335	150.1873	76.871	住宅(13804)/自宅(4585)/帰宅(2474)/宅(2187)/在宅(1749)/宅地(1215)/宅配(617)/居宅(526)/三宅(405)/邸宅(391)/社宅(256)/安宅(151)/家宅(147)/大宅(110)/宅建(91)/宅老(85)/お宅(54)/宅間(51)/新宅(51)/別宅(40)
525	録	29270	149.8545	76.920	登録(10608)/記録(10291)/録音(1754)/録(1680)/収録(1567)/録画(1302)/目録(609)/付録(377)/要録(115)/語録(105)/再録(94)/実録(83)/民録(80)/図録(68)/採録(62)/刑録(42)/附録(37)/秘録(36)/録っ(36)/録り(33)
526	苦	29218	149.5883	76.969	苦労(4356)/苦情(2491)/苦手(2303)/苦笑(1957)/苦しみ(1841)/苦痛(1770)/苦しい(1666)/苦しん(1049)/苦(876)/苦悩(755)/苦しむ(701)/苦しく(664)/苦し(633)/苦い(518)/苦しめ(454)/苦難(376)/苦戦(351)/苦心(315)/苦笑い(310)/苦闘(281)
527	帯	29201	149.5012	77.019	携帯(7557)/世帯(5610)/帯(4808)/地帯(2242)/熱帯(1215)/帯び(1177)/連帯(1171)/一帯(1042)/附帯(420)/帯域(408)/包帯(346)/所帯(215)/帯広(179)/声帯(166)/温帯(161)/帯びる(150)/付帯(147)/帯締め(147)/靱帯(132)/帯揚げ(117)
528	映	29140	149.1889	77.068	映画(14317)/映像(3971)/反映(3959)/映っ(1180)/上映(1032)/放映(786)/映る(689)/映し(302)/映り(301)/映し出さ(274)/映える(195)/映子(187)/映え(184)/映す(179)/映ら(173)/東映(153)/映写(149)/映し出し(134)/映し出す(132)/大映(65)
529	像	29125	149.1121	77.117	画像(7343)/想像(6974)/像(5483)/映像(3971)/肖像(730)/仏像(510)/解像(405)/現像(380)/彫像(234)/銅像(210)/撮像(209)/立像(195)/偶像(175)/石像(175)/図像(164)/宗像(158)/坐像(152)/実像(143)/群像(130)/神像(104)
530	勢	29120	149.0865	77.166	姿勢(6027)/勢力(3310)/勢い(3274)/情勢(2673)/大勢(2282)/伊勢(1775)/勢(1465)/態勢(1022)/軍勢(483)/優勢(461)/攻勢(416)/体勢(361)/実勢(358)/国勢(344)/去勢(284)/威勢(284)/趨勢(231)/形勢(228)/総勢(220)/伊勢丹(209)
531	評	29054	148.7486	77.215	評価(19805)/評判(1938)/評論(1349)/批評(1178)/好評(880)/評議(715)/評定(381)/評(349)/定評(282)/評し(264)/書評(205)/論評(152)/評さ(142)/風評(130)/悪評(93)/短評(91)/不評(90)/品評(84)/総評(84)/酷評(78)
532	走	28889	147.9039	77.264	走っ(5669)/走る(3589)/走り(3461)/走行(2022)/走ら(1537)/暴走(887)/馳走(838)/滑走(688)/走(525)/走れ(465)/出走(431)/競走(429)/脱走(405)/前走(382)/逃走(366)/疾走(351)/走者(298)/奔走(270)/走れる(268)/走り回っ(257)
533	速	28845	147.6786	77.312	高速(4571)/速度(4246)/急速(2938)/速(1993)/早速(1845)/迅速(1817)/加速(1747)/速い(1377)/速く(1255)/速やか(1032)/快速(506)/時速(497)/減速(476)/速報(430)/速攻(246)/速水(240)/速記(226)/低速(211)/風速(192)/速力(191)
534	殺	28798	147.4380	77.361	殺し(4333)/自殺(3668)/殺人(3665)/殺さ(3266)/殺す(1771)/殺害(1402)/暗殺(998)/相殺(674)/虐殺(600)/殺到(458)/殺菌(449)/射殺(295)/殺そう(291)/必殺(285)/人殺し(272)/抹殺(267)/殺し屋(260)/殺戮(260)/殺虫(251)/殺傷(250)
535	追	28737	147.1257	77.410	追加(4507)/追っ(2190)/追求(1971)/追わ(1316)/追いかけ(1245)/追う(1143)/追放(1100)/追及(1055)/追跡(791)/追い(712)/追い込ま(504)/追記(465)/追いつめ(384)/追悼(347)/追いかける(336)/追い詰め(325)/追いつい(292)/追いつか(286)/追い出し(281)/追っかけ(275)
536	史	28620	146.5267	77.458	歴史(15651)/史(6209)/史料(1162)/史上(663)/史跡(475)/女史(460)/史学(266)/史実(210)/史記(191)/史観(182)/正史(147)/史書(145)/史郎(137)/国史(104)/史家(99)/敦史(98)/有史(83)/史子(82)/孝史(80)/戦史(74)
537	般	28594	146.3936	77.506	一般(25348)/全般(1923)/先般(412)/般若(339)/各般(155)/諸般(148)/今般(131)/万般(38)/般化(30)/過般(29)/般(22)/這般(9)/百般(7)/大般(3)
538	系	28516	145.9942	77.554	系(18563)/体系(3112)/系統(1544)/系列(1269)/日系(856)/系譜(495)/家系(377)/水系(310)/直系(287)/系図(228)/理系(201)/文系(158)/同系(142)/大系(126)/山系(95)/傍系(76)/一系(73)/父系(62)/母系(60)/茶系(58)
539	居	28475	145.7843	77.602	居(4713)/居住(3102)/居る(2000)/住居(1984)/同居(1756)/芝居(1669)/入居(1288)/居間(1142)/居酒屋(759)/隠居(549)/居宅(526)/居心地(524)/中居(519)/別居(491)/鳥居(479)/居り(397)/居所(301)/新居(288)/皇居(278)/居眠り(269)
540	左	28423	145.5181	77.650	左(8729)/左右(5016)/左手(2563)/左側(1527)/左足(666)/左翼(662)/左近(515)/左上(492)/左腕(423)/左下(418)/左折(275)/左端(271)/左京(195)/左記(190)/左岸(186)/左肩(183)/左派(174)/左利き(163)/左様(158)/左辺(155)
541	含	28374	145.2672	77.698	含む(8570)/含め(8000)/含ま(6920)/含ん(1856)/含み(849)/含有(502)/含める(476)/包含(191)/含(111)/含意(105)/含み益(90)/含量(89)/含み損(82)/含み笑い(76)/含めれ(57)/含蓄(50)/含水(43)/弱含み(43)/含羞(28)/言い含め(27)
542	誰	28373	145.2621	77.746	誰(28054)/誰々(64)/誰彼(61)/誰れ(58)/誰それ(55)/誰何(52)/誰某(13)/誰人(8)/誰方(8)
543	障	28302	144.8986	77.794	障害(17109)/保障(5653)/支障(1482)/故障(1354)/障子(617)/障がい(492)/障壁(404)/内障(316)/身障(123)/耳障り(93)/障(74)/障る(70)/目障り(65)/障り(65)/障っ(55)/障碍(48)/差し障り(46)/霊障(46)/当たり障り(45)/罪障(29)
544	児	28223	144.4941	77.841	児童(7942)/児(4968)/育児(3036)/幼児(2575)/鹿児島(1604)/小児(1538)/乳幼児(1133)/胎児(788)/乳児(725)/託児(426)/児玉(413)/男児(380)/孤児(370)/園児(336)/女児(264)/遺児(205)/稚児(125)/嬰児(120)/児島(117)/患児(115)
545	普	28205	144.4020	77.889	普通(16840)/普及(5210)/普段(3852)/普遍(1320)/普請(228)/普賢(181)/普天間(150)/普斎(94)/普(66)/普選(57)/普化(31)/普仏(28)/普門(20)/普代(18)/普く(14)/普勧(12)/普天(12)/普浄(12)/普猷(10)/普光(6)
546	降	28031	143.5111	77.936	以降(10960)/降り(4350)/降っ(2056)/降る(1016)/降りる(903)/降伏(726)/降下(643)/下降(564)/降ら(443)/降水(405)/降ろし(393)/飛び降り(306)/降雨(237)/昇降(189)/降り立っ(180)/乗降(168)/降格(168)/降臨(150)/降ろす(145)/降参(143)
547	首	27904	142.8609	77.983	首(9865)/首相(4987)/首都(2841)/首脳(1307)/手首(1135)/首長(755)/乳首(686)/足首(652)/首位(502)/首筋(474)/党首(336)/首尾(288)/元首(240)/首席(216)/首輪(211)/船首(170)/機首(165)/自首(161)/絞首(149)/首領(147)
548	姿	27885	142.7637	78.030	姿(19781)/姿勢(6027)/容姿(453)/後ろ姿(449)/後姿(114)/姿形(91)/姿態(88)/うしろ姿(82)/浴衣姿(72)/雄姿(59)/勇姿(52)/姿見(42)/立ち姿(42)/姿かたち(39)/着姿(36)/寝姿(33)/風姿(33)/袴姿(30)/葉姿(24)/似姿(19)
549	精	27463	140.6031	78.077	精神(15012)/精(1659)/精度(1020)/精密(880)/受精(690)/精力(641)/精子(634)/精霊(591)/妖精(581)/精製(350)/精進(348)/精米(293)/射精(280)/精算(272)/精通(268)/精液(251)/精油(206)/精巧(197)/精鋭(196)/精査(183)
550	守	27444	140.5059	78.123	守る(4964)/守っ(2393)/守り(2351)/留守(1853)/保守(1744)/守(1576)/守ら(1501)/守護(1267)/守備(1087)/見守っ(1045)/遵守(669)/見守る(589)/守ろう(504)/天守(445)/守れ(401)/守山(341)/見守り(339)/看守(299)/子守(245)/厳守(219)
551	紙	27383	140.1936	78.169	紙(9943)/手紙(7098)/表紙(1235)/用紙(736)/紙幣(537)/紙面(496)/壁紙(386)/紙袋(386)/印紙(359)/白紙(353)/和紙(340)/色紙(273)/紙芝居(267)/製紙(266)/型紙(222)/紙片(221)/折り紙(208)/古紙(171)/紙切れ(164)/別紙(162)
552	毎	27203	139.2720	78.215	毎日(11820)/毎年(4843)/毎週(2598)/毎月(2532)/毎(1443)/毎回(1407)/毎朝(809)/毎晩(668)/毎度(351)/毎夜(150)/毎秒(150)/毎分(76)/毎時(68)/毎号(62)/毎食(54)/毎期(38)/田毎(27)/毎夕(23)/大毎(14)/東毎(11)
553	極	27134	138.9187	78.261	積極(8011)/極めて(3737)/極端(2110)/極(1233)/究極(1026)/消極(673)/極力(671)/南極(587)/極東(587)/極度(486)/極楽(481)/極限(473)/見極め(462)/極め(447)/北極(342)/極秘(333)/電極(330)/至極(287)/見極める(263)/太極(259)
554	囲	27018	138.3249	78.307	範囲(9227)/雰囲気(5855)/周囲(5816)/囲ま(1851)/包囲(587)/囲ん(557)/囲む(437)/囲い(326)/囲碁(302)/囲み(274)/取り囲む(204)/取り囲ん(190)/囲っ(161)/取り囲ま(135)/囲炉裏(132)/囲わ(90)/腹囲(74)/囲う(70)/囲い込み(64)/胸囲(50)
555	飲	27007	138.2685	78.352	飲ん(6785)/飲み(4478)/飲む(3713)/飲ま(1756)/飲食(1330)/飲料(1130)/飲み物(1111)/飲め(834)/飲酒(721)/飲み会(513)/飲める(376)/飲み屋(274)/飲み干し(266)/飲もう(253)/飲み込ん(218)/飲用(218)/酒飲み(149)/飲み込ま(127)/飲み込む(122)/飲まさ(120)
556	従	26741	136.9067	78.397	従来(6838)/従っ(4766)/従業(3658)/従事(2605)/従う(1188)/従い(1159)/従え(578)/従わ(526)/従前(507)/従属(479)/服従(470)/従(406)/従順(335)/従軍(301)/従者(300)/侍従(296)/専従(213)/従兄弟(202)/主従(190)/追従(186)
557	婚	26674	136.5637	78.442	結婚(16725)/離婚(3931)/婚姻(989)/婚約(924)/既婚(726)/再婚(608)/未婚(601)/新婚(561)/婚(319)/婚礼(220)/冠婚(160)/求婚(109)/初婚(92)/晩婚(85)/婚家(69)/婚外(60)/成婚(59)/許婚(56)/金婚(47)/婚式(33)
558	青	26640	136.3896	78.487	青年(4664)/青(2635)/青少年(2628)/青い(2300)/青森(1276)/青春(1106)/青山(1083)/青木(963)/青空(824)/青色(686)/青く(509)/青葉(444)/青銅(441)/青白い(348)/青ざめ(323)/刺青(289)/真っ青(261)/青柳(224)/青梅(216)/青島(198)
559	警	26586	136.1131	78.532	警察(13051)/警戒(2182)/警備(1840)/警部(1638)/警官(1609)/警視(1356)/警告(1355)/警(1007)/警報(969)/警護(312)/警鐘(144)/道警(139)/警固(94)/自警(92)/警防(78)/警務(71)/警衛(68)/警ら(58)/県警(55)/警笛(55)
560	末	26502	135.6831	78.577	末(10265)/年末(2004)/週末(1605)/始末(1588)/末期(1219)/端末(1208)/幕末(758)/結末(564)/粗末(540)/末端(534)/粉末(467)/期末(436)/末日(409)/終末(378)/末尾(357)/巻末(333)/月末(330)/末梢(326)/末裔(172)/末っ子(171)
561	横	26436	135.3452	78.622	横(8233)/横浜(4202)/横断(1248)/横たわっ(662)/横山(648)/横ばい(619)/横田(527)/横顔(527)/横尾(471)/横須賀(465)/横綱(443)/縦横(394)/横目(378)/横切っ(356)/横領(327)/横たわる(262)/横行(241)/横軸(212)/横切る(209)/横たえ(200)
562	株	26161	133.9373	78.666	株式(8622)/株(6062)/株主(3678)/株価(2658)/（株）(1714)/新株(802)/株券(772)/持株(564)/持ち株(256)/株数(120)/株分け(91)/切り株(82)/株安(61)/株高(56)/株元(43)/古株(41)/異株(40)/子株(39)/大株(36)/親株(36)
563	僕	26142	133.8400	78.710	僕(25868)/下僕(130)/従僕(68)/公僕(21)/老僕(16)/家僕(14)/僕ァ(8)/奴僕(6)/忠僕(3)/義僕(3)/僕婢(1)/僕蔵(1)/太僕(1)/婢僕(1)/学僕(1)
564	衛	26134	133.7990	78.754	防衛(5164)/自衛(3967)/衛生(3141)/衛星(2816)/護衛(673)/近衛(658)/兵衛(322)/長兵衛(307)/前衛(288)/十兵衛(284)/右衛門(250)/衛門(246)/守衛(183)/親衛(171)/吉兵衛(155)/権兵衛(133)/勘兵衛(129)/衛兵(128)/半兵衛(123)/衛(121)
565	援	26116	133.7069	78.798	支援(13071)/援助(6272)/応援(3721)/救援(667)/援護(644)/後援(469)/声援(326)/援軍(237)/援用(166)/増援(90)/義援(78)/海援(69)/無援(64)/援兵(31)/援け(29)/援交(26)/来援(25)/援(24)/伯援(16)/援農(16)
566	熱	26009	133.1591	78.842	熱(5361)/熱い(2212)/熱心(2083)/情熱(1494)/熱く(1334)/熱帯(1215)/加熱(1201)/熱し(794)/熱中(719)/発熱(680)/熱湯(620)/熱意(589)/熱狂(535)/熱気(513)/断熱(382)/高熱(361)/熱烈(328)/耐熱(322)/熱海(318)/白熱(258)
567	薬	25941	132.8109	78.886	薬(9983)/薬物(1562)/薬剤(1561)/麻薬(1259)/医薬(1245)/農薬(1154)/薬局(759)/薬品(674)/製薬(581)/火薬(365)/薬師(356)/薬草(328)/弾薬(302)/投薬(244)/新薬(216)/薬用(215)/目薬(208)/薬指(205)/服薬(201)/薬味(193)
568	為	25916	132.6829	78.929	行為(15042)/為(5832)/為替(1721)/作為(553)/人為(374)/当為(280)/為す(248)/外為(207)/無為(197)/為政(142)/為め(124)/為朝(120)/所為(115)/為し(110)/有為(91)/為さ(78)/阿弖流為(59)/営為(53)/為メ(48)/為る(31)
569	独	25813	132.1556	78.973	独立(6449)/独自(3808)/独特(2189)/単独(2172)/独占(2019)/孤独(1573)/独身(1436)/独裁(809)/独り(596)/独創(532)/独(427)/独断(328)/独り言(322)/独学(254)/西独(189)/独禁(166)/独房(152)/独歩(135)/日独(134)/独走(131)
570	寄	25700	131.5771	79.016	寄せ(2830)/寄与(1971)/寄っ(1719)/年寄り(1535)/寄付(1186)/寄り(843)/寄附(569)/引き寄せ(561)/寄生(549)/立ち寄っ(475)/押し寄せ(465)/最寄り(465)/寄せる(415)/取り寄せ(408)/近寄っ(379)/寄る(375)/寄託(328)/年寄(296)/立ち寄り(274)/駆け寄っ(274)
571	景	25643	131.2852	79.060	背景(5879)/景気(4603)/風景(3928)/光景(2414)/景観(1823)/景色(1677)/情景(616)/夜景(503)/景(381)/景品(381)/景子(331)/景勝(255)/景虎(191)/景行(185)/絶景(183)/殺風景(159)/全景(125)/八景(119)/景況(108)/景山(101)
572	絶	25604	131.0856	79.103	絶対(11600)/絶え(1711)/絶望(1282)/拒絶(1037)/絶滅(783)/絶好(599)/絶妙(574)/中絶(532)/絶叫(395)/断絶(360)/絶大(358)/絶頂(324)/絶(309)/絶賛(291)/絶縁(287)/途絶え(284)/絶た(275)/絶句(267)/廃絶(256)/絶え間(252)
573	突	25527	130.6913	79.146	突然(6581)/衝突(1741)/突破(1199)/突入(1128)/突っ込ん(783)/突如(621)/突き出し(532)/唐突(528)/突い(484)/突起(444)/突きつけ(441)/突進(436)/煙突(376)/突き(361)/突出(359)/激突(348)/突撃(336)/突っ込み(313)/突発(301)/突き出(287)
574	被	25506	130.5838	79.189	被害(11655)/被(5066)/被告(2226)/被災(1251)/被疑(847)/被っ(667)/被爆(434)/被験(358)/被用(332)/被写(327)/被る(243)/被覆(220)/被ばく(211)/被曝(183)/被り(154)/被服(133)/被審(128)/被せ(117)/被弾(86)/被毛(77)
575	兵	25497	130.5377	79.232	兵(4098)/兵器(2638)/兵士(2362)/兵庫(1669)/兵隊(863)/兵力(806)/歩兵(489)/騎兵(448)/憲兵(422)/徴兵(348)/出兵(344)/兵衛(322)/海兵(322)/兵法(313)/長兵衛(307)/将兵(302)/十兵衛(284)/米兵(240)/水兵(227)/兵役(214)
576	響	25468	130.3893	79.275	影響(18782)/響き(1716)/響い(1078)/響く(825)/交響(818)/音響(531)/反響(492)/響か(257)/響(213)/鳴り響い(134)/鳴り響く(105)/響木(92)/地響き(67)/響子(52)/鳴り響き(50)/残響(34)/九響(31)/響孔(23)/響紀(19)/響き合う(17)
577	因	25387	129.9746	79.318	原因(13144)/要因(5527)/因子(1203)/起因(866)/因果(773)/因み(491)/死因(433)/一因(383)/因縁(340)/因(271)/因島(158)/誘因(147)/主因(130)/病因(107)/因幡(95)/心因(82)/敗因(75)/遠因(70)/内因(69)/因数(68)
578	藤	25357	129.8210	79.361	佐藤(3058)/藤原(2118)/伊藤(2099)/加藤(1989)/近藤(1082)/斎藤(1014)/藤田(872)/葛藤(783)/後藤(764)/藤井(678)/遠藤(655)/安藤(597)/工藤(588)/藤(579)/斉藤(549)/藤沢(522)/内藤(484)/藤岡(359)/藤村(341)/江藤(308)
579	温	25347	129.7698	79.403	温泉(4953)/温度(3809)/気温(2385)/温暖(1673)/体温(1292)/温かい(1097)/高温(1008)/温め(876)/低温(692)/温室(654)/温(530)/温かく(484)/水温(458)/保温(431)/室温(374)/温める(358)/温か(315)/温水(301)/温存(288)/常温(224)
580	完	25209	129.0633	79.446	完全(10603)/完成(6249)/完了(2475)/完璧(1850)/補完(766)/完結(610)/完備(325)/完治(313)/完売(207)/完(191)/完済(147)/完食(144)/完熟(132)/完封(131)/完敗(129)/完走(124)/未完(104)/完遂(99)/完投(94)/完ぺき(71)
581	林	25141	128.7151	79.488	林(5816)/森林(4194)/農林(2748)/小林(2060)/林業(1438)/林野(907)/林道(641)/山林(491)/造林(393)/農林漁業(314)/植林(280)/林檎(272)/若林(262)/営林(235)/樹林(196)/農林業(189)/松林(179)/東海林(170)/林家(165)/林田(159)
582	派	25051	128.2543	79.531	派(9243)/派遣(6344)/立派(3315)/派手(1430)/派閥(548)/宗派(474)/学派(384)/派生(372)/党派(358)/特派(284)/一派(272)/会派(229)/流派(193)/右派(187)/左派(174)/派出(162)/派兵(131)/両派(96)/分派(80)/各派(74)
583	更	25017	128.0803	79.573	変更(11556)/更新(4434)/更に(3767)/更生(1531)/今更(607)/木更津(461)/更年(391)/更なる(271)/更正(266)/更衣(239)/更迭(160)/更(157)/更け(148)/尚更(118)/夜更かし(101)/夜更け(99)/音更(95)/更紗(84)/更地(77)/殊更(74)
584	球	25002	128.0035	79.615	地球(8094)/野球(4766)/球(2409)/球団(981)/琉球(827)/球場(761)/血球(665)/電球(561)/投球(408)/卓球(402)/球根(372)/半球(371)/眼球(332)/打球(321)/四球(236)/送球(206)/球菌(192)/球界(147)/球形(140)/球体(134)
585	銀	24936	127.6656	79.657	銀行(13857)/銀(2244)/銀座(1989)/銀河(1038)/日銀(733)/銀色(538)/水銀(484)/金銀(333)/銀杏(273)/長銀(260)/世銀(206)/白銀(157)/銀山(150)/地銀(147)/銀貨(142)/銀塩(110)/都銀(106)/拓銀(96)/銀製(96)/銀魂(86)
586	息	24883	127.3942	79.699	息子(8445)/息(5915)/ため息(1427)/利息(1119)/生息(959)/休息(505)/一息(498)/溜息(456)/喘息(434)/消息(424)/吐息(394)/溜め息(309)/窒息(269)/子息(241)/安息(192)/ひと息(186)/息抜き(179)/嘆息(174)/寝息(170)/息づかい(169)
587	週	24856	127.2560	79.741	週間(9359)/週(4252)/毎週(2598)/今週(1894)/週末(1605)/先週(1408)/来週(1407)/週刊(1272)/週休(378)/翌週(115)/週明け(115)/前週(111)/隔週(76)/次週(54)/週数(41)/週報(32)/週給(29)/週足(20)/週日(19)/週番(16)
588	隊	24805	126.9949	79.783	隊(10586)/部隊(3707)/軍隊(2059)/艦隊(1587)/隊長(901)/兵隊(863)/隊員(753)/連隊(554)/中隊(527)/小隊(396)/戦隊(372)/入隊(331)/大隊(300)/分隊(180)/隊士(164)/本隊(157)/編隊(148)/一隊(132)/隊列(126)/除隊(110)
589	去	24781	126.8720	79.825	過去(9479)/去年(2985)/去っ(1719)/除去(1647)/去る(974)/消去(712)/撤去(537)/死去(530)/去り(462)/退去(376)/立ち去っ(343)/去勢(284)/置き去り(279)/立ち去る(209)/過ぎ去っ(204)/消え去っ(193)/走り去っ(182)/去ら(178)/忘れ去ら(137)/去(111)
590	渡	24769	126.8106	79.867	譲渡(3423)/渡し(2825)/渡っ(2248)/渡辺(1739)/渡り(1308)/渡る(1278)/渡す(995)/渡さ(762)/手渡し(591)/渡来(473)/渡航(468)/佐渡(414)/見渡し(354)/見渡す(316)/引渡し(306)/引き渡し(300)/渡(289)/渡部(261)/渡米(223)/過渡(201)
591	船	24680	126.3549	79.908	船(9755)/船舶(2098)/船員(840)/船長(806)/漁船(710)/造船(693)/風船(470)/船団(380)/船橋(378)/乗船(364)/商船(313)/船体(279)/汽船(267)/船内(254)/船頭(252)/艦船(249)/帆船(240)/船上(212)/湯船(210)/客船(206)
592	抜	24631	126.1041	79.950	抜け(3415)/抜い(2331)/抜き(1687)/抜く(1241)/抜群(958)/抜ける(863)/抜本(714)/選抜(698)/抜か(689)/抜け出し(448)/抜粋(423)/手抜き(353)/通り抜け(338)/見抜い(327)/抜擢(279)/吹き抜け(241)/間抜け(234)/抜け出す(209)/引き抜い(201)/見抜く(200)
593	補	24627	126.0836	79.991	補助(6284)/候補(3571)/補償(2363)/補正(1557)/補給(1446)/補強(937)/補(849)/補完(766)/補佐(754)/補充(753)/補足(635)/補う(587)/補修(537)/補導(471)/補欠(281)/補っ(277)/補てん(270)/補習(144)/てん補(134)/修補(118)
594	戻	24494	125.4027	80.033	戻っ(8723)/戻る(3221)/戻り(2614)/戻し(1863)/戻す(1174)/取り戻し(842)/戻ら(632)/取り戻す(627)/戻れ(456)/戻ろう(308)/戻さ(177)/払い戻し(172)/戻れる(167)/戻そう(147)/買い戻し(139)/逆戻り(139)/後戻り(126)/戻せ(126)/舞い戻っ(117)/取り戻そう(113)
595	許	24429	125.0699	80.074	許可(5784)/許さ(3983)/免許(3617)/特許(3083)/許し(2793)/許せ(909)/許す(852)/許容(791)/許(491)/許諾(242)/許認可(216)/手許(205)/許せる(186)/口許(153)/足許(117)/勅許(89)/身許(60)/枕許(58)/許婚(56)/国許(53)
596	頼	24288	124.3480	80.115	信頼(5736)/依頼(4145)/頼ん(2569)/頼む(1565)/頼ま(1303)/頼り(1279)/頼み(1227)/頼朝(810)/頼っ(718)/頼る(646)/頼ら(474)/勝頼(369)/秀頼(223)/頼もしい(217)/頼め(208)/頼りない(196)/無頼(185)/頼れる(121)/頼家(121)/頼子(108)
597	背	24264	124.2251	80.156	背景(5879)/背(4472)/背中(4105)/背後(2908)/背負っ(996)/背筋(805)/背骨(443)/背広(409)/背負い(290)/背面(270)/背丈(267)/背負う(235)/背もたれ(211)/背伸び(175)/背任(158)/背け(134)/猫背(118)/背い(106)/背く(106)/背負わ(96)
598	宮	24240	124.1022	80.197	宮(3277)/子宮(1759)/宮崎(1577)/宮城(1354)/宮殿(979)/宮廷(929)/神宮(807)/宮本(680)/大宮(644)/宮内(553)/宇都宮(470)/宮中(431)/宮沢(381)/王宮(327)/二宮(272)/中宮(250)/西宮(238)/宮田(234)/田宮(230)/宮澤(228)
599	養	24238	124.0920	80.238	栄養(5045)/療養(1906)/養成(1893)/扶養(1681)/教養(1538)/養子(1234)/養護(1092)/培養(1083)/養育(1058)/供養(816)/休養(672)/養殖(640)/養う(427)/養老(367)/養生(356)/飼養(347)/保養(346)/素養(278)/養っ(218)/養分(200)
600	曲	24211	123.9538	80.278	曲(10582)/作曲(1949)/曲線(1480)/曲げ(1065)/曲がっ(863)/曲がり(430)/曲がる(399)/曲目(394)/曲名(380)/新曲(379)/戯曲(335)/名曲(321)/楽曲(315)/屈曲(222)/曲げる(213)/編曲(199)/折り曲げ(190)/曲折(186)/歪曲(172)/歌曲(167)
601	武	24210	123.9487	80.319	武器(2764)/武士(2413)/武田(1564)/武装(1307)/武力(1221)/武蔵(1204)/西武(961)/武家(773)/武(719)/武将(602)/武道(596)/武者(513)/武蔵野(468)/天武(298)/武官(260)/東武(258)/武藤(251)/武雄(250)/神武(237)/武芸(231)
602	肉	24206	123.9282	80.360	肉(5635)/筋肉(3363)/肉体(3032)/牛肉(1442)/皮肉(1427)/豚肉(963)/鶏肉(704)/焼肉(556)/ひき肉(344)/食肉(343)/肉食(307)/肉親(306)/肉眼(249)/焼き肉(241)/肉用(232)/肉類(212)/果肉(199)/肉屋(152)/肉厚(136)/もも肉(128)
603	述	24090	123.3343	80.401	述べ(10798)/記述(3498)/前述(2316)/述べる(2229)/後述(812)/供述(636)/陳述(505)/上述(489)/叙述(388)/詳述(250)/先述(236)/述懐(215)/著述(206)/述語(188)/既述(169)/申し述べ(162)/公述(157)/口述(147)/論述(140)/述べよう(96)
604	修	24071	123.2370	80.441	研修(4374)/修正(3490)/修理(2555)/修行(1543)/改修(1204)/修道(1178)/修復(1170)/修了(660)/修業(553)/補修(537)/修繕(520)/修学(482)/修(439)/監修(373)/修飾(325)/修羅(309)/修士(303)/専修(295)/修練(275)/修得(272)
605	齢	24070	123.2319	80.482	高齢(11113)/年齢(10133)/老齢(1022)/齢(510)/加齢(394)/樹齢(240)/適齢(204)/月齢(141)/学齢(73)/妙齢(26)/中高齢(25)/若齢(23)/馬齢(22)/林齢(20)/齢級(18)/美齢(13)/日齢(11)/壮齢(9)/終齢(8)/幼齢(7)
606	源	23886	122.2899	80.522	資源(6455)/源(3605)/財源(2129)/電源(2028)/源泉(1337)/源氏(1308)/起源(1130)/根源(743)/水源(664)/語源(573)/源流(309)/震源(234)/音源(231)/税源(222)/源内(190)/光源(182)/源平(135)/光源氏(133)/源三郎(122)/桃源(110)
607	頃	23820	121.9520	80.563	頃(17831)/この頃(1327)/日頃(1136)/近頃(551)/今頃(500)/いつ頃(419)/年頃(403)/中頃(316)/手頃(244)/見頃(101)/身頃(86)/頃合い(86)/何時頃(85)/終わり頃(77)/昼頃(74)/初め頃(71)/先頃(63)/夏頃(58)/末頃(56)/頃合(48)
608	松	23793	121.8137	80.603	松本(2050)/松(2010)/松井(1057)/松下(873)/松平(808)/小松(800)/松山(790)/浜松(710)/高松(702)/松江(624)/松田(598)/松尾(554)/松浦(545)/松岡(516)/松原(394)/松坂(382)/松前(366)/松永(355)/松葉(353)/赤松(322)
609	請	23770	121.6960	80.643	請求(7918)/申請(7768)/要請(4200)/下請(702)/請負(657)/請願(328)/下請け(268)/普請(228)/請う(124)/請け負っ(119)/請け負う(103)/請(84)/勧請(80)/請け合い(71)/請わ(69)/招請(62)/請け合っ(61)/起請(60)/元請(54)/懇請(54)
610	換	23724	121.4605	80.683	交換(7783)/転換(4575)/変換(2182)/換算(1041)/換気(849)/乗り換え(591)/置き換え(506)/組み換え(387)/換え(362)/書き換え(347)/言い換えれ(346)/互換(328)/置換(313)/引き換え(278)/換金(265)/組換え(223)/買い換え(204)/換言(189)/言い換え(187)/置き換える(174)
611	遠	23692	121.2966	80.723	遠く(4798)/遠い(2526)/永遠(2215)/遠慮(2036)/遠(838)/望遠(788)/遠征(763)/遠藤(655)/遠隔(557)/遠方(442)/遠野(433)/遠ざかっ(403)/敬遠(382)/遠山(379)/遠心(290)/遠足(276)/ほど遠い(240)/遠ざかる(210)/遠ざけ(206)/遠出(200)
612	講	23540	120.5184	80.763	講座(4414)/講師(2991)/講演(2903)/講習(2625)/受講(2262)/講じ(1864)/講義(1644)/講ずる(861)/講談(695)/講(481)/講じる(406)/講堂(406)/講和(376)/講話(294)/開講(228)/講ず(164)/講釈(124)/聴講(92)/講ぜ(66)/講評(53)
613	節	23498	120.3034	80.802	節(6390)/季節(4485)/関節(2276)/調節(1767)/節約(1329)/一節(641)/使節(561)/節目(409)/節子(362)/本節(333)/前節(309)/節減(255)/結節(255)/節句(251)/節分(232)/小節(205)/節度(205)/節点(201)/分節(195)/音節(168)
614	装	23335	119.4689	80.842	装置(5321)/装備(2125)/服装(1840)/衣装(1333)/武装(1307)/装飾(1214)/装着(1183)/塗装(1071)/包装(840)/舗装(679)/内装(540)/装っ(445)/偽装(433)/装い(417)/装甲(408)/改装(400)/装束(290)/変装(229)/実装(211)/仮装(192)
615	輸	23316	119.3716	80.881	輸入(8593)/輸出(6156)/輸送(4553)/運輸(2294)/輸出入(581)/輸血(337)/輸液(303)/密輸(240)/空輸(92)/禁輸(51)/輸銀(42)/輸注(15)/輸(11)/輸精(6)/輸卒(4)/輸卵(4)/直輸(3)/輸尿(3)/不輸(2)/移輸出(2)
616	興	23251	119.0388	80.920	興味(8211)/振興(5044)/興奮(2826)/復興(1531)/新興(727)/興行(533)/興業(335)/興(286)/即興(266)/再興(263)/興福(190)/興し(164)/興じ(159)/興隆(140)/余興(131)/興信(130)/勃興(114)/忠興(111)/遊興(105)/中興(100)
617	押	23070	118.1122	80.959	押し(4487)/押さえ(1651)/押す(1610)/押しつけ(1108)/押さ(969)/押し寄せ(465)/差押(408)/押さえる(387)/押収(368)/差押え(344)/押し出し(327)/押し付け(320)/後押し(289)/押しつける(287)/押しかけ(286)/押し上げ(264)/押せ(229)/押入れ(228)/押え(224)/押印(224)
618	払	23052	118.0200	80.998	支払い(3122)/払っ(2891)/支払(2365)/払う(1686)/払い(1604)/支払う(1579)/支払わ(1141)/払わ(1081)/支払っ(984)/払え(506)/払拭(272)/酔っ払っ(204)/着払い(203)/咳払い(201)/酔っ払い(198)/払い戻し(172)/払(157)/支払え(149)/未払い(142)/払込(138)
619	康	23003	117.7691	81.037	健康(18221)/家康(1930)/康(266)/康子(201)/康夫(198)/信康(161)/氏康(105)/康介(102)/康弘(92)/康成(91)/康生(70)/康平(59)/元康(57)/小康(54)/嵆康(45)/康次郎(42)/康雄(42)/康熙(40)/康次(39)/康美(37)
620	故	22937	117.4312	81.076	事故(11612)/何故(3504)/故(2249)/故郷(1934)/故障(1354)/故意(709)/故人(573)/故事(267)/故国(156)/縁故(97)/故宮(64)/反故(60)/故実(45)/故地(44)/温故(42)/事故っ(38)/物故(35)/故買(23)/世故(15)/故里(14)
621	痛	22934	117.4159	81.114	痛み(5076)/痛い(3211)/痛(1827)/苦痛(1770)/痛く(1722)/頭痛(1533)/痛む(596)/腰痛(576)/痛感(557)/痛め(461)/鎮痛(414)/陣痛(402)/腹痛(400)/疼痛(395)/痛かっ(388)/痛ん(319)/激痛(284)/悲痛(248)/痛風(203)/痛烈(179)
622	庭	22918	117.3340	81.153	家庭(13302)/庭(4867)/庭園(1186)/中庭(681)/校庭(379)/裏庭(246)/庭先(227)/前庭(224)/庭木(145)/箱庭(119)/大庭(111)/庭師(109)/園庭(99)/桜庭(65)/庭球(61)/秋庭(51)/庭仕事(43)/木庭(39)/庭石(38)/作庭(37)
623	老	22657	115.9977	81.191	老人(8012)/老(1445)/老齢(1022)/老い(968)/老後(885)/長老(618)/老婆(600)/老化(587)/老舗(506)/海老(458)/老朽(433)/老中(400)/家老(381)/老年(378)/養老(367)/老女(359)/年老い(308)/元老(250)/敬老(250)/初老(234)
624	冷	22654	115.9824	81.229	冷たい(2635)/冷蔵(2557)/冷静(2058)/冷凍(1954)/冷え(1196)/冷たく(991)/冷やし(821)/冷戦(805)/冷却(785)/冷め(681)/冷房(437)/冷水(414)/寒冷(360)/冷やす(355)/冷まし(323)/冷た(298)/冷ややか(291)/冷酷(279)/冷気(258)/冷(233)
625	城	22653	115.9772	81.268	城(8048)/宮城(1354)/茨城(1236)/城下(796)/山城(541)/城主(439)/城壁(395)/結城(380)/城山(360)/城内(349)/赤城(321)/平城(266)/葛城(262)/築城(234)/新城(203)/城跡(201)/長城(196)/城郭(188)/居城(173)/本城(173)
626	領	22644	115.9312	81.306	大統領(5442)/領域(4408)/占領(1928)/要領(1668)/領土(1404)/領(1151)/領主(804)/領収(672)/受領(527)/領事(487)/領地(389)/横領(327)/所領(281)/綱領(256)/領有(227)/領海(191)/本領(179)/領国(169)/管領(156)/領内(151)
627	鉄	22640	115.9107	81.344	鉄道(5310)/鉄(4492)/国鉄(1856)/鉄鋼(946)/鉄砲(924)/製鉄(480)/鉄筋(471)/近鉄(460)/鉄板(384)/電鉄(375)/私鉄(300)/鉄骨(272)/鉄製(264)/西鉄(254)/鋼鉄(230)/鉄則(216)/鉄男(194)/鉄分(179)/鉄橋(179)/鉄鉱(164)
628	復	22558	115.4909	81.382	回復(6105)/復活(2650)/往復(2181)/復帰(2138)/復興(1531)/復旧(1301)/修復(1170)/復元(1013)/復讐(823)/反復(614)/報復(608)/復習(296)/復刻(234)/復員(217)/復権(181)/復古(166)/復(157)/復職(132)/復調(99)/復原(98)
629	専	22513	115.2605	81.420	専門(12680)/専用(3933)/専業(801)/専念(777)/専務(717)/専攻(668)/専制(346)/専ら(322)/専属(302)/専修(295)/専任(251)/専従(213)/専売(179)/専(129)/専有(108)/高専(102)/専守(84)/専心(81)/住専(77)/専科(51)
630	昨	22455	114.9635	81.458	昨日(10943)/昨年(6314)/昨夜(1964)/一昨(1146)/昨今(691)/昨(539)/昨晩(379)/昨季(137)/昨日今日(84)/昨秋(82)/昨夏(46)/昨夕(38)/一昨日(32)/昨春(21)/昨朝(16)/昨冬(14)/昨対(3)/昨是(2)/昨譜(2)/昨期(1)
631	撃	22440	114.8867	81.496	攻撃(7357)/衝撃(2387)/目撃(1315)/打撃(1110)/爆撃(933)/襲撃(708)/射撃(656)/反撃(599)/撃っ(451)/一撃(439)/直撃(431)/出撃(413)/撃た(383)/突撃(336)/撃つ(321)/銃撃(319)/砲撃(294)/撃ち(286)/進撃(282)/撃破(244)
632	辺	22361	114.4823	81.534	周辺(6949)/辺(4189)/辺り(2320)/渡辺(1739)/近辺(606)/田辺(538)/水辺(511)/海辺(494)/身辺(393)/浜辺(341)/辺境(297)/窓辺(291)/底辺(252)/右辺(233)/川辺(215)/岸辺(211)/上辺(197)/一辺倒(165)/四辺(155)/左辺(155)
633	紀	22337	114.3594	81.571	世紀(13377)/紀(1056)/紀元(1004)/書紀(708)/紀州(369)/由紀(292)/由紀夫(288)/真紀子(282)/紀行(274)/紀伊(259)/美由紀(245)/有紀(224)/美紀(166)/亜紀子(159)/冬紀(150)/紀子(145)/紀要(136)/亜紀(123)/記紀(122)/紀香(105)
634	歴	22289	114.1137	81.609	歴史(15651)/履歴(1404)/歴(1029)/学歴(968)/経歴(824)/歴代(683)/歴任(233)/歴然(214)/遍歴(203)/病歴(141)/職歴(117)/前歴(106)/略歴(104)/犯歴(88)/歴訪(57)/薬歴(55)/来歴(53)/歴々(51)/歴戦(50)/歴博(34)
635	織	22248	113.9038	81.646	組織(15643)/織田(1174)/織物(756)/伊織(371)/羽織(355)/香織(328)/織り(260)/織機(244)/織(220)/羽織っ(160)/沙織(149)/織っ(132)/織り込ん(123)/織部(115)/千織(94)/織る(88)/織布(85)/織りなす(81)/染織(80)/織り込ま(78)
636	標	22216	113.7399	81.684	目標(9552)/標準(4843)/指標(2150)/標識(967)/商標(773)/標高(695)/座標(604)/標本(582)/標的(537)/標語(300)/標榜(199)/道標(144)/標示(122)/標(119)/標題(114)/墓標(89)/標石(46)/標記(44)/標章(39)/中標津(24)
637	載	22207	113.6938	81.721	記載(6757)/掲載(4397)/載っ(2704)/載せ(1967)/搭載(1922)/連載(1455)/満載(568)/転載(437)/載せる(417)/積載(250)/載る(206)/艦載(128)/載り(96)/登載(91)/車載(91)/千載(89)/載ら(65)/収載(57)/所載(52)/載(43)
638	災	22206	113.6887	81.759	災害(8298)/防災(5589)/火災(3106)/震災(1921)/被災(1251)/労災(470)/災難(295)/災い(286)/天災(207)/戦災(190)/災厄(127)/息災(103)/災(95)/罹災(81)/災禍(35)/人災(34)/発災(34)/り災(14)/厄災(14)/減災(12)
639	令	22058	112.9310	81.796	命令(5827)/令(3962)/政令(2799)/司令(2372)/法令(2026)/指令(1041)/省令(469)/律令(440)/府令(362)/発令(320)/令状(251)/号令(247)/辞令(242)/令嬢(181)/勅令(169)/軍令(146)/訓令(137)/伝令(112)/年令(86)/令子(84)
640	旅	22037	112.8235	81.833	旅行(9387)/旅(6363)/旅館(1617)/旅客(1146)/旅人(604)/旅費(297)/旅先(260)/旅券(247)/旅立ち(202)/旅立っ(202)/旅順(194)/旅団(181)/旅籠(162)/旅立つ(140)/長旅(136)/船旅(120)/旅路(118)/旅程(87)/旅籠屋(63)/旅情(62)
641	軽	22005	112.6596	81.870	軽く(4975)/軽い(2625)/軽減(2222)/軽(1942)/気軽(1706)/手軽(952)/軽蔑(666)/軽量(662)/津軽(533)/軽快(488)/軽視(438)/軽井沢(400)/軽やか(355)/軽度(316)/軽水(296)/足軽(247)/軽微(216)/軽率(185)/身軽(166)/軽々(159)
642	未	21916	112.2040	81.907	未(5240)/未来(4376)/未満(3597)/未だ(1528)/未知(895)/未熟(661)/未然(618)/未婚(601)/未遂(448)/未練(405)/未定(404)/未亡人(393)/未明(309)/未年(224)/未聞(212)/未開(204)/未納(189)/未曾有(183)/未払い(142)/未詳(109)
643	緒	21913	112.1886	81.944	一緒(17957)/情緒(816)/内緒(561)/緒方(379)/由緒(312)/緒(195)/端緒(156)/緒形(126)/鼻緒(112)/奈緒子(104)/緒戦(102)/奈緒(85)/美沙緒(77)/奈緒美(74)/美緒(59)/美佐緒(56)/緒沢(53)/朱緒(45)/宮緒(37)/七緒(36)
644	照	21804	111.6306	81.981	参照(9844)/対照(2191)/照明(1586)/照射(1124)/照らし(1046)/照れ(577)/照会(409)/照らさ(371)/照合(321)/照らす(302)/天照(254)/照準(248)/日照(222)/東照(163)/照(140)/照らし合わせ(127)/照り(126)/照於(109)/照応(105)/火照っ(91)
645	章	21789	111.5538	82.018	章(11198)/文章(5455)/本章(867)/憲章(515)/楽章(428)/勲章(371)/前章(291)/紋章(246)/序章(188)/次章(155)/章子(151)/受章(122)/章司(102)/印章(85)/終章(78)/褒章(78)/章江(65)/各章(62)/腕章(60)/記章(46)
646	症	21712	111.1596	82.055	症(9802)/症状(6459)/症候(1204)/発症(1143)/症例(917)/炎症(794)/重症(764)/軽症(145)/対症(143)/本症(67)/脳症(67)/冷え症(63)/腎症(50)/劇症(21)/尿症(15)/油症(12)/病症(12)/筋症(8)/有症(7)/腹症(5)
647	裁	21687	111.0316	82.091	裁判(12467)/総裁(1423)/裁(930)/独裁(809)/裁量(802)/裁定(800)/仲裁(733)/制裁(694)/地裁(655)/高裁(368)/体裁(329)/裁き(202)/裁断(191)/裁縫(174)/裁決(153)/裁く(142)/裁か(122)/洋裁(121)/家裁(112)/決裁(99)
648	党	21620	110.6886	82.128	党(13956)/政党(1940)/与党(1008)/野党(908)/党員(388)/党派(358)/党首(336)/悪党(286)/党内(277)/新党(236)/与野党(225)/各党(208)/残党(151)/両党(121)/同党(120)/郎党(97)/離党(88)/徒党(87)/入党(67)/若党(54)
649	臣	21590	110.5350	82.164	大臣(17224)/家臣(835)/豊臣(719)/重臣(355)/臣(338)/忠臣(221)/臣下(206)/臣民(148)/幕臣(142)/朝臣(141)/中臣(117)/廷臣(84)/君臣(78)/晴臣(77)/群臣(57)/老臣(56)/近臣(55)/旧臣(43)/臣従(43)/遺臣(41)
650	余	21559	110.3762	82.201	余裕(3780)/余り(3344)/余(2648)/余計(1802)/余地(1541)/余分(862)/余儀(803)/余暇(688)/余っ(642)/余剰(505)/余談(426)/剰余(382)/余韻(320)/余白(304)/残余(270)/余人(235)/余力(230)/余命(225)/余る(218)/余程(180)
651	谷	21472	109.9308	82.237	谷(2400)/渋谷(2101)/世田谷(1247)/長谷川(903)/大谷(649)/熊谷(637)/谷川(589)/谷間(504)/渓谷(431)/瀬谷(336)/谷口(331)/水谷(325)/日比谷(302)/四谷(261)/長谷(250)/神谷(248)/中谷(225)/深谷(218)/小谷(194)/谷津(190)
652	焼	21440	109.7670	82.273	焼き(2915)/焼い(1818)/焼く(1571)/焼け(1019)/焼(852)/燃焼(815)/焼酎(773)/焼却(684)/日焼け(612)/焼肉(556)/焼か(424)/夕焼け(361)/焼失(318)/焼きそば(287)/焼き肉(241)/たこ焼き(233)/卵焼き(225)/焼ける(211)/焼き鳥(200)/塩焼き(198)
653	吉	21413	109.6288	82.309	秀吉(2509)/吉田(2433)/吉野(872)/吉(776)/吉川(693)/吉原(579)/吉本(538)/吉岡(524)/不吉(389)/吉宗(346)/住吉(289)/吉村(288)/佐吉(260)/吉備(251)/吉良(249)/藤吉郎(238)/吉祥寺(232)/吉行(227)/三吉(212)/諭吉(210)
654	律	21371	109.4137	82.345	法律(15874)/自律(1087)/規律(825)/一律(749)/律(503)/律令(440)/旋律(351)/律法(270)/律子(204)/戒律(189)/律儀(134)/調律(81)/律する(80)/律し(65)/律義(63)/律動(62)/二律(50)/韻律(45)/律宗(44)/音律(33)
655	将	21369	109.4035	82.381	将来(9245)/将軍(3667)/大将(1301)/将校(989)/将棋(688)/中将(626)/武将(602)/女将(529)/将(435)/少将(425)/将一(305)/将兵(302)/大将軍(240)/主将(209)/将門(186)/諸将(170)/部将(102)/将監(92)/名将(91)/王将(78)
656	益	21310	109.1014	82.417	利益(10210)/収益(3020)/公益(1653)/損益(1330)/益(675)/有益(561)/受益(545)/便益(296)/権益(270)/国益(260)/益々(228)/差益(222)/法益(191)/無益(150)/益田(140)/増益(128)/益金(128)/減益(126)/共益(106)/益次郎(92)
657	並	21198	108.5280	82.453	並ん(4365)/並び(3731)/並べ(2835)/並ぶ(1503)/並み(1337)/並(925)/並行(851)/並木(648)/並べる(539)/町並み(453)/街並み(316)/並列(261)/杉並(241)/軒並み(160)/歯並び(153)/立ち並ぶ(150)/横並び(142)/並々(113)/家並み(112)/並べ替え(109)
658	便	21076	107.9034	82.489	郵便(5409)/便利(4332)/便(3248)/不便(993)/便秘(866)/利便(706)/便宜(627)/便所(621)/便り(469)/便器(361)/急便(333)/小便(318)/排便(303)/便益(296)/簡便(285)/便乗(244)/便箋(172)/方便(149)/便座(108)/糞便(96)
659	遊	20981	107.4171	82.524	遊び(6549)/遊ん(2981)/遊ぶ(1564)/遊園(561)/遊ば(492)/遊女(428)/遊牧(414)/遊戯(408)/浮遊(383)/遊べる(301)/遊(298)/遊ぼう(294)/遊歩(283)/周遊(262)/遊離(244)/遊び場(229)/遊べ(218)/遊具(208)/遊び心(188)/遊覧(187)
660	江	20979	107.4068	82.559	江戸(8094)/近江(916)/江(799)/松江(624)/堀江(490)/大江(487)/江東(349)/江川(313)/江藤(308)/入江(281)/江戸川(255)/長江(253)/江ノ島(185)/江間(169)/お江(163)/江崎(163)/宋江(137)/入り江(135)/江口(134)/遠江(131)
661	億	20972	107.3710	82.595	億(20797)/億劫(144)/億ション(11)/巨億(8)/億兆(7)/道億(4)/億計(1)
662	監	20962	107.3198	82.630	監督(10054)/監査(3732)/監視(3528)/監獄(484)/監修(373)/監理(359)/監察(353)/監事(349)/総監(332)/監禁(327)/監(267)/監護(157)/将監(92)/収監(88)/監房(77)/舎監(48)/監部(47)/監物(35)/監訳(33)/軍監(28)
663	英	20913	107.0689	82.665	英語(8133)/英国(2858)/英(1918)/英雄(1168)/英文(652)/英米(265)/英治(226)/英世(225)/米英(222)/英子(216)/大英(198)/英訳(189)/英明(147)/英字(143)/集英(134)/英夫(123)/英知(123)/育英(121)/日英(114)/英二(114)
664	服	20856	106.7771	82.701	服(5697)/服装(1840)/洋服(1695)/克服(1412)/制服(1282)/衣服(1091)/服用(917)/征服(789)/不服(712)/服部(599)/服従(470)/一服(302)/和服(288)/軍服(287)/私服(266)/呉服(216)/服薬(201)/内服(195)/屈服(163)/喪服(156)
665	退	20835	106.6696	82.736	退職(4873)/引退(1390)/後退(1260)/退院(1224)/撤退(1093)/退屈(1014)/衰退(751)/辞退(531)/退治(493)/脱退(485)/退去(376)/退い(351)/退学(346)/減退(333)/退場(332)/退社(318)/中退(300)/退け(296)/敗退(295)/退却(280)
666	越	20818	106.5825	82.771	越え(3277)/越し(2166)/引っ越し(1146)/乗り越え(984)/越える(870)/引越し(774)/越前(586)/越後(564)/超越(479)/優越(453)/川越(347)/卓越(315)/越(309)/上越(283)/繰越(269)/乗り越える(264)/越中(252)/三越(250)/越す(229)/通り越し(216)
667	寺	20707	106.0142	82.806	寺(11697)/寺院(1338)/大寺(557)/天王寺(539)/寺田(330)/寺社(282)/吉祥寺(232)/国分寺(225)/寺内(200)/中禅寺(194)/山寺(175)/修善寺(170)/西園寺(168)/寺島(165)/寺町(160)/東寺(146)/薬師寺(136)/社寺(132)/禅寺(129)/寺子(125)
668	寝	20682	105.8863	82.841	寝(7870)/寝る(2389)/寝室(1382)/昼寝(739)/寝台(597)/就寝(458)/寝かせ(385)/寝床(380)/寝具(272)/寝返り(267)/寝坊(230)/寝よう(226)/寝れ(223)/寝起き(198)/寝入り(186)/寝そべっ(185)/寝息(170)/寝顔(162)/寝込ん(156)/寝ぼけ(148)
669	又	20646	105.7019	82.876	又(19927)/又五郎(75)/又四郎(71)/又兵衛(62)/又右衛門(60)/柴又(45)/川又(34)/又三郎(32)/又市(30)/猫又(27)/又左衛門(22)/又々(21)/勝又(16)/又七(16)/二又(15)/又もや(14)/又一(14)/又之助(12)/又吉(12)/又八郎(11)
670	欲	20641	105.6763	82.910	欲しい(7577)/意欲(2454)/欲望(1744)/欲求(1465)/食欲(1436)/欲(1032)/欲し(911)/欲しく(852)/欲しかっ(794)/性欲(503)/貪欲(234)/欲する(183)/禁欲(148)/欲情(104)/私欲(103)/欲張り(102)/物欲(83)/強欲(80)/情欲(69)/無欲(57)
671	納	20564	105.2821	82.945	納得(4735)/納付(2494)/納税(1910)/収納(1632)/納め(1320)/納豆(975)/滞納(649)/納期(635)/納入(591)/格納(509)/納める(400)/奉納(373)/納言(369)/加納(331)/納品(261)/納屋(220)/納骨(205)/未納(189)/納車(149)/出納(140)
672	弁	20556	105.2412	82.980	弁護(6122)/答弁(3023)/弁当(2838)/弁(1501)/弁済(1247)/抗弁(508)/勘弁(432)/合弁(357)/弁論(351)/弁解(347)/弁明(267)/代弁(263)/花弁(255)/雄弁(247)/弁証(242)/弁慶(208)/日弁連(199)/弁天(197)/弁理(188)/駅弁(155)
673	則	20293	103.8947	83.014	原則(7694)/規則(4478)/法則(2522)/附則(1018)/罰則(712)/則(577)/通則(363)/反則(352)/鉄則(216)/正則(186)/総則(160)/変則(155)/則っ(149)/校則(131)/則ち(111)/特則(106)/準則(90)/雑則(87)/本則(83)/細則(80)
674	革	20238	103.6131	83.048	改革(9640)/革命(5241)/革新(1628)/変革(1190)/革(706)/行革(306)/沿革(193)/行革審(171)/皮革(120)/文革(101)/革製(93)/革靴(93)/革張り(57)/革ジャン(52)/革マル(50)/黒革(46)/牛革(43)/本革(42)/革袋(40)/革紐(31)
675	布	20220	103.5209	83.082	分布(3067)/布(2397)/配布(2264)/布団(2022)/財布(1255)/昆布(814)/毛布(705)/公布(640)/布告(409)/散布(400)/流布(384)/布教(372)/布施(304)/麻布(252)/布陣(233)/布地(223)/塗布(202)/発布(197)/湿布(193)/布石(175)
676	激	20147	103.1472	83.116	刺激(4409)/激しい(3448)/激しく(2808)/急激(1854)/感激(971)/過激(743)/激化(557)/激減(452)/激励(427)/激し(409)/激怒(362)/激突(348)/激痛(284)/激変(276)/激動(271)/激戦(268)/激甚(251)/激増(194)/激烈(165)/激安(160)
677	茶	20112	102.9680	83.150	茶(6295)/喫茶(1531)/紅茶(1012)/茶碗(903)/茶色(893)/茶屋(761)/抹茶(435)/茶道(408)/緑茶(338)/無茶(317)/茶の湯(315)/茶会(292)/茶室(285)/茶の間(241)/無茶苦茶(224)/麦茶(194)/茶葉(181)/茶色い(180)/茶飯(179)/滅茶苦茶(178)
678	波	20097	102.8912	83.184	波(5005)/周波(1887)/電波(1829)/岩波(863)/波長(650)/津波(589)/丹波(587)/波及(545)/音波(500)/筑波(495)/波動(405)/波形(358)/難波(354)/阿波(286)/短波(235)/波紋(209)/波乱(206)/脳波(187)/防波(167)/荒波(138)
679	幸	20079	102.7990	83.218	幸せ(5296)/幸い(2505)/不幸(2444)/幸福(2325)/幸運(1280)/幸(837)/幸子(581)/昌幸(298)/幸村(231)/幸田(191)/行幸(188)/幸雄(182)/幸之助(170)/幸四郎(149)/幸一(144)/幸太郎(121)/幸吉(111)/美幸(104)/真幸(90)/幸治(84)
680	犯	20076	102.7837	83.252	犯罪(6613)/犯人(4658)/犯(2387)/犯し(1238)/防犯(1197)/犯行(1085)/事犯(759)/共犯(411)/犯す(369)/犯さ(283)/戦犯(223)/再犯(162)/侵犯(159)/犯歴(88)/主犯(75)/虞犯(39)/正犯(37)/初犯(28)/本犯(28)/犯意(28)
681	端	19952	102.1488	83.286	端(3088)/先端(2320)/極端(2110)/端末(1208)/半端(1090)/途端(1023)/端的(611)/端子(596)/一端(569)/末端(534)/両端(488)/異端(406)/道端(388)/発端(368)/南端(309)/右端(309)/川端(298)/左端(271)/端数(224)/片っ端(187)
682	危	19921	101.9901	83.319	危険(10695)/危機(5133)/危ない(1255)/危惧(679)/危うく(397)/危害(301)/危うい(182)/危い(141)/危篤(130)/危なく(110)/危ぶま(87)/危う(85)/危急(78)/危なかっ(71)/危な(66)/危なっかしい(59)/危く(52)/危難(44)/危ねえ(36)/危なっかしく(28)
683	債	19870	101.7290	83.353	債権(6089)/債務(6062)/負債(1583)/社債(1497)/債(1366)/国債(1213)/債券(859)/公債(667)/起債(148)/市債(114)/公社債(94)/外債(56)/残債(26)/債主(24)/募債(15)/減債(13)/県債(10)/旧債(7)/適債(6)/債鬼(3)
684	印	19854	101.6471	83.386	印象(6976)/印刷(4007)/印(1782)/印鑑(919)/矢印(593)/消印(549)/調印(485)/目印(362)/印紙(359)/封印(355)/刻印(245)/押印(224)/捺印(136)/印字(134)/実印(134)/旗印(134)/印画(127)/烙印(126)/印税(122)/無印(109)
685	婦	19797	101.3553	83.420	夫婦(7160)/婦人(3854)/婦(3117)/主婦(2799)/妊婦(868)/新婦(426)/娼婦(310)/寡婦(304)/婦長(154)/妊産婦(136)/婦女(126)/産婦(67)/裸婦(60)/農婦(57)/一婦(51)/情婦(51)/婦警(41)/命婦(28)/毒婦(21)/酌婦(20)
686	編	19796	101.3502	83.453	編集(5702)/編(4065)/編成(2932)/再編(1100)/編み(600)/編纂(550)/編入(402)/編ん(366)/長編(339)/短編(338)/本編(284)/続編(266)/編曲(199)/編制(159)/編著(151)/編隊(148)/編者(142)/改編(132)/全編(121)/編み物(112)
687	草	19692	100.8177	83.486	草(3840)/煙草(1919)/浅草(1075)/雑草(717)/草原(592)/仕草(566)/草津(523)/草案(507)/天草(432)/草木(408)/草花(365)/薬草(328)/草子(297)/起草(294)/牧草(285)/水草(269)/草履(264)/草地(263)/野草(255)/除草(248)
688	席	19668	100.6948	83.520	席(8603)/出席(3312)/座席(1494)/議席(519)/客席(512)/主席(471)/欠席(449)/同席(373)/打席(365)/席上(283)/寄席(260)/全席(230)/着席(217)/首席(216)/空席(211)/満席(207)/即席(177)/席巻(144)/宴席(119)/列席(97)
689	途	19616	100.4286	83.553	途中(7849)/途上(2826)/用途(1675)/中途(1207)/途端(1023)/別途(768)/途方(669)/一途(555)/途(393)/途切れ(349)/目途(328)/使途(322)/前途(307)/途絶え(284)/帰途(252)/途切れる(147)/方途(144)/途切れ途切れ(108)/途絶(78)/途次(56)
690	庁	19593	100.3109	83.586	庁(13073)/省庁(1680)/庁舎(1350)/官庁(1214)/本庁(789)/県庁(305)/官公庁(173)/都庁(99)/支庁(92)/政庁(91)/開庁(81)/分庁(62)/当庁(56)/藩庁(53)/各庁(51)/庁内(48)/来庁(48)/同庁(44)/道庁(37)/都道府県庁(31)
691	州	19577	100.2289	83.619	州(4983)/九州(3421)/欧州(2332)/満州(1195)/長州(715)/信州(551)/本州(540)/北九州(485)/紀州(369)/甲州(286)/奥州(273)/広州(256)/各州(157)/上州(156)/済州(152)/豪州(145)/泉州(133)/荊州(132)/遠州(129)/道州(103)
692	諸	19475	99.7067	83.652	諸(7436)/諸国(5105)/諸島(1023)/諸君(897)/諸表(556)/諸々(352)/諸侯(253)/諸葛(180)/諸説(179)/諸将(170)/諸氏(153)/諸仏(150)/諸般(148)/諸藩(146)/諸点(134)/諸語(133)/諸元(102)/諸事(77)/諸橋(75)/諸費(75)
693	沢	19467	99.6658	83.684	沢山(2631)/贅沢(1299)/金沢(1036)/小沢(1020)/沢(784)/光沢(549)/藤沢(522)/沢東(494)/軽井沢(400)/所沢(392)/福沢(391)/宮沢(381)/滝沢(313)/米沢(312)/柳沢(303)/大沢(292)/北沢(254)/野沢(240)/矢沢(236)/渋沢(213)
694	雑	19388	99.2613	83.717	雑誌(5869)/複雑(4636)/混雑(957)/雑貨(771)/雑草(717)/雑(601)/雑談(372)/雑音(371)/雑木(340)/雑煮(288)/雑巾(282)/雑種(267)/雑踏(244)/雑用(228)/大雑把(195)/雑多(177)/雑穀(176)/雑菌(173)/雑炊(170)/煩雑(166)
695	皆	19367	99.1538	83.750	皆(17997)/皆無(558)/皆殺し(125)/皆目(111)/皆川(108)/皆々(63)/皆伝(59)/皆勤(50)/悉皆(43)/皆んな(42)/皆伐(39)/皆既(31)/皆の衆(23)/皆生(17)/伊良皆(15)/皆太郎(13)/皆野(13)/皆兵(9)/皆実町(6)/皆吉(5)
696	遺	19358	99.1077	83.783	遺伝(4789)/遺跡(2795)/遺産(1910)/遺族(1707)/遺言(1476)/遺体(1247)/遺物(477)/遺憾(471)/後遺(467)/遺書(372)/遺骨(318)/遺構(314)/遺品(231)/遺留(211)/遺児(205)/遺贈(190)/遺骸(172)/遺棄(171)/遺し(165)/遺志(122)
697	模	19316	98.8927	83.815	規模(11702)/模様(3254)/模型(798)/模索(777)/模範(455)/模倣(450)/相模(402)/模擬(374)/模し(206)/模写(194)/模造(173)/模式(138)/相模原(124)/模試(81)/相模大野(80)/模糊(32)/模(19)/模刻(16)/模像(8)/模本(8)
698	岡	19238	98.4934	83.848	福岡(3353)/静岡(1851)/岡山(1535)/岡田(1248)/岡本(637)/岡(605)/高岡(563)/片岡(541)/吉岡(524)/松岡(516)/盛岡(507)/岡崎(481)/長岡(433)/藤岡(359)/鶴岡(331)/岡村(326)/富岡(229)/山岡(225)/岡部(223)/岡野(217)
699	駅	19145	98.0172	83.880	駅(15607)/駅前(1433)/駅舎(344)/駅伝(319)/駅員(224)/駅名(166)/駅弁(155)/各駅(148)/駅長(126)/宿駅(74)/新駅(56)/駅間(56)/駅逓(52)/駅頭(36)/同駅(32)/名駅(27)/前駅(26)/駅家(21)/駅裏(21)/北駅(17)
700	巻	19144	98.0121	83.912	巻(5818)/巻い(1348)/巻き(1142)/取り巻く(867)/巻き込ま(845)/巻く(466)/巻きつけ(350)/巻末(333)/巻き込ん(310)/葉巻(294)/巻か(221)/絵巻(218)/巻頭(212)/花巻(185)/圧巻(181)/巻き上げ(181)/竜巻(162)/渦巻い(154)/席巻(144)/渦巻き(143)
701	春	19080	97.6844	83.944	春(7532)/青春(1106)/春秋(666)/思春(632)/売春(606)/春日(564)/春樹(310)/春先(280)/新春(257)/春休み(237)/早春(222)/春子(212)/千春(210)/春季(182)/春雨(178)/今春(177)/春夏(165)/来春(164)/小春(153)/春菜(152)
702	酒	18897	96.7475	83.976	酒(11078)/居酒屋(759)/飲酒(721)/酒井(592)/酒場(386)/酒造(364)/酒屋(260)/酒田(236)/酒類(217)/清酒(193)/酒税(166)/禁酒(165)/酒飲み(149)/酒宴(135)/洋酒(104)/酒好き(102)/地酒(101)/甘酒(101)/酒肴(92)/酒席(85)
703	責	18847	96.4916	84.008	責任(15043)/責め(937)/責務(618)/責める(376)/免責(368)/叱責(188)/責(188)/自賠責(173)/職責(137)/自責(126)/呵責(76)/重責(75)/有責(54)/問責(49)/帰責(36)/引責(36)/責め立て(36)/譴責(33)/責めたて(30)/罪責(29)
704	洋	18832	96.4147	84.040	洋(4521)/西洋(2758)/東洋(1878)/洋服(1695)/海洋(1681)/洋子(576)/洋風(385)/洋画(368)/洋食(282)/大洋(279)/洋楽(257)/洋上(223)/巡洋(198)/和洋(189)/洋館(183)/南洋(182)/洋平(167)/洋式(148)/遠洋(130)/洋介(129)
705	橋	18787	96.1844	84.072	橋(5530)/高橋(2336)/橋本(1455)/大橋(758)/日本橋(655)/船橋(378)/石橋(371)/新橋(370)/桟橋(352)/前橋(342)/板橋(299)/艦橋(267)/架橋(220)/豊橋(204)/橋梁(201)/一橋(197)/鉄橋(179)/橋田(178)/京橋(164)/栗橋(161)
706	油	18778	96.1383	84.103	油(5141)/石油(4427)/醤油(1262)/原油(1210)/油断(878)/醬油(577)/給油(378)/油脂(323)/灯油(302)/油揚げ(278)/油絵(267)/産油(238)/油田(235)/精油(206)/重油(197)/油彩(189)/油圧(164)/揚げ油(152)/しょう油(146)/油分(146)
707	曜	18751	96.0001	84.135	日曜(4351)/土曜(3500)/金曜(2644)/月曜(2512)/水曜(1552)/木曜(1499)/火曜(1447)/曜日(492)/土・日曜(462)/何曜(62)/曜(49)/黒曜(48)/土、日曜(38)/七曜(21)/曜子(15)/新曜(14)/土日曜(12)/九曜(10)/曜平(9)/劉曜(4)
708	圧	18637	95.4164	84.166	圧倒(2728)/血圧(2362)/圧力(2207)/圧縮(1400)/圧迫(1194)/電圧(1004)/抑圧(876)/気圧(813)/圧(721)/弾圧(662)/高圧(440)/制圧(358)/鎮圧(280)/威圧(252)/重圧(220)/圧勝(219)/圧巻(181)/油圧(164)/加圧(156)/水圧(153)
709	練	18625	95.3550	84.198	練習(6776)/訓練(6507)/洗練(721)/熟練(506)/試練(488)/未練(405)/練馬(386)/練っ(290)/修練(275)/練(271)/練り(255)/練る(160)/教練(92)/朝練(74)/鍛練(73)/練り上げ(69)/手練(65)/練ら(63)/練り歩く(57)/操練(56)
710	角	18621	95.3345	84.229	角(3466)/三角(2034)/角度(1958)/一角(892)/方角(719)/四角(652)/多角(586)/半角(405)/四角い(404)/直角(388)/折角(329)/街角(285)/角田(279)/六角(272)/角膜(250)/角栄(246)/角川(235)/全角(218)/角質(217)/対角(204)
711	密	18597	95.2116	84.261	秘密(4481)/密度(1381)/密接(1333)/厳密(1195)/密着(912)/精密(880)/密(661)/緊密(659)/親密(592)/密か(546)/密集(480)/機密(459)/密教(450)/密室(355)/密閉(294)/綿密(291)/緻密(285)/密輸(240)/濃密(238)/過密(234)
712	久	18580	95.1246	84.292	久し(3413)/永久(1364)/久々(1276)/大久保(922)/耐久(751)/久保(476)/久(375)/久保田(374)/久留米(354)/恒久(320)/佐久間(287)/屋久(277)/文久(264)/久米(251)/久木(209)/小久保(198)/持久(198)/久しく(192)/久しい(184)/久美子(176)
713	層	18502	94.7252	84.323	層(7111)/一層(3635)/階層(1704)/断層(844)/高層(783)/地層(600)/上層(529)/下層(446)/深層(364)/表層(268)/重層(226)/大層(155)/各層(144)/積層(136)/成層(113)/中層(111)/多層(108)/客層(102)/低層(80)/層理(79)
714	破	18461	94.5153	84.354	破壊(4325)/破綻(1404)/破産(1291)/突破(1199)/破っ(831)/破れ(767)/破損(602)/破滅(543)/破片(497)/破棄(494)/破り(443)/破裂(412)/破る(385)/爆破(347)/打破(323)/破ら(257)/撃破(244)/破局(190)/破(157)/破格(154)
715	診	18442	94.4180	84.385	診断(4933)/診療(2798)/受診(2414)/検診(1871)/診察(1562)/健診(1449)/診査(909)/診(726)/問診(299)/打診(220)/初診(193)/往診(146)/聴診(129)/触診(119)/回診(105)/診る(94)/予診(84)/内診(82)/誤診(56)/休診(44)
716	挙	18277	93.5733	84.416	選挙(6996)/挙げ(4541)/検挙(1457)/挙げる(877)/一挙(799)/列挙(445)/挙動(318)/挙式(285)/挙句(231)/挙手(193)/挙(173)/大挙(163)/挙がっ(144)/快挙(140)/推挙(131)/科挙(123)/挙兵(116)/枚挙(114)/挙げ句(111)/挙げれ(99)
717	清	18219	93.2764	84.447	清水(2298)/清掃(1490)/清(1422)/清潔(1184)/清算(1022)/清原(464)/血清(435)/清盛(380)/日清(379)/清浄(310)/清瀬(306)/清朝(304)/清涼(271)/清国(268)/清らか(252)/清正(239)/清河(208)/清流(207)/清酒(193)/清め(189)
718	香	18199	93.1740	84.478	香り(4319)/香港(2221)/香(1024)/香川(678)/香水(651)/線香(367)/明日香(356)/香織(328)/静香(303)/由香(301)/芳香(301)/由香里(276)/香典(234)/香料(222)/香辛(219)/美香(213)/香取(190)/香ばしい(181)/焼香(157)/香菜(149)
719	困	18193	93.1432	84.508	困難(6795)/困っ(4707)/困る(2740)/困り(1079)/貧困(1056)/困惑(700)/困ら(416)/困窮(319)/困憊(82)/困りごと(76)/困りもの(37)/困つ(29)/困(26)/困民(17)/困り者(13)/困苦(11)/困り事(10)/困り顔(9)/困却(7)/困じ(6)
720	順	18188	93.1176	84.539	順(5187)/手順(2216)/順調(1673)/順番(1599)/順位(1597)/順序(1152)/順次(904)/従順(335)/順子(274)/順応(235)/不順(213)/旅順(194)/語順(174)/道順(151)/順当(109)/恭順(95)/順風(85)/順守(82)/帰順(81)/順平(81)
721	蔵	18111	92.7234	84.570	冷蔵(2557)/大蔵(2417)/蔵(1913)/武蔵(1204)/貯蔵(841)/所蔵(665)/内蔵(652)/地蔵(616)/武蔵野(468)/蔵書(357)/埋蔵(338)/土蔵(252)/蔵王(248)/収蔵(221)/内蔵助(216)/三蔵(189)/蔵人(179)/蔵相(164)/半蔵(162)/秘蔵(133)
722	逆	18045	92.3855	84.600	逆(11516)/逆転(1313)/反逆(302)/逆説(271)/逆さ(267)/逆行(232)/逆流(227)/逆らう(211)/逆らっ(194)/逆手(190)/逆上(181)/逆さま(159)/逆襲(159)/逆光(158)/可逆(148)/逆戻り(139)/逆境(137)/逆らえ(116)/逆立ち(116)/逆算(115)
723	超	18006	92.1859	84.631	超(6660)/超え(5211)/超える(3458)/超過(935)/超越(479)/超す(238)/超人(170)/出超(85)/超常(79)/超絶(78)/馬超(78)/入超(73)/超然(71)/超し(68)/超克(40)/超えれ(39)/班超(26)/超えよう(16)/超訳(14)/索超(13)
724	佐	17987	92.0886	84.661	佐藤(3058)/佐々木(1318)/佐賀(1013)/大佐(983)/土佐(796)/補佐(754)/佐野(711)/少佐(621)/佐伯(547)/佐渡(414)/中佐(413)/佐世保(333)/佐(289)/佐久間(287)/佐川(280)/佐吉(260)/宇佐(245)/佐竹(240)/佐助(237)/佐々(230)
725	皇	17967	91.9862	84.691	天皇(8605)/皇帝(2159)/皇后(1046)/皇子(1026)/皇太子(922)/皇室(639)/教皇(364)/皇族(337)/上皇(307)/皇居(278)/皇女(267)/皇位(216)/皇(195)/皇太后(190)/法皇(175)/皇国(122)/皇統(104)/尊皇(80)/魁皇(62)/皇道(59)
726	森	17947	91.8838	84.722	森(7412)/森林(4194)/青森(1276)/森田(597)/森山(402)/大森(386)/森本(290)/森下(216)/森川(203)/小森(173)/藤森(142)/森永(128)/森岡(122)/森脇(102)/森村(101)/森島(98)/森野(97)/高森(91)/森羅(90)/金森(84)
727	融	17942	91.8582	84.752	金融(11532)/融資(3468)/融合(1260)/融通(423)/投融資(274)/融和(152)/溶融(120)/融点(96)/融解(89)/融雪(80)/融(77)/融け(71)/融液(43)/出融資(34)/熔融(23)/笮融(22)/円融(18)/融かし(14)/特融(13)/融ける(12)
728	静	17939	91.8428	84.782	静か(5449)/冷静(2058)/静岡(1851)/静脈(942)/静止(803)/静(602)/静寂(514)/安静(513)/鎮静(430)/静けさ(373)/平静(352)/静香(303)/静子(257)/静まり返っ(221)/静電(173)/静まりかえっ(161)/静注(161)/静夫(151)/動静(150)/静養(136)
729	替	17780	91.0288	84.812	為替(1721)/代替(1551)/切り替え(1289)/振替(1283)/着替え(1205)/替え(1069)/交替(605)/入れ替え(544)/切り替える(366)/両替(365)/取り替え(335)/読み替える(280)/買い替え(249)/建て替え(230)/替える(197)/入れ替わり(186)/着替える(186)/読み替え(173)/植え替え(172)/替わり(167)
730	善	17749	90.8701	84.842	改善(9919)/善(1296)/善意(698)/最善(602)/善良(344)/親善(315)/善悪(290)/偽善(263)/慈善(248)/修善寺(170)/善行(170)/善人(169)/善光(162)/善い(127)/丸善(110)/善し悪し(108)/独善(104)/善玉(102)/善彦(100)/善政(96)
731	絵	17704	90.6397	84.872	絵(8534)/絵画(1676)/絵本(1551)/絵図(390)/絵柄(329)/絵の具(326)/挿絵(301)/油絵(267)/口絵(232)/絵巻(218)/絵具(207)/絵師(197)/絵描き(181)/蒔絵(163)/絵はがき(133)/絵葉書(131)/絵筆(123)/錦絵(113)/千絵(100)/絵かき(99)
732	街	17686	90.5475	84.902	街(9585)/市街(2883)/街道(1536)/街路(747)/街頭(503)/街中(447)/街並み(316)/街角(285)/街灯(266)/街区(243)/街づくり(175)/街乗り(72)/花街(66)/街なか(60)/街宣(47)/ドヤ街(43)/街並(41)/街風(23)/街歩き(22)/五街道(21)
733	短	17682	90.5271	84.932	短い(3541)/短(2718)/短期(2530)/短く(1946)/短縮(1191)/短歌(610)/短所(393)/短大(388)/最短(343)/短編(338)/短篇(292)/短冊(272)/短波(235)/短剣(222)/短調(220)/短絡(196)/短気(168)/時短(158)/短め(153)/短かっ(143)
734	探	17677	90.5015	84.961	探し(6218)/探す(1809)/探偵(1387)/探検(802)/探る(773)/探索(669)/探っ(615)/探査(459)/探究(432)/探求(409)/探り(397)/探せ(377)/探知(312)/探さ(234)/手探り(202)/探そう(200)/探し出し(186)/探訪(156)/探鉱(130)/探し求め(122)
735	倒	17632	90.2711	84.991	面倒(3947)/圧倒(2728)/倒れ(2699)/倒産(1626)/倒し(841)/転倒(840)/倒す(435)/倒れる(414)/倒壊(335)/打倒(284)/倒さ(196)/罵倒(189)/貸倒(184)/前倒し(167)/一辺倒(165)/傾倒(144)/倒幕(110)/倒せ(108)/倒錯(103)/倒れ込ん(97)
736	簡	17559	89.8973	85.021	簡単(12936)/簡易(1268)/書簡(855)/簡潔(683)/簡素(554)/簡略(306)/簡便(285)/木簡(211)/簡保(117)/簡明(75)/簡(65)/簡裁(51)/蠧簡(36)/料簡(28)/断簡(18)/簡約(18)/了簡(15)/簡体(10)/竹簡(8)/簡史(2)
737	築	17543	89.8154	85.050	建築(7330)/構築(3640)/新築(1054)/築い(1028)/築く(524)/築地(452)/改築(419)/築か(375)/築(309)/築き(296)/築城(234)/築き上げ(227)/増改築(207)/増築(197)/築造(181)/築山(128)/都築(123)/移築(121)/築け(88)/築きあげ(74)
738	撮	17521	89.7028	85.080	撮影(10219)/撮っ(2928)/撮り(1277)/撮る(1045)/撮れ(584)/撮ら(430)/撮像(209)/撮れる(186)/撮ろう(149)/特撮(116)/盗撮(80)/撮り鉄(49)/撮り下ろし(26)/空撮(22)/隠し撮り(22)/撮り直し(20)/試し撮り(14)/前撮り(12)/盗み撮り(12)/撮(11)
739	夏	17513	89.6618	85.110	夏(9464)/夏休み(1869)/初夏(546)/真夏(516)/夏目(451)/夏場(402)/夏季(305)/夏美(201)/夏期(198)/春夏(165)/夏祭り(150)/夏子(110)/夏樹(110)/夏バテ(107)/今夏(99)/夏彦(98)/千夏(86)/江夏(84)/夏至(83)/夏まつり(82)
740	固	17426	89.2164	85.139	固定(5479)/固有(1765)/固め(1368)/固く(1064)/固まっ(769)/固い(731)/頑固(603)/断固(508)/強固(476)/凝固(417)/固体(405)/確固(375)/固執(352)/固形(342)/固まり(314)/固める(290)/堅固(258)/固(255)/固まる(166)/固化(121)
741	植	17418	89.1754	85.168	植物(6011)/植民(1974)/移植(1659)/植え(1550)/植木(545)/動植物(535)/鉢植え(327)/植える(317)/植えつけ(300)/植林(280)/入植(275)/田植え(265)/植栽(263)/植生(257)/植樹(239)/植え付け(174)/植え替え(172)/定植(129)/田植(129)/植村(116)
742	疑	17344	88.7966	85.198	疑問(5273)/疑い(2316)/容疑(1657)/質疑(1191)/疑っ(961)/疑わ(944)/疑惑(892)/被疑(847)/疑う(735)/疑念(348)/懐疑(325)/疑わしい(290)/嫌疑(202)/半疑(172)/疑似(158)/疑義(157)/疑心(149)/猜疑(133)/疑わし(86)/疑(72)
743	散	17279	88.4638	85.227	散歩(3232)/解散(2024)/分散(1388)/拡散(930)/散策(846)/散乱(531)/発散(520)/散っ(461)/散布(400)/散々(354)/散らし(330)/散らばっ(277)/散る(255)/散り(252)/退散(218)/散らす(209)/離散(200)/散会(189)/散文(186)/散在(180)
744	討	17250	88.3153	85.256	検討(13183)/討論(959)/討議(572)/討伐(307)/討ち(227)/討つ(190)/討っ(145)/討た(139)/征討(130)/仇討ち(111)/掃討(105)/追い討ち(98)/討死(88)/追討(88)/討幕(69)/討ち死に(51)/返り討ち(44)/仇討(41)/焼き討ち(40)/討ち取っ(39)
745	雨	17250	88.3153	85.285	雨(8807)/梅雨(764)/雨天(658)/大雨(596)/豪雨(589)/雨水(572)/小雨(429)/降雨(237)/雨戸(236)/時雨(179)/春雨(178)/風雨(163)/雷雨(158)/雨量(150)/雨宮(139)/雨降り(131)/梅雨明け(130)/暴風雨(117)/雨林(108)/雨季(102)
746	浮	17171	87.9109	85.314	浮かん(2098)/浮かべ(2075)/浮気(1524)/浮かぶ(1001)/浮い(883)/浮上(760)/思い浮かべ(572)/浮かび上がっ(428)/浮世(398)/浮か(397)/浮遊(383)/浮き彫り(312)/浮かび(295)/浮浪(277)/思い浮かべる(273)/浮かべる(257)/浮腫(241)/浮く(209)/浮かば(197)/浮かれ(191)
747	奥	17134	87.7215	85.343	奥(11248)/陸奥(438)/奥行き(414)/奥底(323)/山奥(295)/奥深く(287)/奥州(273)/奥田(252)/奥方(251)/大奥(227)/奥羽(212)/奥地(210)/奥村(203)/奥深い(191)/奥歯(158)/奥山(154)/奥まっ(137)/奥行(116)/奥野(111)/奥義(106)
748	罪	17109	87.5935	85.372	犯罪(6613)/罪(5724)/謝罪(849)/有罪(556)/無罪(502)/罪悪(497)/罪人(295)/罪名(284)/罪種(155)/本罪(127)/罪状(125)/冤罪(123)/断罪(113)/死罪(93)/贖罪(83)/重罪(80)/罪深い(70)/流罪(64)/余罪(58)/功罪(58)
749	札	17085	87.4706	85.401	落札(6871)/入札(3744)/札幌(2283)/札(1565)/改札(604)/名札(201)/表札(195)/切り札(173)/札束(147)/花札(114)/札所(107)/鑑札(67)/値札(66)/偽札(63)/新札(59)/手札(46)/高札(45)/札入れ(43)/立て札(35)/立札(26)
750	審	17043	87.2555	85.429	審査(5515)/審議(5401)/審判(1302)/審(1232)/不審(1003)/審理(574)/陪審(262)/審決(229)/再審(208)/審問(176)/行革審(171)/被審(128)/審美(117)/原審(102)/大審(90)/主審(68)/予審(39)/結審(37)/中教審(36)/臨教審(36)
751	勤	17041	87.2453	85.458	勤務(5241)/勤め(2147)/通勤(1669)/勤労(1506)/出勤(1309)/常勤(708)/転勤(675)/在勤(656)/勤める(433)/勤続(352)/勤勉(303)/夜勤(277)/勤(244)/勤め先(219)/欠勤(158)/勤王(137)/勤行(98)/参勤(93)/勤め人(83)/外勤(79)
752	属	17036	87.2197	85.487	金属(3656)/所属(2533)/属する(2217)/付属(1556)/属し(1039)/帰属(834)/属(811)/附属(725)/属性(636)/従属(479)/配属(436)/専属(302)/直属(244)/係属(239)/属さ(150)/隷属(106)/属州(98)/服属(90)/転属(81)/軍属(79)
753	嫌	16966	86.8613	85.516	嫌(5720)/嫌い(3894)/機嫌(2211)/嫌わ(869)/嫌悪(855)/嫌っ(513)/大嫌い(477)/嫌う(386)/嫌がらせ(374)/嫌気(348)/好き嫌い(311)/嫌味(280)/嫌疑(202)/嫌々(67)/嫌み(64)/毛嫌い(61)/嫌煙(43)/忌み嫌わ(33)/大っ嫌い(28)/嫌嫌(26)
754	占	16951	86.7845	85.544	占め(4678)/占める(4611)/独占(2019)/占領(1928)/占い(901)/占有(770)/占拠(382)/占い師(217)/占星(161)/寡占(143)/占う(133)/買い占め(117)/占っ(111)/占用(108)/独り占め(108)/占(74)/星占い(45)/夢占い(37)/占術(36)/占師(35)
755	販	16951	86.7845	85.573	販売(13076)/市販(1743)/通販(623)/量販(405)/自販(217)/販路(161)/販促(129)/信販(108)/再販(101)/直販(55)/物販(50)/販(50)/販社(32)/製販(23)/酒販(23)/日販(22)/拡販(20)/共販(16)/訪販(13)/窓販(12)
756	司	16941	86.7333	85.601	上司(2903)/司法(2506)/司令(2372)/寿司(932)/司会(891)/司(649)/司祭(638)/司馬(449)/司教(448)/司書(262)/公司(221)/司る(215)/祭司(184)/門司(164)/国司(160)/郡司(151)/庄司(141)/所司(139)/総司(130)/寿司屋(129)
757	河	16820	86.1138	85.630	河川(3124)/河(1232)/銀河(1038)/河原(677)/河口(649)/運河(638)/河野(593)/河内(569)/河合(515)/駿河(462)/三河(452)/氷河(424)/大河(387)/河岸(346)/河村(314)/河童(291)/河本(264)/白河(249)/古河(235)/清河(208)
758	訪	16817	86.0985	85.658	訪問(5511)/訪れ(3982)/訪ね(2686)/訪れる(1511)/諏訪(615)/来訪(460)/訪ねる(443)/訪日(319)/訪米(176)/探訪(156)/訪中(139)/訪朝(98)/歴訪(57)/訪韓(57)/再訪(51)/訪(49)/訪ソ(45)/訪れよう(34)/訪ねよう(33)/諏訪部(30)
759	訳	16812	86.0729	85.686	訳(5387)/申し訳(2152)/翻訳(1954)/内訳(1478)/通訳(1235)/言い訳(918)/訳し(474)/訳さ(301)/訳注(210)/邦訳(207)/英訳(189)/直訳(186)/訳す(183)/訳者(177)/訳語(159)/仕訳(143)/訳書(128)/訳文(102)/漢訳(93)/意訳(87)
760	級	16774	85.8783	85.715	級(4110)/階級(3033)/高級(2931)/学級(1473)/上級(1370)/同級(1032)/下級(512)/初級(471)/等級(453)/中級(390)/進級(111)/級友(110)/特級(90)/首級(85)/低級(71)/更級(61)/昇級(47)/級数(42)/原級(41)/通級(40)
761	該	16760	85.8067	85.743	当該(12382)/該当(4280)/該(73)/該博(16)/直該(2)/勝該(1)/該件(1)/該党(1)/該字(1)/該法(1)/該部(1)/該里(1)
762	俺	16682	85.4073	85.771	俺(16633)/俺ァ(41)/俺あ(4)/俺俺(2)/俺っち(1)/俺家(1)
763	裏	16643	85.2077	85.799	裏(5833)/裏側(883)/裏切り(598)/脳裏(578)/裏切ら(556)/裏面(431)/裏付け(411)/裏返し(405)/裏切っ(348)/裏手(345)/裏づけ(313)/裏腹(306)/裏口(288)/表裏(277)/内裏(271)/裏切る(271)/裏庭(246)/屋根裏(243)/裏打ち(226)/裏ワザ(193)
764	測	16641	85.1974	85.827	測定(4398)/予測(3401)/観測(2714)/推測(1783)/計測(1052)/測量(756)/測る(483)/測っ(425)/測り(219)/憶測(191)/実測(161)/測光(144)/不測(139)/測地(100)/測位(88)/測ら(65)/測れ(62)/測候(51)/測距(42)/目測(37)
765	芸	16543	84.6957	85.855	芸術(5444)/芸能(2646)/芸(1078)/工芸(1043)/文芸(830)/園芸(793)/芸人(770)/芸者(525)/陶芸(483)/学芸(429)/安芸(373)/武芸(231)/手芸(209)/演芸(191)/民芸(168)/芸妓(138)/芸大(137)/芸名(114)/芸当(93)/曲芸(80)
766	恐	16526	84.6086	85.883	恐怖(3801)/恐れ(3488)/恐ろしい(1850)/恐らく(1663)/恐縮(651)/恐竜(553)/恐慌(507)/恐れる(483)/恐い(461)/恐る(414)/恐ろしく(405)/恐る恐る(386)/恐ろし(375)/恐喝(276)/恐(171)/恐く(141)/恐れ入り(128)/恐ろしかっ(84)/恐しい(71)/恐かっ(64)
767	染	16512	84.5370	85.911	感染(4767)/汚染(3799)/染め(1272)/染色(1135)/馴染み(593)/染まっ(553)/伝染(482)/染み(373)/染める(195)/染まる(194)/染料(189)/染(182)/染まり(163)/馴染ん(152)/染み込ん(109)/馴染め(91)/馴染ま(87)/染織(80)/染みつい(71)/染物(69)
768	徴	16410	84.0148	85.939	特徴(8900)/象徴(3051)/徴収(2664)/徴兵(348)/徴候(244)/徴税(182)/徴用(163)/課徴(147)/徴(117)/追徴(96)/徴発(70)/徴し(53)/徴集(52)/李徴(48)/徴求(37)/表徴(31)/徴募(27)/魏徴(24)/性徴(21)/主徴(16)
769	夢	16371	83.8151	85.966	夢(11676)/夢中(1686)/悪夢(532)/夢見(460)/夢想(324)/夢見る(159)/夢み(146)/夢二(125)/夢幻(94)/夢子(88)/夢野(87)/夢枕(63)/夢みる(60)/夢遊(58)/夢窓(54)/来夢(47)/夢章(41)/夢うつつ(39)/初夢(37)/夢占い(37)
770	伸	16366	83.7895	85.994	伸び(5980)/伸ばし(3089)/伸ばす(834)/伸び率(827)/伸びる(810)/伸一(628)/伸長(262)/伸縮(238)/伸び悩み(190)/背伸び(175)/延伸(156)/差し伸べ(146)/追伸(146)/伸び伸び(142)/伸び悩ん(138)/伸展(136)/伸(126)/続伸(123)/伸ばせ(99)/伸子(87)
771	充	16348	83.6973	86.022	充実(6690)/充分(3514)/拡充(1321)/充電(908)/補充(753)/充足(564)/充てる(476)/充当(398)/充満(324)/充て(263)/充血(187)/充填(139)/充(100)/充ち(91)/充塡(77)/充たさ(66)/充たし(47)/充たす(46)/春充(42)/充放電(36)
772	継	16321	83.5591	86.049	継続(5037)/継承(1372)/中継(1312)/後継(1228)/承継(1110)/継い(605)/受け継い(468)/引き継い(423)/継ぐ(399)/受け継が(392)/引き継が(308)/引き継ぐ(247)/引き継ぎ(236)/引継ぎ(187)/継ぎ(172)/継が(170)/乗り継ぎ(164)/受け継ぐ(134)/中継ぎ(129)/乗り継い(127)
773	列	16309	83.4977	86.077	列(3601)/列車(3468)/行列(1361)/系列(1269)/列島(994)/配列(893)/列挙(445)/序列(396)/陳列(390)/参列(368)/列強(300)/前列(287)/並列(261)/整列(219)/羅列(176)/直列(154)/同列(149)/隊列(126)/列記(105)/列席(97)
774	留	16300	83.4516	86.104	留学(2595)/留守(1853)/留意(1272)/留保(712)/留置(685)/留め(617)/残留(607)/在留(488)/保留(365)/駐留(357)/勾留(355)/久留米(354)/留まっ(325)/貯留(288)/留(248)/居留(245)/書留(238)/抑留(223)/遺留(211)/停留(207)
775	舞	16288	83.3902	86.132	舞台(5630)/舞(1069)/見舞い(948)/歌舞伎(926)/舞踊(558)/見舞わ(518)/振る舞い(421)/舞踏(378)/舞う(365)/舞い(319)/舞っ(297)/見舞(251)/歌舞伎町(201)/舞妓(201)/振舞い(167)/舞子(164)/鼓舞(161)/振る舞う(148)/舞い上がっ(138)/見舞っ(129)
776	描	16245	83.1700	86.159	描い(4941)/描か(2939)/描く(2669)/描き(1667)/描写(1124)/描画(550)/描け(302)/思い描い(197)/絵描き(181)/描ける(179)/描こう(178)/描き出し(161)/描出(134)/素描(129)/描き出す(105)/思い描く(99)/描き出さ(69)/手描き(55)/思い描き(45)/点描(40)
777	片	16237	83.1291	86.186	片手(1608)/片(1419)/片方(1253)/片山(1051)/片付け(984)/片づけ(774)/断片(647)/片隅(630)/片岡(541)/破片(497)/片側(413)/片道(375)/片栗粉(353)/片足(314)/片腕(235)/片思い(226)/紙片(221)/片桐(198)/片っ端(187)/片倉(184)
778	似	16208	82.9806	86.214	似(9142)/類似(1511)/真似(1431)/似合う(706)/似合わ(410)/近似(370)/似合い(362)/似合っ(296)/似顔(179)/擬似(167)/相似(161)/疑似(158)/似通っ(144)/酷似(143)/似せ(113)/似る(97)/似つか(94)/真似る(66)/似つかわしく(61)/似かよっ(59)
779	盛	16198	82.9294	86.241	盛ん(1894)/盛り(1096)/盛り上がっ(789)/盛り上がり(561)/旺盛(527)/盛岡(507)/隆盛(438)/盛り上げ(422)/全盛(420)/盛り込ま(404)/盛っ(398)/盛大(398)/盛り込ん(394)/清盛(380)/盛る(323)/繁盛(312)/最盛(293)/盛り上がる(286)/盛(258)/盛況(240)
780	崎	16184	82.8577	86.268	長崎(2604)/宮崎(1577)/山崎(1375)/川崎(1304)/尾崎(583)/岡崎(481)/岩崎(441)/崎(394)/高崎(385)/神崎(263)/松崎(220)/尼崎(215)/黒崎(204)/浜崎(201)/島崎(199)/大崎(190)/三崎(180)/吉崎(180)/柏崎(169)/野崎(169)
781	抱	16178	82.8270	86.296	抱え(3525)/抱い(3064)/抱く(1145)/抱か(1015)/抱える(907)/抱き(816)/抱きしめ(789)/辛抱(572)/抱っこ(472)/抱きつい(245)/抱擁(222)/抱き合っ(214)/抱負(188)/抱きかかえ(164)/抱き上げ(163)/抱き締め(155)/抱き寄せ(144)/抱きしめる(141)/抱え込ん(133)/抱え込む(78)
782	易	16153	82.6990	86.323	貿易(6810)/容易(3801)/簡易(1268)/安易(837)/交易(744)/易い(629)/易(371)/難易(371)/易く(296)/辟易(120)/平易(105)/易しい(89)/改易(61)/易々(50)/不易(46)/易し(42)/宗易(41)/易しく(36)/易経(36)/易者(34)
783	星	16126	82.5608	86.350	星(5155)/衛星(2816)/惑星(1186)/星野(658)/星座(433)/火星(387)/星空(322)/木星(316)/恒星(310)/金星(274)/彗星(257)/流星(250)/土星(218)/新星(189)/星々(188)/占星(161)/明星(154)/星雲(154)/赤星(126)/星団(104)
784	傷	16123	82.5454	86.377	傷(3106)/負傷(1307)/損傷(1169)/傷つけ(1119)/傷害(980)/傷つい(674)/死傷(607)/傷病(496)/外傷(455)/傷つける(446)/中傷(400)/感傷(387)/重傷(381)/傷口(374)/火傷(332)/傷つき(313)/傷つく(311)/殺傷(250)/傷み(179)/傷跡(179)
785	混	16109	82.4737	86.405	混乱(3107)/混ぜ(2163)/混合(1223)/混雑(957)/混ぜる(857)/混じっ(705)/混ん(544)/混同(534)/混入(504)/混ぜ合わせ(397)/混在(363)/混沌(313)/混ざっ(288)/混ぜ合わせる(272)/混血(216)/混じり(212)/かき混ぜ(185)/混迷(155)/混信(129)/混み(123)
786	仲	16087	82.3611	86.432	仲間(7352)/仲(2593)/仲良く(1415)/仲介(835)/仲裁(733)/仲良し(440)/義仲(229)/仲よく(210)/仲買(175)/仲居(174)/仲直り(172)/仲人(140)/仲麻呂(101)/仲哀(98)/仲村(86)/不仲(73)/仲よし(71)/仲町(62)/仲立ち(60)/仲々(43)
787	宿	16029	82.0641	86.459	宿(2893)/新宿(2807)/宿泊(2130)/宿題(883)/下宿(630)/宿舎(549)/宿命(548)/合宿(531)/原宿(476)/民宿(292)/宿っ(259)/宿場(253)/寄宿(251)/宿屋(246)/宿主(238)/宿る(198)/宿直(160)/宿し(149)/西新宿(132)/野宿(130)
788	射	15957	81.6955	86.486	放射(4311)/反射(2127)/注射(2101)/照射(1124)/発射(1106)/射撃(656)/射(426)/射程(320)/射殺(295)/射精(280)/入射(274)/陽射し(235)/直射(184)/噴射(156)/日射(142)/射し(134)/射る(131)/投射(114)/射手(111)/連射(89)
789	借	15953	81.6750	86.513	借り(4106)/借金(2454)/借入(1312)/貸借(1194)/借地(796)/借りる(771)/借家(713)/賃借(553)/借款(545)/借用(335)/借り入れ(327)/賃貸借(306)/借入れ(242)/借主(218)/拝借(182)/借りれ(162)/借り手(122)/借り受け(116)/貸し借り(99)/間借り(73)
790	秋	15920	81.5061	86.540	秋(6936)/秋田(1864)/秋山(707)/春秋(666)/千秋(364)/秋葉(360)/秋葉原(301)/秋月(235)/秋冬(221)/晩秋(207)/秋風(178)/秋津(164)/秋巳(155)/秋元(153)/今秋(127)/秋季(118)/秋乃(108)/秋晴れ(105)/初秋(102)/秋刀魚(97)
791	丸	15880	81.3013	86.566	丸(3955)/丸い(951)/丸く(944)/丸山(666)/丸め(654)/丸太(612)/弾丸(527)/日の丸(450)/本丸(390)/丸の内(271)/丸み(226)/一丸(170)/丸出し(162)/丸紅(156)/丸子(147)/大丸(146)/金丸(146)/二の丸(138)/丸々(137)/睾丸(137)
792	患	15864	81.2194	86.593	患者(11897)/疾患(2792)/患部(221)/罹患(190)/患っ(172)/急患(133)/患児(115)/患い(79)/患(47)/外患(44)/患う(30)/患側(26)/患家(19)/被患(13)/患趾(10)/患肢(9)/新患(8)/長患い(8)/患畜(7)/患難(6)
793	志	15818	80.9839	86.620	意志(3193)/志向(1781)/志(1541)/同志(992)/志望(541)/志賀(468)/志士(455)/志願(455)/有志(351)/志村(318)/志郎(244)/志摩(237)/高志(202)/志し(191)/闘志(185)/隆志(161)/志津(157)/志す(131)/遺志(122)/志乃(118)
794	著	15814	80.9634	86.646	著作(3107)/著者(2097)/著しく(1835)/著(1684)/著しい(1371)/顕著(1353)/著書(1313)/著名(749)/著し(272)/著述(206)/拙著(173)/名著(167)/共著(160)/編著(151)/著明(108)/原著(105)/大著(83)/主著(80)/著わし(76)/前著(75)
795	抗	15679	80.2722	86.673	抵抗(4642)/対抗(2370)/抗議(1381)/抗(1125)/反抗(876)/抗体(773)/抗生(670)/抗争(520)/抗弁(508)/抗原(475)/抗菌(298)/抗がん(258)/抗告(239)/拮抗(222)/抗酸(220)/抗うつ(155)/抗日(155)/抗し(128)/抗ガン(127)/抗戦(119)
796	底	15667	80.2108	86.699	徹底(4603)/底(4196)/海底(842)/根底(785)/到底(632)/心底(415)/奥底(323)/基底(257)/底辺(252)/どん底(237)/底面(179)/水底(149)/谷底(139)/底力(138)/地底(123)/船底(119)/眼底(114)/底質(113)/底部(109)/靴底(104)
797	忘	15661	80.1801	86.726	忘れ(12623)/忘れる(1270)/忘年(317)/忘却(201)/忘れ物(170)/忘れ去ら(137)/物忘れ(134)/忘れよう(120)/忘れかけ(101)/忘(49)/備忘(47)/健忘(45)/忘れ去っ(39)/もの忘れ(38)/度忘れ(29)/忘恩(28)/ど忘れ(26)/忘我(26)/忘るる(23)/忘れろ(22)
798	腹	15654	80.1442	86.752	腹(5124)/お腹(2591)/腹部(701)/空腹(621)/腹筋(464)/下腹(459)/腹痛(400)/満腹(327)/裏腹(306)/切腹(288)/腹膜(236)/中腹(234)/脇腹(219)/山腹(180)/腹心(153)/腹腔(146)/腹立たしい(134)/自腹(120)/腹立ち(109)/腹式(104)
799	催	15649	80.1187	86.779	開催(9987)/主催(2185)/催し(1070)/催促(441)/催眠(414)/催さ(355)/催告(253)/共催(249)/催し物(195)/催す(141)/催(83)/催事(60)/催涙(44)/催しもの(38)/催物(38)/催行(19)/併催(14)/催淫(10)/催奇(9)/催馬楽(7)
800	宗	15525	79.4838	86.805	宗教(6953)/宗(1426)/宗派(474)/真宗(411)/吉宗(346)/改宗(209)/政宗(189)/時宗(183)/禅宗(177)/宗像(158)/宗一郎(144)/宗門(131)/宗主(121)/宗家(121)/宗男(121)/長宗我部(116)/正宗(113)/太宗(111)/宗久(105)/宗谷(93)
801	拡	15495	79.3302	86.831	拡大(9784)/拡張(2237)/拡充(1321)/拡散(930)/拡げ(230)/拡がっ(210)/拡幅(135)/拡がり(134)/軍拡(106)/拡がる(98)/拡げる(64)/拡声(63)/拡(20)/拡販(20)/拡布(19)/拡まっ(14)/拡げよう(11)/繰り拡げ(9)/拡り(8)/押し拡げ(7)
802	妻	15425	78.9718	86.857	妻(11046)/夫妻(1360)/妻子(436)/稲妻(310)/人妻(306)/吾妻(287)/後妻(109)/新妻(109)/我妻(95)/前妻(85)/良妻(85)/多妻(79)/先妻(74)/愛妻(67)/妻帯(65)/正妻(64)/妻女(62)/元妻(59)/妻夫木(55)/切妻(46)
803	互	15352	78.5981	86.883	互い(8055)/相互(5550)/交互(786)/互換(328)/互(150)/互角(144)/互助(130)/互選(52)/互恵(44)/互生(33)/互ひ(22)/互い違い(14)/互層(14)/互譲(12)/互先(10)/互いちがい(2)/互訓(2)/互い先(1)/互市(1)/互渉(1)
804	掛	15341	78.5418	86.909	掛け(2951)/仕掛け(1575)/出掛け(650)/掛かっ(624)/掛ける(522)/掛かる(455)/腰掛け(374)/掛かり(367)/掛金(324)/心掛け(318)/掛(313)/矢掛(299)/手掛かり(280)/掛川(237)/掛け声(230)/呼び掛け(217)/出掛ける(213)/仕掛ける(189)/売掛(180)/掛け金(167)
805	豊	15336	78.5162	86.935	豊か(5868)/豊富(2564)/豊田(1041)/豊(749)/豊臣(719)/豊島(439)/豊後(286)/豊作(223)/豊橋(204)/豊饒(155)/豊前(150)/豊川(136)/豊満(106)/豊穣(102)/豊洲(93)/豊岡(92)/一豊(90)/豊国(86)/豊中(82)/筑豊(78)
806	採	15220	77.9223	86.960	採用(6501)/採択(1180)/採取(1169)/伐採(650)/採算(604)/採集(526)/採っ(502)/採掘(453)/採点(424)/採決(422)/採る(330)/採り(310)/採血(286)/採ら(274)/採れ(171)/採石(163)/採り入れ(114)/採れる(109)/採光(77)/採卵(69)
807	創	15208	77.8608	86.986	創造(3685)/創設(2046)/創作(1289)/創業(1080)/創出(926)/創立(790)/創刊(669)/独創(532)/創価(422)/創始(354)/創意(336)/創(294)/創建(284)/創る(199)/創っ(171)/創生(148)/創世(136)/創り出し(116)/創ら(114)/創り出す(114)
808	喜	15195	77.7943	87.012	喜び(3583)/喜ん(3180)/喜ぶ(979)/喜ば(885)/慶喜(505)/大喜び(478)/歓喜(441)/喜劇(359)/喜(346)/喜一郎(195)/喜ばしい(186)/延喜(170)/喜多(158)/喜怒(136)/留喜(133)/一喜(125)/喜一(124)/喜美(90)/喜べ(85)/喜田(80)
809	骨	15190	77.7687	87.037	骨(5060)/骨折(921)/骨格(684)/骨盤(478)/露骨(460)/背骨(443)/軟骨(443)/骨董(371)/骨髄(350)/遺骨(318)/鎖骨(274)/鉄骨(272)/肋骨(228)/納骨(205)/骨組み(186)/骨子(179)/人骨(149)/骨頂(119)/骨膜(118)/甲骨(107)
810	略	15189	77.7636	87.063	戦略(5260)/略(1635)/侵略(1474)/省略(1219)/中略(970)/攻略(769)/簡略(306)/略奪(298)/概略(294)/略し(286)/略称(278)/略語(241)/謀略(212)/策略(208)/略式(148)/計略(109)/雄略(108)/略歴(104)/前略(103)/略す(102)
811	契	15187	77.7533	87.089	契約(13608)/契機(1333)/契り(91)/契丹(42)/契(39)/契る(11)/契沖(11)/随契(10)/契っ(9)/有契(8)/契印(5)/契合(5)/契情(4)/黙契(3)/契い(1)/契ら(1)/契一(1)/契連(1)/密契(1)/年契(1)
812	洗	15180	77.7175	87.114	洗濯(2994)/洗っ(1882)/洗い(1145)/洗う(1039)/洗剤(909)/洗面(877)/洗練(721)/洗浄(705)/洗顔(398)/洗礼(396)/洗わ(362)/手洗い(345)/水洗い(323)/洗車(226)/洗脳(221)/水洗(211)/御手洗(185)/洗い流し(171)/洗い場(120)/洗え(115)
813	厚	15141	77.5178	87.140	厚生(6570)/厚(1452)/厚い(966)/濃厚(804)/厚く(797)/厚み(600)/分厚い(392)/重厚(341)/厚木(327)/厚手(278)/温厚(197)/厚紙(147)/厚労(143)/肉厚(136)/手厚い(128)/厚め(123)/厚揚げ(120)/手厚く(108)/厚意(92)/肥厚(82)
814	己	15124	77.4308	87.165	自己(13026)/己(856)/己れ(325)/利己(243)/知己(120)/克己(108)/己が(89)/保己一(38)/直己(28)/勝己(24)/正己(24)/昌己(19)/和己(16)/妲己(16)/己心(16)/敦己(15)/大己貴(13)/己巳(13)/如己(12)/己未(12)
815	吸	15112	77.3694	87.191	呼吸(4356)/吸収(3129)/吸っ(1279)/吸う(740)/吸い(662)/吸引(493)/吸わ(418)/吸い込ま(320)/吸入(275)/吸着(242)/吸い込ん(240)/吸血(215)/吸水(179)/吸気(141)/吸い込む(133)/吸い込み(118)/吸(107)/吸い上げ(107)/吸いこん(101)/吸いこま(91)
816	港	15108	77.3489	87.216	空港(5023)/港(3846)/香港(2221)/港湾(1198)/漁港(489)/開港(401)/寄港(264)/出港(263)/入港(262)/港町(242)/軍港(88)/港内(78)/港北(61)/境港(50)/新港(37)/港南(37)/帰港(36)/南港(34)/母港(34)/築港(30)
817	眼	15088	77.2465	87.242	眼(7266)/眼鏡(1353)/眼差し(493)/眼前(406)/眼科(362)/眼球(332)/眼下(322)/双眼(318)/主眼(288)/肉眼(249)/両眼(240)/眼光(156)/老眼(139)/開眼(139)/眼中(121)/着眼(121)/眼底(114)/白眼(109)/眼目(107)/法眼(104)
818	娘	15080	77.2055	87.267	娘(13687)/小娘(173)/母娘(144)/孫娘(136)/一人娘(127)/娘婿(84)/モー娘(71)/末娘(60)/父娘(50)/三娘(46)/倩娘(45)/愛娘(41)/ひとり娘(40)/生娘(35)/娘役(34)/田舎娘(25)/線娘(23)/親娘(23)/娘娘(22)/娘子(21)
819	昔	15075	77.1799	87.293	昔(13699)/昔話(360)/大昔(263)/一昔(170)/今昔(165)/ひと昔(84)/昔日(53)/昔々(49)/昔陽(35)/昔遊び(32)/昔し(18)/昔気質(18)/昔なじみ(15)/昔むかし(15)/昔語り(13)/昔馴染み(13)/郊昔(13)/往昔(11)/昔噺(10)/昔かたぎ(8)
820	筋	15071	77.1595	87.318	筋(3722)/筋肉(3363)/背筋(805)/心筋(684)/一筋(533)/首筋(474)/鉄筋(471)/腹筋(464)/道筋(455)/筋力(449)/筋トレ(275)/筋腫(222)/筋道(189)/筋書き(184)/血筋(163)/大筋(151)/売れ筋(148)/筋合い(127)/手筋(111)/本筋(109)
821	授	15032	76.9598	87.343	教授(6916)/授業(5101)/授乳(464)/授与(441)/授け(400)/伝授(332)/授受(180)/授産(166)/授かっ(164)/授賞(156)/授精(101)/授権(94)/授ける(79)/授かる(69)/授(61)/授かり(55)/収授(32)/授から(24)/口授(23)/授爵(23)
822	枚	15030	76.9495	87.369	枚(14178)/枚数(458)/枚方(197)/枚挙(114)/大枚(48)/二枚舌(22)/二枚腰(4)/信枚(3)/半枚(3)/枚岡(1)/枚聞(1)/清枚(1)
823	紹	15016	76.8779	87.394	紹介(14620)/袁紹(96)/紹鷗(87)/紹興(78)/紹運(29)/紹巴(11)/紹子(10)/紹安(9)/紹鴎(9)/紹(7)/紹真(7)/紹益(5)/嵆紹(3)/紹儀(3)/元紹(2)/真紹(2)/紹二(2)/紹印(2)/紹喜(2)/紹基(2)
824	逃	15012	76.8574	87.419	逃げ(3915)/逃げる(1370)/逃れ(993)/逃亡(669)/逃げ出し(632)/見逃し(586)/逃れる(454)/逃避(398)/逃走(366)/逃し(360)/逃げよう(314)/見逃せ(286)/逃げ出す(272)/見逃さ(257)/見逃す(244)/逃がし(231)/逃げだし(185)/逃す(181)/逃さ(167)/逃れよう(149)
825	酸	14974	76.6628	87.445	酸(3058)/酸化(2879)/酸素(2481)/酸性(736)/炭酸(676)/硫酸(480)/酸味(461)/乳酸(361)/リン酸(358)/硝酸(324)/塩酸(269)/尿酸(252)/抗酸(220)/酢酸(215)/水酸(203)/核酸(180)/青酸(180)/酸度(172)/胃酸(117)/酸っぱい(111)
826	絡	14971	76.6475	87.470	連絡(12073)/絡ん(515)/絡み(389)/絡め(226)/絡む(222)/脈絡(213)/短絡(196)/絡ま(184)/絡み合っ(136)/絡まっ(89)/経絡(77)/絡み合い(75)/絡まり(59)/絡みつい(51)/絡み合う(40)/絡(34)/籠絡(33)/絡みつく(30)/絡める(29)/絡まる(28)
827	届	14938	76.4785	87.495	届い(2471)/届出(2383)/届け(2133)/届く(1663)/届き(1199)/届か(1176)/届け出(1102)/届(1013)/届ける(340)/行き届い(284)/見届け(244)/送り届け(111)/届け出る(108)/見届ける(81)/不届き(64)/行き届か(57)/届け物(47)/送り届ける(47)/行き届き(45)/付け届け(41)
828	厳	14902	76.2942	87.520	厳しい(5155)/厳しく(2065)/厳密(1195)/厳格(817)/尊厳(702)/厳重(599)/厳し(590)/威厳(375)/厳選(275)/厳正(272)/厳粛(231)/厳守(219)/荘厳(217)/厳禁(203)/厳しかっ(173)/厳然(154)/戒厳(148)/厳罰(141)/厳(133)/華厳(132)
829	努	14884	76.2021	87.545	努力(10219)/努め(3139)/努める(1398)/努(75)/努めよう(13)/努めれ(8)/美努(8)/努めよ(3)/努めろ(3)/甲努(3)/久努(2)/努む(2)/努むる(2)/努め励む(2)/努ム(2)/努努(2)/努め励み(1)/努太(1)/粼努(1)
830	触	14866	76.1099	87.571	触れ(4742)/接触(2430)/触れる(1607)/感触(1142)/触っ(858)/触る(393)/触ら(364)/触媒(290)/抵触(265)/触れ合い(258)/触発(217)/触り(176)/触覚(174)/触れ合う(147)/触手(139)/手触り(126)/触診(119)/前触れ(96)/肌触り(91)/触(90)
831	損	14781	75.6747	87.596	損害(3712)/損失(2087)/損(1484)/損益(1330)/損傷(1169)/欠損(610)/破損(602)/損なわ(403)/損金(371)/損なう(311)/毀損(257)/損壊(233)/損ね(223)/減損(212)/損保(188)/損得(164)/損し(124)/損なっ(122)/大損(105)/含み損(82)
832	板	14766	75.5979	87.620	板(4842)/看板(1954)/甲板(691)/鉄板(384)/黒板(346)/基板(324)/板橋(299)/登板(296)/合板(254)/板垣(237)/小板(226)/天板(217)/板倉(181)/平板(168)/まな板(146)/板の間(136)/床板(133)/鋼板(131)/板張り(122)/板前(113)
833	陸	14757	75.5519	87.645	大陸(2774)/陸軍(2123)/上陸(1497)/陸上(1446)/陸(1026)/北陸(702)/着陸(653)/内陸(596)/陸奥(438)/陸地(374)/離陸(352)/常陸(305)/陸海軍(240)/陸路(192)/陸相(178)/陸運(144)/離着陸(135)/三陸(125)/陸棚(99)/陸橋(74)
834	阪	14661	75.0604	87.670	大阪(10374)/阪神(2720)/阪急(427)/京阪(232)/松阪(105)/京阪神(87)/東大阪(81)/阪田(58)/阪(56)/名阪(53)/阪大(48)/阪和(41)/阪本(40)/阪東(28)/藤阪(24)/倉阪(22)/高阪(22)/阪井(19)/在阪(18)/阪南(16)
835	択	14647	74.9887	87.695	選択(13135)/採択(1180)/択一(162)/択捉(65)/択(49)/択伐(19)/択ん(13)/撰択(8)/択ば(4)/択び(4)/択ぶ(3)/択つ(1)/択びとり(1)/択べ(1)/択べる(1)/決択(1)
836	承	14603	74.7634	87.719	承知(3918)/承認(3490)/継承(1372)/承継(1110)/承諾(1066)/伝承(1005)/了承(923)/承り(253)/承っ(216)/承(188)/不承(101)/承平(100)/承久(84)/承和(77)/承晩(60)/口承(54)/承役(51)/承け(45)/承る(45)/承服(44)
837	了	14600	74.7481	87.744	終了(7558)/完了(2475)/了解(1247)/了承(923)/修了(660)/満了(506)/魅了(452)/了(105)/結了(48)/未了(46)/読了(45)/了見(41)/了っ(40)/了俊(32)/了知(31)/了え(21)/投了(20)/了う(19)/了つ(19)/了以(18)
838	弱	14582	74.6559	87.769	弱い(3623)/弱(1857)/弱く(1101)/弱点(627)/弱者(581)/弱っ(501)/弱火(461)/衰弱(355)/脆弱(351)/弱め(310)/貧弱(306)/弱体(272)/強弱(244)/弱気(239)/弱み(229)/病弱(188)/弱かっ(187)/弱々しい(183)/軟弱(164)/弱まっ(161)
839	攻	14536	74.4204	87.793	攻撃(7357)/攻め(1578)/攻略(769)/専攻(668)/侵攻(605)/攻勢(416)/特攻(400)/攻める(324)/攻防(320)/速攻(246)/進攻(126)/攻守(120)/猛攻(116)/攻(70)/攻城(69)/攻め込ん(67)/正攻(60)/城攻め(54)/反攻(47)/攻殻(47)
840	陽	14446	73.9596	87.818	太陽(5337)/陽(1631)/陽気(919)/陽子(762)/陽性(667)/陰陽(586)/山陽(393)/陽光(353)/夕陽(336)/陽射し(235)/洛陽(184)/紫陽花(165)/陽明(143)/陽一(115)/瀋陽(82)/欧陽(81)/斜陽(74)/陽炎(73)/春陽(70)/朝陽(70)
841	版	14423	73.8419	87.842	版(6568)/出版(5589)/版画(435)/初版(236)/図版(206)/木版(121)/新版(118)/絶版(106)/版元(86)/石版(86)/版図(80)/版本(65)/版権(59)/再版(57)/活版(53)/ガリ版(42)/凸版(38)/製版(32)/版面(31)/原版(29)
842	雪	14410	73.7753	87.866	雪(6718)/積雪(436)/美雪(344)/除雪(333)/大雪(298)/吹雪(267)/雪崩(200)/豪雪(182)/雪舟(182)/雪国(177)/小雪(166)/雪山(154)/白雪(126)/降雪(119)/残雪(114)/雪道(110)/雪面(109)/雪子(108)/雪解け(97)/雪印(92)
843	乱	14379	73.6166	87.891	混乱(3107)/乱れ(1223)/乱(1069)/乱暴(1040)/反乱(680)/散乱(531)/乱用(493)/内乱(228)/動乱(228)/乱し(221)/波乱(206)/戦乱(194)/狂乱(190)/乱入(182)/叛乱(174)/乱文(170)/攪乱(170)/乱す(165)/乱数(164)/乱闘(164)
844	玉	14367	73.5552	87.915	玉(2737)/埼玉(1938)/玉ねぎ(1026)/目玉(738)/児玉(413)/玉子(377)/玉川(302)/年玉(190)/白玉(182)/玉葱(176)/玉座(151)/玉山(147)/玉置(132)/悪玉(128)/手玉(125)/珠玉(118)/玉砕(116)/水玉(113)/玉鬘(113)/玉木(111)
845	兄	14359	73.5142	87.939	兄(7664)/兄弟(3673)/兄貴(779)/兄妹(344)/義兄(291)/父兄(235)/従兄弟(202)/長兄(165)/中大兄(161)/従兄(133)/大兄(90)/次兄(83)/諸兄(71)/兄嫁(68)/実兄(55)/貴兄(55)/兄者(44)/兄ィ(39)/兄姉(29)/兄哥(20)
846	庫	14339	73.4118	87.963	庫(3336)/在庫(1758)/文庫(1747)/兵庫(1669)/倉庫(1343)/公庫(1092)/国庫(919)/金庫(904)/書庫(520)/車庫(428)/宝庫(262)/庫内(76)/入庫(61)/庫裏(41)/庫裡(32)/出庫(29)/武庫(24)/武庫川(23)/入出庫(12)/艇庫(11)
847	携	14329	73.3606	87.987	携帯(7557)/連携(4014)/提携(1113)/携わる(455)/携わっ(437)/携え(320)/携行(180)/必携(70)/携わり(69)/携(22)/携わら(18)/携える(16)/携っ(11)/携へ(10)/携る(7)/携快(7)/携われる(6)/携われ(4)/携は(2)/携番(2)
848	欠	14329	73.3606	88.012	不可欠(2310)/欠け(1427)/欠かせ(1268)/欠点(1209)/欠陥(1141)/欠く(679)/欠損(610)/欠如(593)/欠い(583)/欠ける(572)/欠席(449)/欠落(361)/欠乏(332)/補欠(281)/欠かさ(267)/欠格(178)/欠勤(158)/欠かす(150)/欠(145)/欠き(140)
849	徒	14309	73.2582	88.036	生徒(8147)/徒(2033)/徒歩(1693)/信徒(447)/使徒(275)/門徒(221)/学徒(212)/徒然草(111)/暴徒(106)/徒労(98)/徒党(87)/徒然(85)/徒弟(82)/博徒(80)/御徒町(62)/徒ら(41)/囚徒(39)/聖徒(38)/宗徒(34)/衆徒(34)
850	遅	14308	73.2531	88.060	遅れ(4484)/遅く(2828)/遅い(2095)/遅滞(684)/遅れる(640)/遅刻(534)/遅かっ(469)/遅延(456)/遅(426)/手遅れ(271)/遅らせ(155)/遅らせる(152)/遅々(100)/遅かれ(97)/遅め(91)/遅ればせ(75)/遅行(73)/遅し(47)/遅番(46)/遅咲き(45)
851	競	14237	72.8896	88.084	競争(6438)/競技(2573)/競馬(1497)/競合(758)/競売(463)/競走(429)/競う(284)/競っ(279)/競輪(188)/競演(106)/競り合い(103)/競い合う(100)/競艇(86)/競り(85)/競い(83)/競い合っ(75)/競泳(71)/戦競(58)/競い合い(52)/競わ(50)
852	就	14225	72.8281	88.108	就職(4351)/就業(2436)/就任(2090)/就学(1026)/就労(909)/就い(626)/就寝(458)/成就(450)/就農(290)/就く(276)/就き(172)/元就(167)/就(165)/就航(165)/就園(133)/就か(79)/就活(75)/就け(60)/去就(53)/就役(39)
853	暗	14208	72.7411	88.132	暗い(2939)/暗く(1598)/暗殺(998)/暗闇(912)/暗号(885)/暗示(804)/真っ暗(546)/暗(527)/暗黒(471)/暗黙(470)/薄暗い(456)/暗記(388)/暗がり(334)/明暗(206)/薄暗く(187)/暗証(176)/暗に(174)/暗かっ(125)/暗鬼(125)/暗唱(94)
854	締	14196	72.6797	88.156	取締(3956)/締結(2502)/締め(808)/取締り(703)/締切(595)/締め切り(562)/締約(448)/引き締め(386)/取り締まり(340)/締めつけ(293)/引き締まっ(214)/握り締め(201)/締める(193)/抱き締め(155)/締め付け(151)/帯締め(147)/取り締まる(145)/締まっ(129)/締めくくり(126)/引き締める(115)
855	救	14193	72.6643	88.180	救急(2962)/救済(2316)/救助(1436)/救い(1204)/救う(890)/救わ(878)/救命(709)/救援(667)/救出(627)/救っ(571)/救護(400)/救世(345)/救難(200)/救え(132)/救おう(126)/救い主(84)/救える(80)/救貧(76)/救い出し(68)/救い出す(47)
856	津	14191	72.6541	88.204	十津川(954)/会津(937)/島津(627)/津波(589)/津(557)/大津(551)/津軽(533)/草津(523)/津田(500)/木更津(461)/天津(263)/津々(257)/津川(236)/小津(233)/沼津(229)/石津(210)/摂津(207)/谷津(190)/唐津(179)/中津(168)
857	掲	14130	72.3418	88.228	掲載(4397)/掲げる(3829)/掲げ(2110)/前掲(1644)/掲示(1593)/掲揚(140)/掲出(73)/後掲(72)/掲(51)/上掲(48)/再掲(44)/特掲(28)/掲記(23)/別掲(19)/掲ぐる(13)/掲げれ(9)/掲げよう(8)/掲額(5)/掲句(4)/全掲(3)
858	震	14093	72.1523	88.251	地震(6191)/震災(1921)/震え(1747)/耐震(1265)/震える(498)/震わせ(485)/震度(395)/震源(234)/身震い(218)/震動(206)/免震(105)/震わせる(82)/震撼(80)/余震(79)/激震(54)/震(43)/震え上がっ(36)/震盪(32)/震い(28)/震え上がら(28)
859	乳	14060	71.9834	88.275	牛乳(2263)/乳房(1193)/乳幼児(1133)/母乳(870)/乳(836)/乳児(725)/乳首(686)/哺乳(602)/離乳(478)/授乳(464)/乳がん(459)/乳酸(361)/豆乳(350)/乳母(304)/乳製(264)/乳頭(180)/乳液(179)/乳腺(159)/乳癌(142)/乳化(123)
860	詳	14055	71.9578	88.299	詳しく(5347)/詳細(4927)/詳しい(2876)/不詳(258)/詳述(250)/未詳(109)/詳(45)/詳説(44)/詳らか(38)/詳報(29)/詳し(28)/詳しかっ(24)/詳論(21)/詳解(15)/詳記(12)/詳か(11)/詳しけれ(5)/新詳(3)/詳さに(2)/詳密(2)
861	鮮	14010	71.7274	88.322	朝鮮(5314)/北朝鮮(2947)/新鮮(1953)/鮮やか(1252)/鮮明(843)/生鮮(290)/鮮度(269)/海鮮(171)/色鮮やか(164)/鮮烈(141)/鮮魚(134)/鮮血(128)/鮮卑(65)/鮮人(64)/鮮(61)/鮮か(53)/鮮広(28)/北鮮(24)/鮮紅(21)/内鮮(14)
862	恵	13986	71.6045	88.346	知恵(4944)/恵まれ(1706)/恩恵(724)/恵み(558)/恵子(489)/恵(376)/恵比寿(287)/恵里(287)/智恵(232)/理恵(226)/恵美(187)/千恵(175)/千恵子(149)/智恵子(146)/明恵(126)/恵一(125)/恵方(111)/恵美子(104)/恵尚(96)/美恵子(96)
863	拠	13982	71.5841	88.370	証拠(4776)/根拠(3317)/拠点(2510)/拠出(829)/本拠(577)/占拠(382)/準拠(328)/依拠(293)/論拠(243)/拠り所(149)/拠っ(116)/拠る(96)/典拠(94)/割拠(75)/拠りどころ(57)/拠り(42)/拠(33)/拠れ(13)/拠金(13)/拠ら(10)
864	毛	13960	71.4714	88.393	毛(2736)/髪の毛(1200)/毛利(716)/毛布(705)/毛皮(541)/毛穴(387)/脱毛(379)/毛糸(299)/眉毛(239)/不毛(228)/赤毛(227)/羊毛(203)/刷毛(198)/羽毛(198)/毛先(195)/毛頭(172)/毛細(168)/毛髪(137)/栗毛(130)/陰毛(123)
865	礼	13915	71.2410	88.417	礼(3416)/失礼(2656)/礼拝(956)/礼儀(933)/儀礼(859)/巡礼(579)/洗礼(396)/無礼(391)/一礼(293)/礼子(252)/敬礼(248)/婚礼(220)/祭礼(202)/謝礼(201)/礼状(171)/朝礼(136)/礼節(113)/礼吉(101)/礼一郎(95)/礼服(86)
866	犬	13896	71.1438	88.440	犬(9301)/子犬(565)/愛犬(529)/狂犬(222)/犬種(195)/仔犬(194)/飼い犬(136)/犬猫(131)/犬山(130)/猟犬(126)/負け犬(125)/柴犬(116)/野良犬(109)/犬養(104)/老犬(101)/成犬(95)/犬舎(95)/番犬(92)/山犬(86)/野犬(77)
867	祉	13888	71.1028	88.464	福祉(13881)/用祉(2)/祉会(2)/祉(1)/祉係(1)/祉寺(1)
868	傾	13871	71.0158	88.487	傾向(8842)/傾け(1167)/傾斜(1019)/傾い(596)/傾き(485)/傾ける(378)/傾げ(307)/傾く(157)/傾倒(144)/傾注(113)/前傾(113)/傾聴(108)/傾げる(93)/傾きかけ(48)/傾けよう(46)/傾城(45)/右傾(40)/傾か(27)/傾(17)/左傾(14)
869	幅	13832	70.8161	88.510	幅(4671)/大幅(4162)/幅広い(1114)/幅広く(690)/増幅(659)/振幅(277)/肩幅(191)/幅員(182)/全幅(164)/小幅(139)/幅広(136)/拡幅(135)/横幅(134)/道幅(107)/川幅(97)/値幅(90)/歩幅(85)/上げ幅(81)/下げ幅(54)/恰幅(53)
870	尾	13829	70.8007	88.534	尾(1327)/尾崎(583)/松尾(554)/尾道(528)/尾根(524)/尾張(497)/尻尾(479)/横尾(471)/尾行(413)/高尾(376)/末尾(357)/語尾(323)/中尾(296)/首尾(288)/長尾(263)/西尾(260)/上尾(233)/交尾(224)/尾瀬(197)/後尾(182)
871	塩	13810	70.7035	88.557	塩(5578)/塩分(1021)/食塩(630)/塩基(562)/塩化(461)/塩素(427)/塩田(298)/塩酸(269)/塩水(251)/塩味(231)/塩漬け(226)/塩焼き(198)/塩辛(168)/塩川(156)/塩原(120)/銀塩(110)/大塩(101)/塩谷(94)/塩類(93)/塩ゆで(88)
872	折	13807	70.6881	88.580	折(1443)/折れ(1058)/折り(975)/骨折(921)/時折(692)/挫折(664)/折っ(606)/屈折(491)/折り返し(422)/折角(329)/折衝(304)/右折(302)/折れる(295)/左折(275)/折る(253)/折々(242)/折り合い(242)/折り紙(208)/折衷(196)/折りたたみ(192)
873	敵	13800	70.6523	88.604	敵(6409)/素敵(2551)/敵対(553)/匹敵(522)/敵意(354)/敵機(260)/無敵(222)/天敵(183)/敵国(162)/不敵(161)/大敵(156)/外敵(147)/敵陣(139)/宿敵(129)/強敵(129)/敵軍(110)/敵視(99)/敵方(96)/敵地(95)/政敵(85)
874	眠	13715	70.2171	88.627	眠っ(2150)/睡眠(1871)/眠り(1540)/眠れ(1392)/眠い(1237)/眠る(936)/眠く(560)/催眠(414)/眠気(409)/不眠(400)/眠ら(308)/眠れる(282)/居眠り(269)/眠(239)/仮眠(227)/冬眠(208)/休眠(172)/安眠(105)/眠り込ん(72)/眠ろう(69)
875	否	13680	70.0379	88.650	否定(5498)/拒否(3219)/否(2209)/否認(381)/否め(358)/賛否(281)/可否(254)/否決(229)/成否(206)/安否(191)/否応(179)/当否(104)/存否(100)/合否(76)/適否(74)/良否(62)/要否(60)/採否(47)/認否(41)/真否(25)
876	均	13668	69.9765	88.673	平均(9380)/均衡(1800)/均等(1129)/均一(585)/均(285)/均質(187)/均整(82)/玉均(32)/均斉(30)/均し(23)/百均(19)/均田(18)/均分(13)/均貞(10)/均しく(6)/法均(6)/即均(5)/均さ(5)/均す(5)/均てん(5)
877	刑	13658	69.9253	88.696	刑事(4535)/刑(1562)/死刑(1356)/刑務(1265)/刑法(1184)/受刑(824)/処刑(714)/刑罰(444)/刑集(175)/行刑(174)/刑期(170)/実刑(162)/刑部(139)/刑場(123)/流刑(94)/刑訴(91)/求刑(81)/減刑(62)/量刑(51)/科刑(48)
878	敗	13630	69.7819	88.719	失敗(6096)/敗戦(1307)/敗(983)/敗れ(850)/敗北(815)/腐敗(699)/勝敗(358)/連敗(321)/敗退(295)/敗者(281)/大敗(189)/惨敗(175)/完敗(129)/敗訴(129)/敗走(111)/敗れる(101)/成敗(94)/敗け(90)/敗因(75)/敗血(57)
879	貴	13627	69.7666	88.742	貴重(2683)/貴方(2340)/貴族(2251)/兄貴(779)/貴(694)/貴女(557)/貴様(438)/高貴(375)/貴子(312)/貴殿(155)/貴乃花(149)/貴人(128)/貴之(108)/貴志(102)/貴公(92)/貴妃(91)/姉貴(88)/貴船(83)/貴社(82)/貴和子(71)
880	複	13612	69.6898	88.765	複数(4684)/複雑(4636)/複合(1463)/重複(809)/複製(679)/複(296)/複写(281)/複勝(115)/複線(109)/複式(100)/複利(91)/複層(65)/複眼(61)/複素(54)/複葉(35)/複々線(31)/三連複(20)/単複(20)/複視(11)/複座(10)
881	富	13610	69.6795	88.788	富士(2934)/豊富(2564)/富(1278)/富山(975)/富ん(677)/富裕(347)/富田(297)/富む(270)/富士通(244)/富豪(241)/富岡(229)/貧富(189)/富士見(182)/富み(135)/富永(130)/富美子(120)/富国(116)/富良野(106)/千代の富士(94)/富士子(93)
882	皮	13606	69.6590	88.811	皮膚(3518)/皮(3484)/皮肉(1427)/毛皮(541)/皮質(469)/上皮(353)/頭皮(267)/脱皮(262)/皮下(242)/表皮(230)/皮脂(220)/皮切り(200)/樹皮(188)/果皮(138)/皮革(120)/薄皮(111)/皮弁(92)/内皮(90)/真皮(78)/羊皮(69)
883	範	13558	69.4133	88.834	範囲(9227)/規範(1303)/広範(839)/師範(632)/模範(455)/範疇(361)/範(206)/典範(62)/範頼(55)/範子(48)/範士(32)/明範(30)/垂範(25)/範例(21)/範ちゅう(19)/範佑(18)/義範(14)/長範(13)/範型(10)/軌範(9)
884	刻	13531	69.2751	88.857	深刻(2765)/時刻(2188)/彫刻(1403)/一刻(766)/刻ん(719)/刻ま(670)/遅刻(534)/刻(480)/刻み(407)/夕刻(381)/先刻(328)/小刻み(281)/刻々(274)/刻む(246)/刻印(245)/復刻(234)/即刻(233)/定刻(147)/刻み込ま(93)/半刻(83)
885	窓	13506	69.1471	88.879	窓(7516)/窓口(3368)/同窓(380)/窓際(341)/窓辺(291)/車窓(250)/窓枠(161)/小窓(118)/窓越し(109)/出窓(96)/窓側(75)/天窓(72)/窓外(69)/窓ぎわ(63)/夢窓(54)/高窓(34)/深窓(32)/牛窓(27)/窓埋め(27)/淡窓(26)
886	扱	13500	69.1163	88.902	扱い(3460)/扱う(1844)/扱っ(1475)/取扱(1316)/取扱い(1200)/取り扱い(1151)/扱わ(945)/取り扱う(620)/取り扱っ(390)/取り扱わ(297)/扱える(174)/扱え(125)/取扱う(54)/扱き(51)/取扱っ(39)/扱おう(34)/取扱わ(31)/取り扱える(20)/扱(18)/扱ひ(17)
887	亡	13499	69.1112	88.925	死亡(4693)/亡くなっ(2599)/亡命(690)/逃亡(669)/亡き(607)/亡くなり(604)/滅亡(566)/亡くし(450)/亡くなら(409)/亡くなる(399)/未亡人(393)/亡霊(263)/存亡(120)/亡骸(101)/亡者(100)/亡国(74)/亡父(74)/興亡(65)/亡び(60)/衰亡(52)
888	央	13409	68.6505	88.947	中央(12682)/央(98)/奈央子(68)/圏央(52)/真央(50)/奈央美(47)/礼央(42)/年央(36)/道央(32)/夏央(25)/奈央(24)/震央(21)/中央林間(18)/中央町(16)/理央(14)/県央(14)/稼頭央(13)/秀央(12)/義央(12)/央儀(11)
889	泉	13402	68.6146	88.970	温泉(4953)/小泉(2674)/泉(1464)/源泉(1337)/和泉(448)/大泉(265)/平泉(166)/泉州(133)/泉質(125)/黄泉(107)/冷泉(102)/今泉(67)/泉谷(65)/泉水(57)/泉田(52)/古泉(45)/鉱泉(44)/英泉(40)/龍泉(36)/沢泉(35)
890	暮	13302	68.1026	88.993	暮らし(5444)/暮らす(1376)/暮れ(1148)/一人暮らし(665)/暮し(597)/夕暮れ(544)/暮らせる(378)/明け暮れ(214)/暮(196)/ひとり暮らし(185)/暮れる(165)/暮らせ(153)/歳暮(147)/日暮れ(143)/夕暮(113)/野暮(112)/暮す(105)/木暮(104)/小暮(94)/１人暮らし(91)
891	閉	13226	67.7135	89.015	閉じ(2788)/閉鎖(1505)/閉め(1371)/閉じる(642)/自閉(576)/閉塞(511)/閉じ込め(457)/閉ざさ(440)/閉店(435)/開閉(380)/閉まっ(355)/密閉(294)/閉ざし(287)/閉じこめ(281)/閉める(268)/閉(229)/閉じこもっ(197)/閉まる(175)/閉口(175)/閉会(165)
892	夕	13212	67.6419	89.037	夕方(3580)/夕食(2585)/夕飯(688)/夕暮れ(544)/夕(511)/夕日(509)/夕刊(424)/夕べ(400)/夕刻(381)/夕焼け(361)/夕陽(336)/七夕(296)/朝夕(279)/夕子(216)/夕闇(162)/一夕(125)/夕暮(113)/夕顔(113)/夕霧(107)/夕張(99)
893	岩	13183	67.4934	89.059	岩(3066)/岩手(1041)/岩波(863)/岩石(497)/岩田(462)/岩崎(441)/溶岩(371)/岩井(263)/岩倉(242)/岩場(229)/岩山(220)/岩盤(212)/岩国(202)/岩村(186)/岩壁(178)/岩木(156)/岩本(135)/砂岩(132)/岩礁(131)/岩下(127)
894	聴	13170	67.4268	89.082	聴い(2034)/視聴(1880)/聴取(1125)/聴く(1091)/聴き(892)/聴覚(656)/聴衆(470)/聴か(458)/傍聴(420)/盗聴(352)/視聴覚(271)/公聴(267)/難聴(219)/広聴(205)/聴け(205)/聴こえ(194)/試聴(187)/聴聞(157)/聴(143)/吹聴(138)
895	壊	13149	67.3193	89.104	破壊(4325)/崩壊(3136)/壊れ(1783)/壊し(689)/壊滅(446)/倒壊(335)/壊さ(319)/壊す(303)/壊れる(302)/損壊(233)/壊死(204)/取り壊し(149)/決壊(128)/取り壊さ(102)/全壊(97)/半壊(61)/ぶち壊し(45)/壊(35)/壊疽(33)/全半壊(27)
896	賞	13097	67.0531	89.126	賞(4968)/受賞(1894)/鑑賞(1168)/賞金(524)/入賞(508)/大賞(432)/賞味(415)/観賞(402)/賞賛(332)/賞与(330)/懸賞(329)/賞品(270)/重賞(258)/授賞(156)/賞状(140)/恩賞(122)/金賞(107)/賞讃(92)/褒賞(67)/副賞(44)
897	伊	13078	66.9558	89.148	伊藤(2099)/伊勢(1775)/伊豆(1070)/伊東(721)/伊達(531)/伊(442)/伊予(388)/伊織(371)/伊賀(344)/伊丹(296)/紀伊(259)/伊奈(218)/伊勢丹(209)/伊那(195)/伊能(179)/伊吹(178)/井伊(174)/伊都(170)/伊万里(139)/伊良部(129)
898	壁	13062	66.8739	89.170	壁(7625)/壁面(491)/外壁(434)/障壁(404)/城壁(395)/壁紙(386)/壁画(362)/岸壁(245)/壁際(189)/岩壁(178)/絶壁(170)/白壁(150)/隔壁(119)/内壁(110)/側壁(92)/真壁(74)/防壁(69)/草壁(68)/壁掛け(67)/壁ぎわ(61)
899	廃	13039	66.7562	89.192	廃棄(4010)/廃止(3461)/撤廃(571)/荒廃(531)/廃墟(360)/廃(355)/廃業(261)/廃絶(256)/廃車(217)/老廃(144)/産廃(130)/統廃合(127)/廃し(126)/全廃(116)/廃屋(114)/改廃(112)/廃案(104)/退廃(101)/廃刊(100)/廃油(96)
900	踏	13015	66.6333	89.214	踏まえ(3340)/踏ん(1145)/踏む(490)/踏み込ん(475)/踏切(435)/踏み出し(389)/舞踏(378)/踏み(373)/踏み入れ(349)/踏襲(266)/踏ま(252)/踏み切っ(249)/雑踏(244)/足踏み(206)/踏み出す(195)/踏み込む(162)/踏みつけ(150)/踏み込み(144)/踏み切る(138)/踏み入れる(130)
901	耳	13002	66.5667	89.236	耳(9071)/耳鼻(405)/耳元(387)/中耳(181)/耳打ち(179)/耳もと(146)/耳たぶ(141)/耳鳴り(138)/内耳(136)/聞き耳(118)/初耳(114)/両耳(100)/耳障り(93)/耳鳴(92)/耳目(71)/小耳(67)/耳栓(67)/耳朶(66)/牛耳っ(62)/寝耳(54)
902	航	12986	66.4848	89.258	航空(6790)/航海(1288)/航路(850)/航行(589)/渡航(468)/運航(457)/出航(223)/密航(188)/難航(187)/日航(176)/就航(165)/来航(164)/内航(161)/巡航(130)/航続(108)/航法(107)/潜航(101)/外航(90)/航(73)/通航(63)
903	堂	12979	66.4490	89.280	堂(4778)/堂々(1652)/食堂(1595)/聖堂(565)/本堂(559)/講堂(406)/藤堂(300)/堂本(282)/二階堂(234)/御堂(211)/一堂(207)/金堂(155)/会堂(150)/殿堂(147)/桐堂(97)/中堂(93)/堂上(75)/朝堂(64)/堂内(60)/容堂(59)
904	衆	12955	66.3261	89.302	大衆(2110)/民衆(1934)/公衆(1442)/衆(1377)/衆議(1269)/合衆(1137)/衆院(624)/群衆(511)/聴衆(470)/衆生(273)/人衆(215)/若い衆(211)/若衆(202)/観衆(201)/衆参(156)/会衆(107)/町衆(68)/衆人(66)/男衆(64)/女衆(39)
905	魚	12947	66.2851	89.323	魚(6995)/魚介(642)/金魚(604)/魚類(330)/魚雷(299)/魚屋(233)/稚魚(193)/小魚(191)/人魚(170)/魚住(147)/魚種(138)/鮮魚(134)/魚肉(111)/雑魚(107)/魚河岸(107)/魚釣り(105)/秋刀魚(97)/川魚(81)/焼き魚(81)/魚津(81)
906	胸	12937	66.2339	89.345	胸(9628)/胸部(419)/胸元(363)/度胸(308)/胸中(220)/胸筋(99)/胸腔(91)/胸肉(88)/胸騒ぎ(87)/胸板(86)/胸腺(78)/左胸(75)/胸像(75)/胸郭(67)/胸骨(66)/胸もと(58)/胸痛(55)/胸膜(53)/胸水(52)/胸囲(50)
907	跡	12933	66.2135	89.367	跡(2989)/遺跡(2795)/奇跡(1004)/追跡(791)/足跡(756)/痕跡(536)/跡地(521)/史跡(475)/軌跡(380)/形跡(340)/筆跡(204)/城跡(201)/傷跡(179)/跡形(130)/跡取り(101)/焼け跡(96)/旧跡(91)/跡継ぎ(90)/屋敷跡(64)/門跡(63)
908	仏	12828	65.6759	89.389	仏(3023)/仏教(2869)/念仏(905)/仏壇(548)/仏像(510)/仏法(476)/神仏(366)/大仏(329)/成仏(243)/仏陀(154)/諸仏(150)/仏塔(143)/南無阿弥陀仏(143)/石仏(135)/仏道(128)/仏閣(114)/南仏(98)/仏典(95)/日仏(79)/仏頂(76)
909	称	12769	65.3738	89.410	名称(2917)/称し(1194)/通称(905)/総称(699)/対称(686)/称する(557)/呼称(516)/称さ(508)/称号(460)/人称(430)/愛称(428)/敬称(403)/自称(381)/仮称(361)/略称(278)/改称(266)/称賛(237)/称え(163)/詐称(139)/称(127)
910	摘	12716	65.1025	89.432	指摘(10616)/摘発(417)/摘出(389)/摘ん(231)/摘み(210)/摘む(92)/全摘(71)/菜摘(65)/摘要(53)/末摘(51)/脾摘(41)/摘み取り(39)/摘ま(33)/茶摘み(33)/摘み取っ(29)/摘み取る(26)/摘(22)/摘心(20)/摘果(17)/摘除(15)
911	秘	12709	65.0666	89.453	秘密(4481)/秘書(1920)/神秘(1207)/秘め(872)/便秘(866)/秘訣(530)/極秘(333)/秘(247)/守秘(198)/秘伝(166)/秘か(140)/秘蔵(133)/秘匿(118)/秘境(115)/黙秘(97)/秘宝(96)/秘話(95)/秘儀(90)/秘術(77)/秘法(76)
912	歯	12700	65.0206	89.475	歯(4973)/歯科(1788)/虫歯(515)/歯磨き(383)/歯車(340)/入れ歯(308)/歯止め(291)/歯周(251)/前歯(221)/歯ごたえ(212)/歯茎(179)/歯石(172)/歯切れ(165)/奥歯(158)/歯並び(153)/歯ぎしり(129)/歯肉(116)/抜歯(115)/乳歯(92)/歯みがき(88)
913	貸	12683	64.9335	89.496	貸し(2189)/貸付(1537)/賃貸(1270)/貸借(1194)/貸出(708)/貸金(524)/貸付け(514)/貸し出し(497)/貸与(425)/貸す(401)/貸(322)/賃貸借(306)/貸し付け(302)/貸倒(184)/貸し渋り(181)/貸さ(168)/貸切(156)/貸主(145)/貸家(141)/金貸し(129)
914	脳	12568	64.3448	89.517	脳(6657)/首脳(1307)/頭脳(800)/脳裏(578)/大脳(544)/脳内(390)/脳死(254)/洗脳(221)/脳波(187)/右脳(175)/小脳(151)/脳裡(142)/脳幹(141)/左脳(122)/脳天(114)/脳炎(109)/脳髄(80)/電脳(76)/脳症(67)/脳性(62)
915	鳥	12550	64.2526	89.538	鳥(4311)/鳥取(698)/飛鳥(565)/白鳥(542)/鳥獣(524)/鳥居(479)/小鳥(478)/野鳥(370)/鳥羽(271)/鳥類(234)/焼き鳥(200)/千鳥(194)/鳥肌(181)/水鳥(168)/食鳥(154)/二鳥(147)/後鳥羽(139)/渡り鳥(135)/鳥栖(106)/鳥越(89)
916	鳴	12528	64.1400	89.560	悲鳴(1579)/鳴っ(1215)/鳴らし(1144)/鳴り(706)/鳴る(704)/鳴き声(519)/共鳴(514)/怒鳴っ(485)/鳴い(439)/鳴く(428)/鳴き(396)/鳴らす(384)/雷鳴(201)/怒鳴ら(186)/怒鳴る(175)/鳴海(155)/耳鳴り(138)/鳴り響い(134)/鳴門(123)/怒鳴り(120)
917	液	12525	64.1246	89.581	血液(3891)/液(2508)/液体(1171)/液晶(952)/溶液(489)/唾液(384)/輸液(303)/体液(263)/精液(251)/液状(250)/粘液(229)/乳液(179)/液化(156)/胃液(113)/樹液(112)/薬液(101)/液量(96)/廃液(77)/愛液(75)/原液(66)
918	弟	12486	63.9249	89.602	弟(4424)/兄弟(3673)/弟子(2244)/子弟(297)/門弟(259)/従兄弟(202)/姉弟(157)/師弟(154)/義弟(139)/高弟(103)/実弟(90)/徒弟(82)/弟分(77)/弟妹(77)/孝弟(73)/従弟(72)/末弟(70)/舎弟(67)/次弟(20)/弟子屈(18)
919	菜	12464	63.8123	89.623	野菜(6844)/菜(839)/白菜(568)/菜園(327)/菜の花(321)/山菜(310)/惣菜(264)/前菜(191)/水菜(166)/春菜(152)/香菜(149)/根菜(138)/青菜(121)/花菜(105)/若菜(103)/菜食(100)/菜種(90)/総菜(83)/副菜(81)/主菜(78)
920	訴	12462	63.8021	89.644	訴訟(3686)/訴え(3164)/訴える(1254)/起訴(984)/控訴(696)/告訴(359)/提訴(310)/勝訴(172)/公訴(158)/民訴(131)/敗訴(129)/訴追(119)/訴求(109)/訴状(99)/訴(92)/刑訴(91)/上訴(90)/訴権(76)/訴えかけ(67)/直訴(66)
921	維	12461	63.7970	89.665	維持(8426)/繊維(2215)/維新(1004)/線維(489)/国維(98)/王維(46)/維摩(35)/姜維(19)/維盛(17)/維管(17)/謙維(13)/維茂(7)/維人(5)/蘇維埃(5)/維(4)/維藩(4)/維隆(3)/厳維(2)/維ぎ(2)/維大(2)
922	輪	12450	63.7406	89.686	輪(3693)/五輪(1164)/指輪(1093)/輪郭(668)/車輪(498)/輪島(464)/輪切り(305)/駐輪(222)/首輪(211)/三輪(207)/輪廻(205)/前輪(193)/競輪(188)/大輪(180)/後輪(176)/内輪(168)/埴輪(145)/年輪(122)/花輪(119)/高輪(117)
923	迎	12386	63.4130	89.707	迎え(6170)/迎える(1832)/歓迎(1762)/出迎え(590)/送迎(406)/迎撃(203)/迎え入れ(201)/迎えよう(153)/送り迎え(145)/迎合(144)/迎え入れる(76)/迎え撃つ(74)/迎(65)/出迎える(59)/迎賓(54)/来迎(53)/迎へ(41)/迎角(41)/歓送迎(31)/迎え撃っ(29)
924	繰	12384	63.4027	89.728	繰り返し(5251)/繰り返す(1663)/繰り返さ(845)/繰り広げ(602)/繰り(352)/繰り上げ(270)/繰越(269)/繰延(230)/繰返し(204)/繰り出し(180)/繰上げ(172)/繰入(160)/繰り広げる(150)/繰りかえし(126)/繰り入れ(107)/繰り出す(102)/繰下げ(88)/繰上(87)/繰り越し(85)/繰出(78)
925	岸	12378	63.3720	89.749	海岸(3776)/沿岸(1441)/岸(1220)/湾岸(702)/対岸(528)/彼岸(498)/河岸(346)/岸壁(245)/根岸(245)/西岸(245)/岸辺(211)/川岸(210)/右岸(199)/護岸(197)/両岸(192)/左岸(186)/岸田(177)/岸本(172)/山岸(164)/東岸(129)
926	徳	12365	63.3055	89.769	徳川(2205)/道徳(2026)/徳島(754)/徳(745)/悪徳(377)/聖徳(354)/美徳(246)/功徳(226)/徳山(207)/徳田(206)/徳永(202)/行徳(154)/大徳(132)/徳利(131)/安徳(125)/徳井(113)/明徳(110)/正徳(109)/徳洲(104)/仁徳(102)
927	功	12362	63.2901	89.790	成功(8518)/功(842)/功績(698)/功労(474)/年功(332)/功徳(226)/神功(159)/気功(157)/功利(144)/功名(97)/戦功(85)/功罪(58)/奏功(53)/武功(41)/功臣(36)/勲功(31)/軍功(30)/大功(29)/論功(29)/功一(26)
928	薄	12331	63.1314	89.811	薄い(2268)/薄く(1908)/薄(816)/薄れ(574)/薄切り(566)/薄暗い(456)/希薄(405)/薄め(385)/薄力(262)/薄手(204)/薄暗く(187)/薄弱(158)/軽薄(158)/薄口(132)/薄汚れ(129)/薄味(125)/薄茶(124)/薄皮(111)/薄型(107)/薄笑い(107)
929	弾	12309	63.0187	89.832	弾(2114)/爆弾(1336)/弾力(945)/弾い(662)/弾圧(662)/弾丸(527)/弾く(461)/弾き(452)/弾性(362)/銃弾(338)/弾薬(302)/砲弾(302)/糾弾(261)/弾け(252)/弾道(238)/弾劾(216)/弾み(214)/弾頭(210)/弾ける(209)/弾ん(204)
930	驚	12288	62.9112	89.853	驚い(4277)/驚き(2720)/驚く(2574)/驚か(650)/驚異(483)/驚かさ(423)/驚愕(406)/驚嘆(254)/吃驚(82)/驚かす(75)/驚(71)/驚かし(55)/驚速(24)/驚ろい(15)/驚喜(15)/驚天(14)/驚倒(11)/驚かそう(9)/一驚(8)/驚きあきれ(8)
931	較	12280	62.8703	89.873	比較(11837)/較べ(198)/較べる(92)/較差(47)/較べれ(28)/見較べ(17)/較正(16)/較べもの(14)/見較べる(9)/較(4)/読み較べ(3)/引き較べる(1)/思い較べ(1)/思い較べる(1)/較す(1)/較せ(1)/較ぶ(1)/較べよう(1)/較べりゃ(1)/較べ物(1)
932	浜	12274	62.8396	89.894	横浜(4202)/浜(1330)/浜松(710)/浜田(626)/砂浜(530)/浜北(462)/浜辺(341)/海浜(313)/浜口(293)/京浜(285)/長浜(240)/小浜(208)/浜中(206)/浜崎(201)/高浜(152)/浜名(114)/白浜(114)/浜本(93)/浜町(92)/美浜(92)
933	悲	12256	62.7474	89.915	悲しい(1861)/悲しみ(1799)/悲鳴(1579)/悲劇(1432)/悲惨(1042)/悲し(624)/悲しく(525)/慈悲(432)/悲観(338)/悲痛(248)/悲しん(246)/悲しむ(226)/悲哀(200)/悲嘆(182)/悲願(158)/悲しかっ(153)/悲壮(128)/悲しま(122)/悲運(92)/悲(85)
934	恋	12234	62.6348	89.935	恋(4002)/恋愛(3270)/恋人(3034)/失恋(298)/初恋(248)/恋しく(164)/恋心(138)/恋しい(127)/恋歌(69)/悲恋(64)/恋子(57)/恋文(56)/恋花(55)/色恋(51)/千恋(40)/恋仲(40)/恋慕(38)/恋し(36)/恋敵(30)/恋情(28)
935	丈	12187	62.3942	89.956	大丈夫(8493)/丈夫(914)/丈(858)/頑丈(386)/背丈(267)/草丈(144)/八丈(131)/気丈(115)/方丈(96)/万丈(91)/身の丈(80)/丈二(57)/居丈(46)/着丈(46)/百丈(45)/偉丈夫(35)/膝丈(35)/ひざ丈(31)/身丈(20)/袖丈(19)
936	純	12178	62.3481	89.977	単純(4342)/純粋(2022)/純(1509)/純正(587)/純一郎(307)/不純(275)/純子(254)/純白(237)/純一(227)/純米(210)/純度(172)/純情(150)/純真(113)/純然(110)/純潔(109)/純友(107)/純愛(106)/純額(106)/清純(93)/純金(90)
937	床	12175	62.3327	89.997	床(5614)/臨床(1818)/病床(618)/起床(465)/寝床(380)/床下(329)/床の間(264)/視床(226)/床屋(224)/着床(165)/温床(140)/床板(133)/床面(125)/知床(111)/床上(90)/鉱床(88)/高床(82)/床材(71)/氷床(69)/河床(65)
938	券	12174	62.3276	90.018	証券(4806)/券(4086)/債券(859)/株券(772)/馬券(662)/旅券(247)/金券(144)/證券(114)/発券(94)/券売(66)/券面(51)/売券(47)/食券(43)/沽券(30)/地券(24)/車券(20)/半券(16)/通し券(14)/仕立て券(11)/立券(11)
939	永	12168	62.2969	90.038	永遠(2215)/永久(1364)/寛永(586)/永井(516)/永(497)/永住(405)/松永(355)/永田(281)/永禄(272)/永続(253)/永年(239)/永代(228)/永く(205)/徳永(202)/嘉永(200)/永い(191)/吉永(188)/安永(181)/永田町(166)/永野(161)
940	群	12147	62.1894	90.059	群(5452)/群れ(1305)/群馬(1054)/抜群(958)/群衆(511)/一群(260)/群落(259)/群集(215)/大群(207)/群生(189)/群島(164)/群がっ(147)/群像(130)/群がる(115)/群発(73)/魚群(66)/群臣(57)/群体(55)/筋群(48)/群青(48)
941	隠	12147	62.1894	90.079	隠し(2783)/隠れ(1955)/隠さ(1131)/隠す(948)/隠居(549)/隠そう(316)/隠れる(282)/隠蔽(238)/隠れ家(231)/隠岐(231)/目隠し(220)/隠せ(208)/見え隠れ(202)/隠滅(141)/隠密(130)/隠匿(126)/隠語(124)/隠し味(107)/隠し持っ(94)/隠(92)
942	幼	12131	62.1074	90.100	幼稚(3510)/幼児(2575)/幼い(1826)/乳幼児(1133)/幼虫(752)/幼少(422)/幼(230)/幼年(205)/幼なじみ(187)/幼く(147)/幼子(123)/幼女(89)/幼時(81)/幼生(81)/幼名(76)/幼かっ(67)/幼馴染(66)/幼馴染み(61)/幼き(53)/幼な(45)
943	督	12086	61.8770	90.120	監督(10054)/総督(647)/提督(394)/督促(308)/家督(239)/基督(120)/都督(80)/督(79)/小督(63)/督励(44)/督戦(9)/督軍(8)/監　督(7)/督撫(7)/華督(6)/督し(4)/督太郎(3)/督姫(3)/督する(2)/助督(1)
944	昼	12065	61.7695	90.140	昼(4158)/昼間(2277)/昼食(1941)/昼寝(739)/昼休み(456)/昼夜(393)/昼過ぎ(301)/昼前(233)/昼ご飯(207)/昼飯(199)/白昼(149)/昼下がり(133)/真昼(122)/昼ごはん(119)/昼すぎ(76)/昼頃(74)/昼ごろ(70)/昼時(50)/昼神(35)/昼めし(30)
945	刺	12044	61.6620	90.161	刺激(4409)/刺し(1064)/名刺(1041)/刺身(744)/刺さ(542)/刺す(395)/刺客(310)/刺青(289)/刺繡(243)/刺繍(185)/突き刺さっ(183)/刺さっ(182)/刺(160)/刺戟(157)/突き刺し(151)/刺しゅう(145)/風刺(130)/刺殺(113)/穿刺(108)/刺し身(104)
946	募	12025	61.5647	90.181	募集(6571)/応募(3447)/公募(623)/募金(560)/募っ(200)/募る(174)/募ら(143)/募り(127)/私募(33)/徴募(27)/募(23)/言い募る(21)/募債(15)/募兵(14)/言い募っ(14)/急募(8)/募れ(6)/募残(4)/云い募っ(2)/募募(2)
947	博	12020	61.5391	90.201	博士(3571)/博物(3013)/博多(812)/博(681)/万博(398)/賭博(371)/博昭(366)/博覧(357)/博し(239)/博文(203)/博打(198)/博愛(127)/博雅(104)/博之(85)/博奕(85)/博徒(80)/博美(59)/博子(57)/博識(52)/博史(43)
948	購	12015	61.5136	90.222	購入(10941)/購買(765)/購読(265)/購っ(9)/購い(8)/購(5)/購売(5)/購う(4)/購え(2)/購おう(2)/購わ(2)/購求(2)/購える(1)/購ない(1)/購は(1)/購める(1)/預購(1)
949	仮	11989	61.3804	90.242	仮(4307)/仮定(1482)/仮説(1182)/仮面(1054)/仮名(735)/仮想(506)/仮称(361)/仮設(339)/仮眠(227)/仮装(192)/平仮名(130)/仮り(122)/片仮名(106)/仮象(86)/仮名遣い(79)/仮性(70)/仮死(66)/仮病(60)/仮住まい(50)/仮払(40)
950	暴	11935	61.1040	90.262	暴力(4532)/乱暴(1040)/暴走(887)/暴行(709)/暴露(516)/暴れ(485)/暴動(458)/暴落(323)/凶暴(193)/暴言(186)/横暴(176)/暴れる(169)/粗暴(166)/暴君(152)/暴風(130)/暴風雨(117)/暴徒(106)/暴発(97)/暴挙(94)/自暴(88)
951	希	11934	61.0988	90.282	希望(9055)/希薄(405)/希少(323)/希(202)/優希(190)/希求(153)/真希(144)/希釈(142)/亜希子(105)/由希(72)/希典(70)/希以子(67)/美希(67)/希有(56)/有希(51)/多希(48)/希美子(45)/和希(42)/希代(41)/古希(33)
952	避	11916	61.0067	90.302	避け(3717)/避難(2451)/避ける(1979)/回避(1642)/避妊(590)/逃避(398)/忌避(257)/不可避(233)/避けよう(201)/避暑(115)/退避(112)/待避(45)/避(44)/避雷(25)/避けれ(19)/避く(9)/避寒(9)/隠避(9)/避止(8)/避航(8)
953	祭	11909	60.9709	90.322	祭(3975)/祭り(2711)/司祭(638)/祭祀(579)/祭壇(466)/葬祭(293)/祭典(291)/祭礼(202)/祭司(184)/祭神(159)/祝祭(156)/夏祭り(150)/祭日(143)/祭儀(108)/祭る(104)/ひな祭り(102)/大祭(102)/秋祭り(81)/祝祭日(79)/祭ら(79)
954	怒	11883	60.8377	90.342	怒り(4184)/怒っ(2222)/怒ら(1387)/怒る(848)/怒鳴っ(485)/激怒(362)/怒(220)/怒鳴ら(186)/怒鳴る(175)/怒濤(149)/喜怒(136)/憤怒(133)/怒声(124)/怒鳴り(120)/怒鳴りつけ(115)/怒号(113)/怒鳴り声(100)/鬼怒(94)/怒り狂っ(89)/怒涛(81)
955	慮	11877	60.8070	90.362	配慮(4511)/考慮(4085)/遠慮(2036)/憂慮(288)/思慮(247)/不慮(161)/苦慮(145)/熟慮(105)/顧慮(68)/念慮(36)/慮っ(24)/焦慮(22)/短慮(20)/慮り(15)/深慮(15)/慮(13)/叡慮(12)/浅慮(10)/慮外(7)/無慮(7)
956	栄	11871	60.7763	90.382	栄養(5045)/繁栄(1156)/栄光(649)/栄え(572)/栄(528)/光栄(322)/見栄え(267)/栄誉(250)/角栄(246)/見栄(243)/栄一(183)/共栄(144)/栄華(126)/虚栄(112)/栄子(100)/栄太郎(91)/栄作(82)/栄町(78)/出来栄え(77)/栄冠(68)
957	敷	11817	60.4999	90.402	屋敷(2764)/敷地(1888)/座敷(1172)/敷い(896)/敷き(475)/敷(452)/敷か(335)/倉敷(333)/風呂敷(293)/敷設(283)/敷居(258)/敷く(248)/下敷き(199)/敷き詰め(168)/敷金(158)/敷物(150)/敷石(105)/敷きつめ(93)/敷衍(85)/桟敷(78)
958	倍	11814	60.4845	90.422	倍(9382)/安倍(629)/倍率(488)/倍増(428)/一倍(217)/倍数(120)/倍音(109)/倍加(77)/阿倍(76)/阿倍野(55)/倍量(30)/倍額(24)/倍速(23)/倍賞(20)/倍々(18)/倍する(18)/倍返し(15)/層倍(12)/倍し(8)/倍さ(6)
959	旧	11779	60.3053	90.442	旧(6512)/復旧(1301)/旧約(376)/旧来(310)/旧法(283)/新旧(254)/旧暦(251)/旧制(210)/旧式(181)/旧姓(151)/旧友(149)/旧型(138)/旧家(119)/旧知(106)/旧跡(91)/旧態(89)/旧い(88)/旧藩(63)/旧作(53)/守旧(49)
960	握	11773	60.2746	90.462	把握(4695)/握っ(1903)/握る(793)/握手(762)/握り(665)/掌握(549)/握りしめ(521)/握ら(458)/握り締め(201)/一握り(161)/握力(99)/は握(88)/握り飯(70)/握りしめる(66)/一握(62)/握れ(55)/握り拳(49)/握りこぶし(46)/握り返し(37)/ひと握り(36)
961	腕	11769	60.2541	90.482	腕(7444)/両腕(616)/右腕(545)/左腕(423)/手腕(309)/腕前(250)/片腕(235)/腕組み(221)/二の腕(198)/腕力(165)/上腕(128)/鉄腕(105)/腕立て(91)/腕木(82)/腕輪(76)/前腕(75)/敏腕(69)/腕章(60)/凄腕(59)/辣腕(48)
962	之	11750	60.1568	90.502	之(3370)/隆之(234)/虎之助(213)/龍之介(171)/幸之助(170)/信之(115)/宮之原(112)/羲之(110)/弘之(108)/貴之(108)/正之(102)/麟之助(94)/雅之(86)/博之(85)/有之(79)/金之助(77)/之れ(73)/宏之(72)/新之助(67)/徳之島(66)
963	排	11711	59.9571	90.522	排出(2733)/排除(2369)/排水(1520)/排気(992)/排卵(856)/排泄(765)/排他(350)/排便(303)/排尿(286)/排(283)/排斥(254)/排し(161)/排せつ(97)/排外(74)/排日(68)/排撃(62)/排煙(60)/用排水(57)/排熱(44)/排液(41)
964	禁	11709	59.9469	90.541	禁止(5555)/禁じ(930)/禁煙(870)/解禁(414)/禁物(338)/監禁(327)/禁(319)/禁忌(266)/拘禁(231)/厳禁(203)/禁錮(189)/失禁(175)/禁断(167)/独禁(166)/禁酒(165)/禁制(148)/禁欲(148)/禁じる(86)/禁ずる(84)/禁固(82)
965	汚	11691	59.8548	90.561	汚染(3799)/汚れ(2968)/汚い(886)/汚濁(822)/汚職(342)/汚し(305)/汚水(261)/汚泥(255)/汚さ(206)/汚く(197)/汚す(169)/汚れる(149)/汚物(142)/汚名(141)/薄汚れ(129)/汚ない(75)/汚点(68)/薄汚い(66)/油汚れ(62)/汚(53)
966	包	11673	59.7626	90.581	包ま(1548)/包括(1320)/包ん(1228)/包み(1141)/包丁(949)/包装(840)/包囲(587)/梱包(541)/包む(500)/小包(433)/包帯(346)/内包(252)/包(226)/包含(191)/包み込む(152)/包み込ん(134)/包茎(130)/包容(94)/包摂(88)/包みこん(68)
967	砂	11655	59.6705	90.600	砂糖(2874)/砂(2043)/砂漠(1284)/土砂(831)/砂浜(530)/砂利(336)/砂防(269)/砂丘(241)/砂地(191)/高砂(150)/砂岩(132)/白砂(122)/砂場(108)/砂鉄(103)/砂川(90)/砂塵(84)/砂嵐(84)/海砂(83)/砂金(83)/美砂(80)
968	依	11634	59.5629	90.620	依頼(4145)/依存(3616)/依然(2113)/依拠(293)/依(268)/憑依(211)/帰依(210)/依っ(128)/依り(120)/依田(89)/依る(75)/依つ(36)/依願(26)/依れ(25)/依怙(23)/依代(20)/依ら(17)/依怙地(17)/依託(17)/依命(16)
969	束	11626	59.5220	90.640	約束(5878)/拘束(1538)/束(918)/束縛(450)/花束(431)/結束(401)/束ね(356)/装束(290)/束の間(269)/収束(227)/札束(147)/光束(70)/束ねる(61)/磁束(57)/束帯(47)/毛束(41)/覚束ない(39)/電束(39)/検束(38)/鍵束(36)
970	筆	11617	59.4759	90.659	筆者(2323)/筆(1867)/執筆(1312)/鉛筆(869)/筆記(796)/筆頭(668)/特筆(287)/随筆(251)/自筆(219)/筆跡(204)/乱筆(163)/加筆(142)/文筆(134)/直筆(129)/絵筆(123)/一筆(101)/毛筆(99)/筆算(90)/古筆(76)/主筆(70)
971	針	11602	59.3991	90.679	方針(5933)/針(2051)/指針(1863)/針金(281)/針葉(232)/針路(132)/釣針(92)/小針(86)/羅針(80)/検針(67)/安針(55)/針仕事(48)/磁針(40)/釣り針(38)/秒針(33)/毒針(32)/針塚(30)/口針(26)/針先(21)/針ヶ谷(20)
972	脱	11568	59.2250	90.698	脱出(1296)/脱い(871)/離脱(693)/脱(611)/脱退(485)/逸脱(459)/脱ぎ(450)/脱却(418)/脱走(405)/脱毛(379)/脱落(350)/脱水(348)/脱し(337)/脱ぐ(309)/脱が(284)/脱皮(262)/脱線(248)/脱衣(229)/脱税(180)/脱ぎ捨て(158)
973	髪	11511	58.9332	90.718	髪(5349)/髪の毛(1200)/髪型(556)/白髪(544)/金髪(486)/黒髪(419)/前髪(350)/頭髪(257)/茶髪(159)/長髪(147)/毛髪(137)/理髪(136)/間髪(134)/散髪(125)/髪形(124)/一髪(117)/洗髪(74)/髪質(73)/銀髪(71)/後ろ髪(61)
974	昇	11505	58.9025	90.737	上昇(7574)/昇格(700)/昇進(647)/昇っ(385)/昇る(292)/昇(208)/昇り(199)/昇給(196)/昇降(189)/昇華(166)/昇天(126)/昇任(69)/昇一(48)/昇級(47)/立ち昇っ(47)/昇圧(46)/昇太(42)/立ち昇る(39)/昇りつめ(38)/昇平(38)
975	措	11476	58.7540	90.757	措置(10964)/措法(110)/特措(57)/措令(49)/措い(47)/措定(47)/措通(39)/措く(34)/所措通(24)/挙措(22)/措(20)/措規(20)/措き(15)/措辞(15)/措か(9)/嘉措(1)/堪窮・索朗降措(1)/差措い(1)/措（お）く(1)
976	削	11471	58.7284	90.776	削除(5243)/削減(3292)/削っ(586)/削る(342)/削り(321)/掘削(287)/削ら(241)/添削(105)/切削(85)/開削(70)/削れ(69)/削り節(57)/荒削り(50)/弓削(46)/研削(39)/削り取ら(35)/削り出し(33)/削(31)/削が(31)/削り取っ(31)
977	坂	11442	58.5799	90.795	坂(1778)/大坂(1154)/坂本(988)/赤坂(747)/坂道(557)/坂口(389)/松坂(382)/坂田(320)/小坂(316)/坂上(281)/野坂(267)/保坂(239)/坂東(211)/下り坂(180)/坂下(165)/坂井(157)/八坂(155)/早坂(121)/上り坂(118)/石坂(109)
978	瞬	11425	58.4929	90.815	瞬間(5708)/一瞬(4438)/瞬時(590)/瞬き(195)/瞬く(178)/瞬発(109)/瞬い(55)/瞬(54)/瞬か(31)/瞬殺(22)/数瞬(17)/瞬足(6)/転瞬(5)/瞬目(4)/瞬兵(3)/瞬着(3)/瞬断(2)/瞬たく(1)/瞬低(1)/瞬滅(1)
979	延	11413	58.4315	90.834	延長(3555)/延期(681)/延べ(553)/延々(518)/延び(457)/遅延(456)/蔓延(347)/延ばし(319)/生き延び(268)/延滞(245)/延命(236)/延暦(232)/繰延(230)/延(214)/延びる(199)/延ばす(170)/延喜(170)/延伸(156)/生き延びる(132)/延焼(130)
980	韓	11403	58.3803	90.853	韓国(8943)/日韓(597)/韓(419)/韓流(293)/大韓(279)/米韓(85)/在韓(80)/韓信(64)/訪韓(57)/征韓(44)/韓日(43)/北韓(42)/三韓(34)/中韓(34)/対韓(29)/狗邪韓(26)/渡韓(22)/辰韓(20)/清韓(19)/韓ブロ(19)
981	伴	11359	58.1550	90.872	伴う(4153)/伴い(2764)/伴っ(1694)/同伴(717)/伴わ(356)/伴奏(335)/伴(318)/伴侶(178)/大伴(164)/露伴(122)/随伴(116)/相伴(55)/伴天連(54)/伴走(48)/伴野(32)/伴なう(23)/伴造(22)/伴つ(19)/伴なっ(19)/伴れ(16)
982	剤	11346	58.0885	90.891	剤(7065)/薬剤(1561)/洗剤(909)/製剤(629)/溶剤(228)/錠剤(188)/下剤(169)/調剤(151)/乳剤(73)/本剤(52)/多剤(44)/眠剤(38)/鉄剤(35)/液剤(28)/粒剤(27)/方剤(20)/単剤(14)/散剤(14)/剤型(13)/他剤(11)
983	聖	11310	57.9041	90.910	聖(2494)/聖書(1654)/聖人(756)/神聖(745)/聖堂(565)/聖職(361)/聖徳(354)/聖地(352)/聖子(344)/聖母(254)/聖霊(238)/聖域(224)/聖者(201)/聖武(179)/聖典(140)/聖戦(140)/聖体(117)/聖歌(102)/大聖(101)/聖司(89)
984	袋	11252	57.6072	90.929	袋(6359)/手袋(829)/池袋(626)/紙袋(386)/胃袋(242)/ゴミ袋(178)/足袋(165)/福袋(158)/お袋(155)/布袋(150)/寝袋(140)/ポリ袋(102)/袋小路(100)/玉袋(94)/花袋(88)/ごみ袋(85)/小袋(77)/麻袋(65)/島袋(53)/袋帯(48)
985	慣	11245	57.5714	90.948	習慣(4024)/慣れ(3835)/慣習(753)/慣行(603)/慣れる(467)/慣性(238)/慣例(220)/慣用(194)/不慣れ(141)/慣らし(113)/慣れ親しん(108)/慣れれ(83)/耳慣れ(54)/手慣れ(49)/慣らさ(42)/慣わし(39)/慣らす(30)/慣れろ(21)/旅慣れ(18)/世慣れ(15)
986	快	11242	57.5560	90.967	快適(2035)/不快(1431)/愉快(1209)/快感(913)/快楽(786)/明快(518)/快速(506)/軽快(488)/快く(414)/快(412)/快晴(336)/爽快(326)/豪快(296)/快い(188)/快活(188)/快勝(157)/快挙(140)/快調(132)/痛快(129)/快諾(71)
987	微	11240	57.5458	90.986	微妙(2746)/微(1310)/微笑(1253)/微笑ん(800)/微笑み(576)/顕微(563)/微か(421)/微量(363)/微小(339)/微細(294)/微塵(258)/微分(224)/微笑む(217)/軽微(216)/微熱(173)/微動(153)/微増(127)/機微(114)/微粉(113)/微弱(94)
988	誘	11229	57.4894	91.005	誘導(2039)/誘っ(1320)/誘い(1134)/誘わ(1091)/勧誘(898)/誘惑(804)/誘拐(789)/誘発(679)/誘う(657)/誘致(576)/誘引(306)/誘電(171)/誘因(147)/誘い出し(49)/誘起(40)/誘い合わせ(36)/誘おう(32)/誘え(29)/誘(28)/誘い込む(28)
989	魔	11186	57.2693	91.024	邪魔(2286)/魔法(1976)/悪魔(1647)/魔女(913)/魔術(593)/魔(571)/魔力(293)/魔物(241)/魔王(202)/魔神(156)/睡魔(145)/魔性(134)/閻魔(118)/誤魔化し(106)/魔球(97)/魔人(94)/魔道(86)/断末魔(84)/魔界(82)/通り魔(79)
990	童	11151	57.0901	91.043	児童(7942)/学童(568)/童話(513)/河童(291)/童子(290)/童謡(227)/童貞(189)/童(168)/天童(124)/童顔(111)/神童(96)/童鬼(89)/童女(62)/童心(56)/童児(51)/獅童(37)/悪童(26)/童貫(26)/女童(21)/牧童(21)
991	房	11119	56.9263	91.062	女房(1958)/乳房(1193)/書房(924)/官房(888)/房(777)/工房(721)/暖房(721)/冷房(437)/厨房(365)/文房(237)/房総(227)/冷暖房(170)/独房(152)/親房(142)/心房(139)/安房(119)/花房(112)/房子(109)/良房(90)/監房(77)
992	促	11067	56.6600	91.080	促進(7705)/促す(1063)/促し(1000)/催促(441)/督促(308)/促さ(262)/販促(129)/促音(34)/促成(31)/促(22)/促そう(20)/貿促(15)/促せ(11)/促がす(6)/促通(6)/促がし(5)/促がさ(4)/促し立て(1)/促せる(1)/促せれ(1)
993	柄	11066	56.6549	91.099	柄(2236)/銘柄(1945)/事柄(1381)/小柄(794)/人柄(735)/間柄(482)/絵柄(329)/大柄(304)/身柄(300)/花柄(277)/手柄(274)/家柄(272)/図柄(199)/役柄(172)/横柄(135)/仕事柄(110)/取り柄(76)/柄杓(73)/国柄(65)/作柄(63)
994	至	11032	56.4809	91.118	至る(3247)/至っ(2557)/至ら(700)/至り(580)/至急(383)/必至(356)/至上(343)/至(302)/至極(287)/至福(266)/至難(242)/至近(176)/乃至(151)/冬至(135)/至って(115)/至つ(103)/至る所(103)/至高(89)/至れ(85)/夏至(83)
995	妙	10975	56.1890	91.136	妙(3167)/微妙(2746)/奇妙(2150)/絶妙(574)/巧妙(515)/妙子(228)/神妙(206)/美妙(202)/妙法(149)/妙味(80)/珍妙(77)/妙心(74)/妙見(69)/軽妙(69)/精妙(59)/妙案(52)/妙高(49)/妙技(43)/妙薬(32)/本妙(32)
996	華	10949	56.0559	91.155	中華(1840)/豪華(1434)/華やか(1303)/華(703)/法華(583)/華麗(490)/繁華(386)/蓮華(339)/華人(240)/華奢(228)/華族(195)/華僑(168)/昇華(166)/華厳(132)/栄華(126)/華やい(106)/万華(102)/華北(101)/華子(101)/華々しい(95)
997	湯	10926	55.9382	91.173	湯(4494)/熱湯(620)/湯気(376)/茶の湯(315)/銭湯(284)/ぬるま湯(219)/湯船(210)/給湯(161)/湯川(158)/湯治(136)/湯浅(125)/足湯(111)/湯島(99)/湯沢(97)/湯殿(95)/湯口(89)/湯飲み(89)/湯布院(84)/白湯(83)/湯本(80)
998	典	10918	55.8972	91.192	典型(2233)/古典(1957)/辞典(919)/特典(694)/出典(665)/事典(493)/式典(476)/経典(316)/祭典(291)/法典(253)/香典(234)/典子(204)/満典(163)/聖典(140)/原典(125)/典(110)/仏典(95)/典拠(94)/典膳(93)/希典(70)
999	樹	10903	55.8204	91.210	樹(2085)/樹木(1171)/樹脂(728)/樹立(726)/果樹(490)/春樹(310)/秀樹(266)/大樹(249)/樹齢(240)/植樹(239)/直樹(236)/樹林(196)/和樹(188)/樹皮(188)/樹種(174)/樹高(131)/茂樹(127)/樹々(124)/樹海(113)/樹液(112)
1000	迷	10903	55.8204	91.228	迷惑(3576)/迷っ(2017)/低迷(1069)/迷い(991)/迷う(547)/迷わ(420)/迷路(328)/迷信(252)/迷子(211)/迷宮(190)/迷走(171)/混迷(155)/迷彩(137)/迷い込ん(112)/迷(99)/迷妄(72)/頑迷(52)/迷え(50)/迷亭(39)/血迷っ(38)
1001	飯	10890	55.7539	91.247	ご飯(3576)/飯(1084)/夕飯(688)/飯田(511)/炊飯(461)/飯島(306)/御飯(301)/晩御飯(220)/昼ご飯(207)/昼飯(199)/飯塚(183)/茶飯(179)/晩ご飯(157)/朝飯(140)/朝ご飯(125)/赤飯(122)/米飯(118)/晩飯(98)/炒飯(89)/飯野(84)
1002	闘	10854	55.5695	91.265	戦闘(3198)/闘争(1673)/闘い(988)/格闘(904)/闘う(398)/奮闘(388)/闘っ(373)/苦闘(281)/決闘(240)/健闘(235)/闘志(185)/乱闘(164)/死闘(162)/闘病(148)/共闘(147)/闘牛(147)/闘士(110)/闘莉王(98)/闘わ(93)/激闘(73)
1003	誌	10848	55.5388	91.283	雑誌(5869)/誌(3384)/本誌(563)/日誌(256)/同誌(137)/誌上(111)/誌面(87)/地誌(70)/書誌(64)/会誌(56)/墓誌(38)/町誌(28)/誌名(27)/小誌(24)/俳誌(16)/詩誌(16)/米誌(13)/各誌(11)/誌し(11)/他誌(8)
1004	致	10821	55.4006	91.302	一致(3811)/致し(2671)/拉致(896)/合致(636)/誘致(576)/致命(526)/致死(356)/送致(298)/致(183)/致死傷(162)/風致(127)/招致(110)/極致(98)/致す(95)/筆致(66)/引致(30)/致さ(29)/致傷(24)/馴致(23)/致せ(15)
1005	肩	10820	55.3955	91.320	肩(7243)/右肩(365)/肩こり(356)/肩書き(283)/肩書(233)/肩幅(191)/左肩(183)/両肩(166)/肩甲(145)/肩代わり(133)/肩越し(121)/路肩(113)/肩身(109)/肩入れ(81)/肩先(66)/肩車(63)/肩口(61)/肩凝り(60)/肩ごし(59)/比肩(56)
1006	荷	10797	55.2777	91.338	荷物(3008)/負荷(1472)/出荷(1291)/入荷(490)/荷(483)/稲荷(404)/荷重(386)/電荷(377)/重荷(322)/集荷(290)/荷風(258)/荷台(223)/荷車(181)/荷造り(154)/荷主(145)/荷役(121)/積荷(97)/荷電(77)/積み荷(63)/荷馬(62)
1007	泣	10784	55.2112	91.356	泣い(2653)/泣き(2478)/泣く(1139)/泣(513)/泣か(500)/泣き声(385)/泣け(315)/泣く泣く(216)/号泣(206)/泣ける(134)/大泣き(111)/夜泣き(95)/すすり泣き(88)/泣かさ(87)/泣き叫ぶ(77)/泣き言(76)/泣き叫ん(74)/泣き虫(69)/泣きじゃくっ(59)/泣き崩れ(54)
1008	縮	10777	55.1753	91.374	縮小(2004)/圧縮(1400)/短縮(1191)/収縮(927)/濃縮(677)/恐縮(651)/軍縮(439)/萎縮(426)/凝縮(365)/縮め(333)/伸縮(238)/縮減(225)/縮ん(168)/縮める(152)/縮尺(146)/緊縮(111)/縮まっ(99)/縮毛(93)/縮む(85)/縮み(83)
1009	緊	10768	55.1292	91.393	緊張(4763)/緊急(4630)/緊密(659)/緊迫(341)/緊縮(111)/喫緊(72)/緊要(67)/緊縛(30)/緊箍(18)/緊(14)/緊結(14)/緊め(7)/緊就(5)/緊那羅(5)/引き緊め(3)/マル緊(2)/引き緊っ(2)/引き緊まっ(2)/緊まっ(2)/緊まり(2)
1010	爆	10753	55.0525	91.411	爆発(2823)/爆(1434)/爆弾(1336)/爆撃(933)/原爆(922)/爆笑(606)/被爆(434)/爆破(347)/空爆(237)/爆音(217)/自爆(204)/爆睡(150)/爆風(107)/起爆(107)/爆薬(105)/水爆(81)/艦爆(62)/爆竹(61)/爆裂(57)/爆心(51)
1011	執	10712	54.8425	91.429	執行(5344)/執筆(1312)/執着(675)/執拗(525)/固執(352)/執念(339)/執務(308)/執事(275)/確執(191)/執政(163)/執る(155)/執権(137)/執っ(117)/執刀(92)/執り(71)/執心(61)/民執(61)/執ら(52)/偏執(51)/執り行わ(46)
1012	免	10677	54.6634	91.447	免許(3617)/免疫(1878)/免除(1587)/免れ(614)/減免(419)/免責(368)/免れる(266)/免税(265)/御免(235)/罷免(173)/免状(137)/免職(137)/免(116)/ご免(114)/免震(105)/放免(93)/赦免(87)/任免(62)/免田(60)/免停(56)
1013	腰	10660	54.5763	91.465	腰(6984)/腰痛(576)/腰かけ(453)/腰掛け(374)/足腰(198)/物腰(163)/腰椎(158)/中腰(101)/腰部(93)/本腰(90)/腰越(79)/右腰(72)/弱腰(70)/逃げ腰(61)/丸腰(56)/ぎっくり腰(51)/腰巻(51)/腰掛ける(51)/腰骨(51)/腰抜け(49)
1014	概	10632	54.4330	91.483	概念(4634)/概要(2237)/一概(482)/概観(448)/概ね(402)/概算(398)/概況(380)/概して(340)/概略(294)/概説(294)/気概(208)/大概(180)/概論(86)/概括(81)/概数(40)/概成(29)/梗概(20)/概(10)/概報(8)/概し(7)
1015	晴	10607	54.3050	91.501	素晴らしい(2706)/晴れ(2198)/晴明(444)/晴(395)/晴美(355)/快晴(336)/晴天(322)/素晴らし(236)/晴れる(187)/素晴らしく(165)/見晴らし(157)/気晴らし(147)/晴らす(140)/晴れ晴れ(132)/素晴らしかっ(132)/晴れやか(126)/晴らし(125)/晴子(120)/素晴しい(119)/天晴(113)
1016	里	10600	54.2691	91.519	里(2298)/郷里(420)/海里(323)/里山(309)/千里(307)/里親(302)/恵里(287)/里見(285)/由香里(276)/里帰り(230)/里美(193)/里子(181)/万里(171)/里芋(166)/中里(162)/伊万里(139)/首里(135)/人里(132)/宮里(132)/山里(128)
1017	牛	10596	54.2487	91.537	牛(3132)/牛乳(2263)/牛肉(1442)/子牛(266)/牛丼(202)/闘牛(147)/和牛(124)/牛島(111)/牛込(110)/牛馬(107)/牛車(106)/乳牛(105)/狂牛(102)/牛深(101)/牛尾(96)/牡牛(84)/牛タン(82)/牛若(81)/牛蒡(79)/雌牛(76)
1018	核	10581	54.1719	91.554	核(6604)/結核(1303)/中核(1185)/核心(535)/核酸(180)/非核(159)/核種(106)/原核(70)/真核(70)/反核(35)/多核(33)/陰核(32)/痔核(26)/核子(18)/単核(17)/核型(16)/無核(14)/抗核(11)/核力(11)/核燃(11)
1019	遣	10576	54.1463	91.572	派遣(6344)/小遣い(617)/気遣い(334)/遣い(306)/遣っ(283)/言葉遣い(275)/心遣い(208)/遣(158)/無駄遣い(147)/気遣っ(134)/遣う(125)/遣わし(125)/遣わ(107)/気遣う(102)/息遣い(99)/遣唐(99)/仮名遣い(79)/先遣(75)/分遣(65)/遣わさ(64)
1020	冬	10565	54.0899	91.590	冬(6343)/冬季(361)/冬場(318)/冬期(225)/秋冬(221)/冬休み(218)/真冬(215)/冬子(209)/冬眠(208)/越冬(195)/冬紀(150)/冬至(135)/冬柴(113)/初冬(106)/冬木(92)/冬樹(73)/冬越し(68)/冬瓜(66)/冬馬(66)/厳冬(60)
1021	頂	10541	53.9671	91.608	頂き(2224)/頂い(1569)/頂点(1075)/山頂(1018)/頂上(964)/頂け(567)/頂く(464)/頂戴(396)/頂ける(353)/絶頂(324)/頂(250)/頂けれ(159)/登頂(157)/頭頂(148)/有頂天(141)/骨頂(119)/灌頂(79)/仏頂(76)/頂き物(74)/頂部(61)
1022	候	10500	53.7572	91.626	候補(3571)/候(1836)/気候(1402)/症候(1204)/天候(1124)/兆候(369)/徴候(244)/居候(177)/候え(80)/斥候(67)/伺候(62)/時候(59)/測候(51)/候へ(48)/候文(29)/候得(25)/耐候(25)/候は(24)/候わ(23)/候ふ(14)
1023	劇	10488	53.6957	91.643	劇場(2382)/劇(2020)/悲劇(1432)/演劇(1121)/劇団(751)/劇的(618)/歌劇(382)/喜劇(359)/劇中(173)/劇作(166)/観劇(158)/惨劇(132)/劇画(78)/活劇(56)/京劇(54)/日劇(53)/劇物(50)/帝劇(49)/寸劇(44)/作劇(41)
1024	操	10478	53.6445	91.661	操作(4862)/体操(1745)/操縦(1007)/操業(590)/曹操(477)/操る(262)/操舵(232)/操(202)/操っ(163)/操り(139)/節操(100)/情操(99)/操ら(96)/操法(85)/貞操(75)/操練(56)/操船(41)/操れる(38)/操車(37)/操艦(22)
1025	倉	10453	53.5165	91.679	鎌倉(2596)/倉庫(1343)/小倉(883)/朝倉(592)/倉(344)/倉敷(333)/岩倉(242)/米倉(206)/片倉(184)/板倉(181)/倉本(180)/大倉(167)/倉田(158)/高倉(157)/佐倉(156)/長倉(147)/正倉(142)/永倉(112)/倉橋(94)/倉吉(85)
1026	析	10443	53.4653	91.696	分析(7956)/解析(1658)/透析(722)/析出(70)/共析(11)/開析(9)/析(6)/晶析(3)/析玄(2)/析空(2)/剖析(1)/回析(1)/析雷(1)/鄧析(1)
1027	償	10425	53.3732	91.714	賠償(2630)/補償(2363)/償却(1407)/無償(1097)/償還(1048)/代償(501)/有償(456)/求償(244)/償い(173)/弁償(153)/報償(122)/償う(90)/償っ(38)/償わ(31)/償金(21)/償え(12)/償(8)/償える(8)/対償(7)/償おう(5)
1028	停	10417	53.3322	91.731	停止(3696)/調停(1484)/停滞(1088)/停車(932)/停(583)/停め(543)/停まっ(364)/停電(305)/停戦(279)/停泊(211)/停留(207)/停める(81)/停学(77)/各停(65)/停まる(60)/免停(56)/停まり(52)/電停(46)/停っ(39)/停船(39)
1029	秀	10381	53.1479	91.749	秀吉(2509)/優秀(2500)/光秀(471)/秀樹(266)/秀忠(244)/秀雄(233)/秀頼(223)/秀(202)/秀才(194)/秀で(139)/秀次(137)/秀逸(130)/秀夫(118)/久秀(112)/秀麗(112)/秀行(101)/秀男(95)/秀一(88)/長秀(86)/秀明(77)
1030	雇	10361	53.0455	91.766	雇用(7191)/解雇(1024)/雇っ(469)/雇わ(351)/雇う(289)/雇い(153)/雇い主(139)/日雇い(113)/日雇(80)/雇い入れ(78)/雇われ(48)/雇主(47)/雇人(38)/雇(36)/雇え(35)/雇傭(35)/雇える(30)/雇い入れる(28)/雇入れ(26)/雇い人(23)
1031	宇	10305	52.7588	91.784	宇宙(6087)/宇治(720)/宇都宮(470)/宇野(323)/宇佐(245)/宇田川(166)/宇和島(161)/宇垣(117)/宇多田(86)/宇喜多(79)/宇多(79)/宇佐美(76)/宇部(74)/宇(70)/宇佐見(57)/宇津木(57)/宇賀神(56)/宇土(55)/宇美(55)/一宇(53)
1032	甘	10290	52.6820	91.801	甘い(2568)/甘(1082)/甘え(1050)/甘く(999)/甘味(607)/甘み(445)/甘美(219)/甘える(207)/甘んじ(193)/甘かっ(172)/甘酢(145)/甘やかし(143)/甘粕(131)/甘口(111)/甘め(108)/甘露(102)/甘酒(101)/甘ったるい(97)/甘酸っぱい(95)/甘辛(94)
1033	盤	10260	52.5284	91.818	基盤(4128)/盤(1156)/地盤(931)/骨盤(478)/終盤(426)/中盤(412)/円盤(405)/常盤(312)/序盤(268)/鍵盤(218)/岩盤(212)/胎盤(144)/碁盤(120)/吸盤(91)/旋盤(77)/算盤(68)/盤面(65)/名盤(59)/盤上(54)/廃盤(46)
1034	隣	10257	52.5131	91.836	隣(4757)/隣接(1164)/近隣(1128)/隣り(731)/隣人(564)/隣国(274)/隣家(200)/隣室(179)/隣り合わせ(123)/隣町(91)/右隣(80)/両隣(71)/左隣(63)/隣組(62)/隣村(61)/善隣(58)/隣り合っ(44)/隣地(42)/隣保(41)/隣席(39)
1035	怖	10198	52.2110	91.853	恐怖(3801)/怖い(3214)/怖く(1078)/怖(833)/怖かっ(470)/怖れ(271)/畏怖(149)/怖ろしい(83)/怖気(53)/怖れる(41)/怖じ気(35)/物怖じ(26)/怖る(23)/怖ろしく(17)/怖しい(16)/怖々(9)/怖ろし(9)/怖る怖る(8)/怖〜い(6)/怖え(6)
1036	捨	10196	52.2008	91.870	捨て(4347)/捨てる(1273)/見捨て(404)/切り捨て(337)/使い捨て(330)/四捨(215)/投げ捨て(205)/吐き捨てる(190)/脱ぎ捨て(158)/ポイ捨て(131)/取捨(120)/呼び捨て(117)/捨(114)/切り捨てる(108)/捨てよう(105)/吐き捨て(99)/ゴミ捨て(82)/見捨てる(69)/喜捨(57)/捨象(57)
1037	黄	10144	51.9345	91.887	黄色(1863)/黄金(1304)/黄(1281)/黄色い(1178)/硫黄(631)/卵黄(368)/黄色く(221)/黄河(197)/黄金色(192)/黄門(173)/黄身(168)/黄昏(152)/黄緑(134)/黄体(116)/黄疸(114)/黄泉(107)/黄土(99)/黄斑(90)/黄葉(78)/緑黄(71)
1038	捕	10134	51.8833	91.904	逮捕(3540)/捕虜(818)/捕獲(603)/捕らえ(542)/捕まえ(520)/捕まっ(445)/捕え(341)/捕鯨(310)/捕手(257)/捕捉(224)/捕まえる(169)/捕食(164)/捕まる(155)/捕球(119)/捕らえる(113)/捕まり(112)/捕っ(105)/捕り(101)/捕縛(93)/追捕(80)
1039	衣	10093	51.6734	91.921	衣装(1333)/衣(1169)/衣服(1091)/衣類(836)/浴衣(475)/白衣(419)/衣裳(408)/衣料(341)/更衣(239)/脱衣(229)/衣食(219)/上衣(191)/美衣子(188)/麻衣子(178)/着衣(159)/麻衣(139)/衣替え(115)/黒衣(115)/衣笠(92)/亜衣(89)
1040	惑	10083	51.6222	91.938	迷惑(3576)/惑星(1186)/疑惑(892)/誘惑(804)/困惑(700)/思惑(597)/戸惑い(444)/戸惑っ(397)/当惑(317)/魅惑(280)/惑わさ(208)/戸惑う(186)/幻惑(45)/惑わす(43)/戸惑わ(38)/惑わ(36)/蠱惑(35)/眩惑(31)/惑い(30)/逃げ惑う(28)
1041	羽	10066	51.5352	91.955	羽(1982)/羽田(786)/羽根(513)/羽織(355)/出羽(350)/羽目(330)/関羽(327)/鳥羽(271)/赤羽(224)/羽柴(215)/奥羽(212)/音羽(206)/羽毛(198)/丹羽(185)/羽黒(185)/羽織っ(160)/羽生(151)/手羽(146)/後鳥羽(139)/羽化(126)
1042	燃	10059	51.4994	91.972	燃料(3528)/燃え(1416)/燃焼(815)/燃える(794)/燃やし(534)/燃費(534)/燃やす(257)/再燃(172)/不燃(158)/可燃(150)/燃え上がっ(97)/燃え上がる(80)/動燃(74)/燃え尽き(71)/内燃(67)/燃えつき(67)/燃やさ(65)/燃やせる(57)/原燃(52)/燃えさかる(49)
1043	池	10052	51.4635	91.989	池(2985)/電池(1837)/池田(1390)/池袋(626)/菊池(473)/小池(333)/池上(162)/三池(126)/池内(118)/溜池(117)/ため池(113)/蓮池(110)/池谷(75)/大池(63)/池山(60)/鴻池(44)/栂池(37)/池坊(37)/池波(37)/早池峰(34)
1044	雄	10036	51.3816	92.006	英雄(1168)/雄(926)/雄大(361)/武雄(250)/雄弁(247)/秀雄(233)/雌雄(225)/飛雄馬(183)/幸雄(182)/正雄(178)/一雄(167)/義雄(164)/高雄(131)/信雄(125)/靖雄(125)/雄介(115)/敏雄(111)/雄略(108)/茂雄(103)/忠雄(101)
1045	胞	9981	51.1000	92.023	細胞(8701)/同胞(384)/胞子(155)/卵胞(135)/胞(127)/小胞(96)/肺胞(89)/囊胞(61)/濾胞(48)/液胞(38)/嚢胞(33)/胞胚(33)/芽胞(19)/刺胞(16)/胞状(14)/空胞(10)/のう胞(6)/胞衣(4)/食胞(4)/僑胞(3)
1046	寒	9977	51.0795	92.040	寒い(2633)/寒(2114)/寒く(1060)/寒冷(360)/寒天(327)/寒気(326)/寒かっ(321)/防寒(231)/肌寒い(141)/悪寒(132)/寒風(126)/高寒(124)/耐寒(93)/厳寒(92)/寒暖(80)/寒波(76)/寒村(71)/極寒(71)/寒月(70)/寒々(66)
1047	悩	9933	50.8543	92.057	悩み(2995)/悩ん(2777)/悩む(818)/苦悩(755)/悩まさ(601)/悩ま(475)/煩悩(319)/伸び悩み(190)/伸び悩ん(138)/悩まし(101)/悩み事(85)/思い悩ん(80)/悩め(72)/悩ましい(64)/悩みごと(62)/悩ます(60)/思い悩む(53)/伸び悩む(46)/懊悩(37)/悩殺(20)
1048	吹	9905	50.7109	92.073	吹い(986)/吹く(757)/吹き(678)/吹か(373)/吹き出し(325)/吹奏(298)/吹雪(267)/吹き抜け(241)/吹き込ん(180)/伊吹(178)/吹き飛ばさ(162)/吹き荒れ(148)/息吹(146)/吹け(143)/吹きつけ(140)/吹聴(138)/吹き替え(120)/吹き飛ん(119)/吹き出(115)/吹(114)
1049	幹	9903	50.7007	92.090	幹線(2866)/幹部(2738)/幹事(1130)/幹(1090)/基幹(553)/根幹(398)/体幹(156)/脳幹(141)/主幹(113)/幹太(60)/鉄幹(59)/語幹(50)/骨幹(38)/幹校(37)/幹雄(37)/国幹(31)/幹周り(30)/単幹(25)/肉幹(24)/幹夫(22)
1050	豆	9893	50.6495	92.107	豆腐(2392)/豆(1744)/大豆(1238)/伊豆(1070)/納豆(975)/豆乳(350)/小豆(314)/枝豆(216)/黒豆(165)/豆板醤(90)/煮豆(78)/小豆島(76)/豆まき(76)/そら豆(66)/中伊豆(61)/西伊豆(45)/豆粒(39)/伊豆の国(36)/豆板醬(32)/ひよこ豆(30)
1051	勉	9858	50.4703	92.124	勉強(9119)/勤勉(303)/勉学(187)/勉(139)/勉次(28)/ガリ勉(20)/勉励(16)/ジャニ勉(10)/勉め(7)/がり勉(4)/黽勉(4)/勉誠(3)/勉きょう(2)/勉める(2)/猛勉(2)/テス勉(1)/不勉(1)/勉むる(1)/勉むれ(1)/勉三(1)
1052	濃	9841	50.3833	92.140	濃度(2332)/濃い(1791)/濃く(1082)/濃厚(804)/濃縮(677)/美濃(600)/信濃(542)/濃(443)/濃密(238)/濃淡(179)/濃いめ(103)/濃紺(102)/濃霧(93)/濃緑(66)/濃口(62)/美濃部(60)/濃茶(59)/濃かっ(57)/東濃(53)/濃尾(48)
1053	帝	9834	50.3474	92.157	帝国(3501)/皇帝(2159)/帝(1296)/帝王(507)/女帝(290)/帝政(149)/帝都(147)/武帝(139)/帝大(129)/帝位(100)/帝京(98)/大帝(95)/帝釈(81)/先帝(68)/天帝(58)/帝室(54)/上帝(52)/帝劇(49)/明帝(46)/文帝(42)
1054	閣	9811	50.2297	92.173	内閣(5541)/閣僚(1199)/閣議(930)/閣(766)/閣下(360)/尖閣(160)/金閣(142)/組閣(126)/仏閣(114)/入閣(97)/幕閣(83)/楼閣(79)/銀閣(66)/閣内(45)/倒閣(26)/閣老(16)/鳳閣(14)/閣外(12)/台閣(9)/殿閣(6)
1055	滅	9807	50.2092	92.190	消滅(2115)/絶滅(783)/滅多(580)/滅亡(566)/破滅(543)/壊滅(446)/滅び(387)/全滅(366)/点滅(302)/死滅(264)/撲滅(244)/滅ぼし(204)/滅失(192)/滅びる(190)/不滅(180)/滅ぼす(157)/自滅(151)/幻滅(143)/隠滅(141)/滅菌(139)
1056	既	9800	50.1733	92.206	既に(4582)/既存(2092)/既婚(726)/既成(557)/既(221)/既得(195)/既往(187)/既述(169)/既製(166)/既設(154)/既定(147)/既知(102)/既判(101)/既出(95)/既遂(59)/既刊(36)/既視(35)/皆既(31)/既決(21)/既済(15)
1057	祖	9731	49.8201	92.223	祖父(1974)/祖母(1859)/先祖(1258)/祖先(735)/祖国(672)/祖父母(537)/祖(523)/元祖(291)/教祖(284)/始祖(172)/開祖(159)/父祖(101)/道祖(89)/高祖(87)/祖霊(83)/光祖(65)/祖神(57)/太祖(49)/媽祖(48)/仏祖(44)
1058	幕	9706	49.6921	92.239	幕府(3276)/幕(1446)/開幕(921)/幕末(758)/字幕(361)/幕僚(260)/幕張(162)/幕開け(155)/幕臣(142)/黒幕(127)/天幕(120)/一幕(118)/幕藩(117)/倒幕(110)/剣幕(108)/幕内(84)/幕閣(83)/閉幕(73)/幕政(69)/討幕(69)
1059	縁	9703	49.6767	92.256	縁(3066)/無縁(832)/縁起(574)/縁側(357)/血縁(352)/因縁(340)/縁組(339)/絶縁(287)/離縁(195)/縁談(165)/口縁(153)/縁者(151)/縁日(146)/額縁(127)/内縁(118)/周縁(116)/地縁(110)/縁故(97)/辺縁(94)/近縁(92)
1060	疲	9702	49.6716	92.272	疲れ(7091)/疲労(1551)/疲れる(601)/疲弊(234)/気疲れ(32)/歩き疲れ(28)/遊び疲れ(27)/疲れ目(25)/疲(19)/泣き疲れ(9)/泳ぎ疲れ(7)/話し疲れ(4)/倦み疲れ(3)/待ち疲れ(3)/疲る(3)/疲るる(3)/疲れれ(3)/疲憊(3)/飲み疲れ(3)/しゃべり疲れ(2)
1061	謝	9699	49.6563	92.288	感謝(4748)/代謝(1237)/謝罪(849)/慰謝(474)/謝っ(457)/謝る(312)/謝り(271)/謝礼(201)/謝ら(137)/与謝野(114)/月謝(94)/謝(85)/陳謝(68)/謝意(67)/謝れ(60)/謝辞(55)/謝絶(41)/謝謝(38)/謝恩(37)/平謝り(28)
1062	麻	9679	49.5539	92.305	麻薬(1259)/麻酔(1185)/麻痺(904)/麻生(636)/麻(407)/麻雀(405)/大麻(395)/胡麻(352)/麻呂(281)/麻布(252)/麻子(207)/麻原(201)/麻しん(194)/麻衣子(178)/麻理子(168)/麻衣(139)/麻美(115)/麻婆(104)/仲麻呂(101)/麻疹(97)
1063	翌	9673	49.5232	92.321	翌日(3861)/翌年(2097)/翌(1926)/翌朝(1100)/翌月(272)/翌々(225)/翌週(115)/翌春(33)/翌晩(12)/翌期(12)/翌る日(6)/翌夜(5)/翌翌(4)/翌夏(2)/翌暁(2)/翌秋(1)
1064	丁	9642	49.3644	92.337	丁目(3309)/丁寧(2098)/包丁(949)/丁(944)/丁度(711)/丁重(335)/横丁(194)/庖丁(174)/丁稚(93)/八丁(81)/装丁(71)/八丁堀(67)/馬丁(67)/丁場(52)/符丁(50)/沈丁(43)/丁字(36)/園丁(30)/丁半(23)/半丁(20)
1065	駆	9611	49.2057	92.353	駆使(797)/駆けつけ(765)/駆除(578)/駆逐(520)/駆動(503)/先駆(447)/駆け(434)/駆ら(346)/先駆け(343)/駆け寄っ(274)/駆け出し(272)/駆け引き(233)/駆け込ん(213)/前駆(185)/駆け抜け(177)/駆り立て(149)/駆け込み(145)/駆けつける(137)/駆け上がっ(117)/駆け足(117)
1066	績	9596	49.1289	92.370	成績(3289)/実績(2954)/業績(2111)/功績(698)/紡績(287)/戦績(94)/事績(50)/李績(41)/績(25)/治績(12)/麻績(10)/績み(8)/陸績(4)/神麻績(3)/王績(2)/績介(2)/優績(1)/学績(1)/巧績(1)/忠績(1)
1067	頑	9551	48.8985	92.386	頑張っ(4508)/頑張り(1347)/頑張る(743)/頑張れ(628)/頑固(603)/頑丈(386)/頑張ろう(308)/頑張ら(268)/頑な(160)/頑(141)/頑強(133)/頑張れる(105)/頑健(57)/頑迷(52)/頑張れ〜(32)/頑張ろ(26)/頑張れよ(12)/頑是(9)/頑張ん(7)/頑張ろっ(5)
1068	迫	9539	48.8371	92.402	迫っ(1741)/圧迫(1194)/迫力(957)/脅迫(821)/迫る(812)/迫ら(786)/迫害(439)/強迫(369)/緊迫(341)/切迫(295)/迫り(285)/気迫(182)/逼迫(177)/差し迫っ(109)/迫(97)/急迫(80)/迫撃(70)/ひっ迫(66)/迫真(63)/窮迫(56)
1069	賀	9513	48.7040	92.418	佐賀(1013)/年賀(890)/滋賀(820)/加賀(571)/志賀(468)/横須賀(465)/賀茂(399)/古賀(367)/伊賀(344)/甲賀(321)/敦賀(190)/祝賀(180)/賀川(174)/賀(151)/大賀(126)/多賀谷(111)/雑賀(107)/多賀城(104)/小値賀(100)/加賀美(95)
1070	詰	9472	48.4941	92.434	詰め(1704)/詰まっ(976)/缶詰(604)/追い詰め(325)/詰める(267)/見詰め(214)/詰まら(186)/詰まり(178)/詰め込ん(178)/詰まる(177)/敷き詰め(168)/詰問(167)/詰(163)/煮詰め(160)/行き詰まっ(144)/行き詰まり(129)/問い詰め(123)/詰め込み(114)/詰め込ま(103)/突き詰め(95)
1071	辞	9405	48.1511	92.450	辞め(1882)/辞書(1077)/辞典(919)/辞任(751)/辞める(564)/辞退(531)/辞職(412)/辞(382)/世辞(319)/辞儀(262)/辞令(242)/辞し(156)/辞表(155)/辞苑(140)/辞さ(133)/弔辞(132)/賛辞(120)/修辞(111)/祝辞(96)/言辞(73)
1072	舎	9388	48.0640	92.466	田舎(2147)/庁舎(1350)/舎(1331)/校舎(834)/厩舎(647)/宿舎(549)/駅舎(344)/田舎者(145)/田舎町(133)/官舎(127)/舎人(126)/兵舎(124)/犬舎(95)/舎利(91)/精舎(79)/舎弟(67)/片田舎(63)/田舎暮らし(62)/鶏舎(62)/小舎(59)
1073	尊	9378	48.0128	92.481	尊重(2278)/尊敬(1776)/尊(784)/尊厳(702)/本尊(506)/釈尊(395)/自尊(368)/尊い(327)/尊氏(217)/世尊(165)/尊王(138)/尊大(128)/尊攘(113)/尊ぶ(104)/尊皇(80)/尊属(72)/男尊(71)/尊ば(67)/尊師(67)/尊崇(65)
1074	甲	9367	47.9565	92.497	甲斐(1054)/甲(1038)/甲板(691)/甲状(648)/甲子(623)/甲府(494)/装甲(408)/甲賀(321)/甲州(286)/六甲(278)/手の甲(243)/甲高い(229)/生き甲斐(186)/肩甲(145)/甲冑(143)/甲種(134)/甲羅(134)/甲骨(107)/甲虫(105)/甲平(98)
1075	卵	9270	47.4599	92.513	卵(4343)/排卵(856)/産卵(556)/卵巣(483)/卵黄(368)/ゆで卵(276)/卵白(275)/卵子(235)/卵焼き(225)/卵管(147)/溶き卵(142)/卵胞(135)/鶏卵(114)/生卵(95)/卵母(94)/卵形(73)/採卵(69)/卵膜(64)/卵とじ(50)/全卵(47)
1076	抑	9265	47.4343	92.528	抑制(3236)/抑え(2418)/抑える(1179)/抑圧(876)/抑止(445)/抑留(223)/抑揚(179)/抑うつ(153)/抑えよう(109)/抑えつけ(72)/抑(55)/抑え込ん(39)/抑え込む(32)/抑鬱(31)/抑えれ(26)/抑え込ま(23)/抑えこん(20)/抑えつける(20)/抑えめ(18)/抑え込み(16)
1077	賃	9249	47.3524	92.544	賃金(3559)/賃貸(1270)/家賃(1236)/運賃(1048)/賃借(553)/賃貸借(306)/賃(300)/賃料(196)/工賃(159)/賃上げ(151)/木賃(69)/駄賃(55)/労賃(54)/手間賃(50)/賃銭(33)/借賃(30)/船賃(27)/無賃(23)/賃率(20)/宿賃(19)
1078	季	9238	47.2961	92.560	季節(4485)/四季(921)/今季(845)/冬季(361)/夏季(305)/季(244)/春季(182)/年季(173)/来季(168)/季語(160)/昨季(137)/時季(122)/秋季(118)/雨季(102)/季刊(82)/季長(82)/季報(58)/乾季(52)/由季(45)/季久(33)
1079	旨	9237	47.2909	92.575	旨(4121)/趣旨(3050)/旨い(376)/要旨(361)/主旨(222)/旨味(193)/旨み(154)/論旨(117)/本旨(108)/旨く(85)/宗旨(79)/旨かっ(55)/同旨(48)/判旨(45)/宣旨(41)/令旨(30)/綸旨(27)/勅旨(16)/聖旨(16)/諭旨(16)
1080	虫	9228	47.2449	92.591	虫(3158)/昆虫(978)/幼虫(752)/虫歯(515)/害虫(328)/成虫(275)/水虫(257)/殺虫(251)/病害虫(199)/爬虫(170)/甲虫(105)/弱虫(89)/防虫(89)/治虫(83)/こん虫(78)/苦虫(74)/原虫(72)/毛虫(70)/泣き虫(69)/虫垂(60)
1081	殿	9218	47.1937	92.606	殿(4066)/宮殿(979)/神殿(801)/殿下(596)/御殿(461)/沈殿(164)/社殿(163)/貴殿(155)/殿堂(147)/本殿(143)/御殿場(124)/拝殿(101)/寝殿(96)/湯殿(95)/大殿(73)/殿上(73)/若殿(67)/正殿(53)/殿方(51)/殿中(48)
1082	干	9196	47.0810	92.622	若干(2913)/干渉(1059)/干し(1004)/梅干し(324)/飲み干し(266)/干す(242)/干拓(222)/梅干(190)/干(188)/干支(182)/干潟(166)/欄干(165)/干物(164)/物干し(124)/干潮(118)/煮干し(109)/干ばつ(88)/切り干し(87)/干さ(83)/飲み干す(79)
1083	郵	9156	46.8762	92.637	郵便(5409)/郵送(1704)/郵政(1586)/郵貯(257)/郵船(82)/郵(74)/郵電(8)/中郵(6)/郵務(5)/郵伝(4)/郵産労(3)/郵袋(3)/廃郵(2)/郵トピア(2)/郵券(2)/郵趣(2)/郵逓(2)/外郵(1)/郵書(1)/郵県(1)
1084	霊	9141	46.7995	92.653	霊(1895)/幽霊(886)/精霊(591)/霊的(338)/悪霊(300)/霊魂(290)/亡霊(263)/慰霊(259)/聖霊(238)/霊感(198)/霊界(194)/心霊(191)/怨霊(165)/霊場(163)/霊能(163)/神霊(150)/霊園(144)/御霊(137)/霊長(134)/全霊(115)
1085	緑	9091	46.5435	92.668	緑(4336)/緑色(1014)/緑地(705)/緑化(636)/緑茶(338)/新緑(261)/常緑(199)/黄緑(134)/葉緑(100)/緑川(95)/緑風(75)/深緑(71)/緑黄(71)/濃緑(66)/緑道(55)/青緑(54)/四緑(43)/緑青(41)/緑町(38)/薄緑(35)
1086	憶	9076	46.4667	92.683	記憶(7885)/憶え(685)/憶測(191)/追憶(115)/憶える(32)/憶良(24)/見憶え(19)/憶い出し(14)/聞き憶え(11)/憶い出す(9)/憶(8)/憶病(8)/李憶(6)/憶い出さ(5)/憶説(5)/うろ憶え(4)/回憶(4)/憶いださ(4)/憶いだす(4)/憶い出せ(4)
1087	巨	9061	46.3899	92.699	巨大(4344)/巨人(2179)/巨額(606)/巨匠(239)/巨体(195)/巨木(175)/巨(125)/巨石(109)/巨乳(102)/巨漢(87)/巨峰(61)/巨岩(53)/巨頭(46)/巨きな(45)/巨星(41)/巨細(40)/巨樹(38)/巨万(36)/巨視(36)/巨塔(35)
1088	儀	9056	46.3643	92.714	葬儀(1549)/儀式(1443)/礼儀(933)/儀礼(859)/余儀(803)/儀(781)/祝儀(401)/行儀(368)/辞儀(262)/流儀(234)/難儀(195)/公儀(169)/律儀(134)/祭儀(108)/内儀(96)/秘儀(90)/大儀(79)/威儀(63)/溥儀(43)/仕儀(39)
1089	宣	9046	46.3131	92.729	宣言(3728)/宣伝(2143)/宣告(643)/宣教(486)/宣戦(256)/宣誓(234)/宣長(225)/広宣(126)/宣(112)/託宣(64)/番宣(62)/家宣(55)/街宣(47)/宣孝(41)/宣旨(41)/宣下(39)/宣賛(39)/宣命(32)/宣べ伝え(30)/宣布(29)
1090	郷	9024	46.2004	92.745	故郷(1934)/郷(1195)/郷土(1059)/西郷(858)/本郷(590)/郷子(427)/郷里(420)/東郷(406)/帰郷(236)/郷愁(167)/同郷(131)/六郷(103)/郷士(103)/異郷(83)/南郷(64)/郷村(58)/上郷(56)/望郷(56)/水郷(55)/秀郷(53)
1091	貨	9017	46.1646	92.760	貨物(2147)/通貨(1821)/貨幣(1226)/百貨(872)/雑貨(771)/外貨(752)/金貨(260)/硬貨(205)/貨車(151)/銀貨(142)/財貨(140)/貨(89)/銅貨(81)/銭貨(30)/貨客(28)/邦貨(27)/正貨(23)/貝貨(20)/内貨(19)/海貨(18)
1092	漁	9013	46.1441	92.775	漁業(2727)/漁師(723)/漁船(710)/漁場(562)/漁港(489)/漁(458)/漁獲(421)/漁村(316)/農林漁業(314)/漁協(300)/漁民(263)/農山漁村(167)/遊漁(167)/漁夫(101)/大漁(97)/漁具(93)/漁法(85)/出漁(59)/漁撈(59)/密漁(55)
1093	訓	9012	46.1390	92.790	訓練(6507)/教訓(942)/訓(247)/特訓(138)/訓令(137)/訓示(112)/訓読(107)/家訓(67)/武訓(48)/訓戒(47)/訓読み(46)/訓導(40)/音訓(38)/遺訓(31)/訓話(28)/傍訓(23)/訓仮名(23)/訓辞(23)/訓え(21)/訓注(21)
1094	卒	8998	46.0673	92.805	卒業(6130)/卒(702)/卒中(385)/大卒(278)/高卒(277)/新卒(200)/兵卒(146)/卒論(109)/学卒(103)/中卒(96)/卒園(90)/何卒(72)/卒乳(58)/卒塔婆(48)/卒倒(46)/士卒(30)/従卒(23)/卒後(18)/院卒(17)/卒然(14)
1095	憲	8976	45.9547	92.821	憲法(5623)/憲章(515)/憲兵(422)/違憲(247)/立憲(195)/憲政(171)/治憲(160)/改憲(144)/官憲(120)/護憲(117)/正憲(116)/憲(114)/合憲(97)/保憲(74)/龍憲(68)/憲甫(60)/憲一(52)/憲平(48)/竜憲(26)/憲二(24)
1096	粉	8918	45.6578	92.836	粉(3890)/花粉(1302)/粉末(467)/片栗粉(353)/粉砕(219)/粉々(175)/受粉(140)/きな粉(124)/微粉(113)/粉じん(107)/火の粉(104)/かたくり粉(102)/粉飾(92)/白粉(83)/製粉(80)/粉雪(78)/でん粉(73)/そば粉(67)/米粉(67)/粉糖(61)
1097	詩	8883	45.4786	92.851	詩(4334)/詩人(1865)/詩集(468)/詩的(176)/漢詩(169)/詩歌(163)/詩文(144)/詩篇(125)/詩句(114)/詩吟(86)/詩情(74)/詩作(73)/詩編(58)/詩学(48)/作詩(45)/詩経(45)/詩郎(44)/詩選(42)/唐詩(41)/詩織(38)
1098	句	8856	45.3403	92.865	文句(2945)/句(1600)/俳句(855)/語句(386)/一句(312)/絶句(267)/節句(251)/高句麗(249)/挙句(231)/句読点(114)/詩句(114)/挙げ句(111)/句集(98)/字句(89)/句会(84)/句碑(66)/禁句(56)/発句(53)/聖句(51)/麗句(51)
1099	奈	8852	45.3199	92.880	奈良(2291)/神奈川(1985)/朝比奈(348)/奈々(220)/伊奈(218)/美奈子(209)/加奈(205)/真奈美(180)/奈落(126)/美奈(114)/奈緒子(104)/杏奈(97)/奈津(96)/奈(92)/奈々子(92)/奈緒(85)/加奈子(81)/奈良原(81)/一奈(77)/玲奈(75)
1100	覧	8838	45.2482	92.895	ご覧(2637)/一覧(1672)/閲覧(1470)/展覧(622)/観覧(587)/博覧(357)/縦覧(338)/御覧(318)/遊覧(187)/回覧(144)/要覧(103)/曙覧(52)/内覧(47)/上覧(42)/総覧(39)/便覧(37)/天覧(34)/知覧(31)/覧(26)/通覧(14)
1101	併	8833	45.2226	92.910	合併(4524)/併せ(1200)/併用(1000)/併合(469)/併設(303)/併し(217)/併記(126)/併存(118)/併発(92)/併行(89)/併走(76)/併せ持つ(71)/併科(67)/併殺(56)/併(42)/併せ持っ(41)/併結(29)/併給(29)/併呑(24)/併置(17)
1102	剣	8820	45.1560	92.925	真剣(3113)/剣(2656)/剣道(551)/剣術(234)/短剣(222)/剣士(132)/刀剣(129)/剣幕(108)/銅剣(95)/剣客(88)/銃剣(85)/長剣(66)/鉄剣(63)/千剣破(59)/剣法(56)/剣闘(56)/剣技(54)/剣先(52)/剣豪(52)/宝剣(52)
1103	看	8807	45.0895	92.940	看護(5554)/看板(1954)/看病(318)/看守(299)/看(169)/看過(128)/看破(54)/看取っ(46)/看取る(43)/看る(39)/看取(36)/看視(28)/看取り(19)/看取ら(17)/看做さ(12)/参看(10)/看做す(9)/金看(9)/看做し(6)/看とっ(4)
1104	到	8790	45.0024	92.955	到着(4074)/到達(1838)/到来(1050)/到底(632)/殺到(458)/周到(266)/到る(170)/到(87)/到っ(63)/到り(38)/到ら(27)/未到(24)/到頭(17)/到れ(7)/想到(7)/着到(6)/思い到っ(4)/到つ(3)/到り着き(2)/勝到(2)
1105	露	8776	44.9308	92.970	披露(2088)/露出(1064)/露天(726)/露(633)/日露(610)/暴露(516)/露骨(460)/露呈(257)/結露(180)/露店(179)/露光(173)/露地(165)/吐露(152)/露わ(134)/披露目(126)/露伴(122)/曝露(108)/甘露(102)/露見(94)/発露(66)
1106	索	8771	44.9051	92.984	検索(5103)/捜索(1019)/模索(777)/探索(669)/思索(282)/詮索(228)/索引(185)/軸索(110)/索(89)/索敵(50)/脊索(33)/索道(27)/側索(26)/羂索(25)/索具(16)/精索(14)/索超(13)/索漠(10)/貫索(10)/摸索(9)
1107	需	8697	44.5263	92.999	需要(5616)/需給(1256)/内需(498)/必需(452)/軍需(309)/特需(123)/実需(117)/外需(81)/民需(54)/官公需(51)/需品(47)/需(27)/需め(20)/需用(11)/需実(9)/内外需(6)/仮需(5)/官需(3)/香需(3)/婚需(2)
1108	雲	8696	44.5212	93.014	雲(3837)/出雲(786)/八雲(276)/雲仙(176)/星雲(154)/雲南(144)/東雲(115)/雲雀(108)/雨雲(99)/早雲(97)/趙雲(97)/暗雲(92)/風雲(89)/南雲(85)/雲海(80)/雲行き(78)/雲泥(77)/雲間(70)/闇雲(68)/雲斎(63)
1109	祝	8653	44.3010	93.028	祝い(1955)/祝日(1797)/祝(1278)/祝福(712)/祝儀(401)/祝う(395)/祝っ(259)/祝賀(180)/祝祭(156)/日・祝(133)/祝宴(128)/日祝(109)/祝辞(96)/祝言(87)/祝詞(85)/祝祭日(79)/祝い事(72)/祝い金(70)/祝し(55)/祝杯(53)
1110	竹	8652	44.2959	93.043	竹(1508)/竹内(906)/竹中(411)/竹下(395)/竹田(352)/竹村(349)/松竹(253)/佐竹(240)/竹刀(239)/大竹(212)/竹島(197)/竹山(189)/竹林(158)/竹串(118)/竹本(116)/竹の子(107)/青竹(95)/竹藪(78)/竹原(74)/竹越(70)
1111	箱	8634	44.2037	93.058	箱(5112)/箱根(736)/ゴミ箱(312)/ごみ箱(234)/木箱(212)/巣箱(120)/箱庭(119)/箱館(106)/小箱(84)/重箱(83)/靴箱(71)/箱入り(63)/空き箱(62)/外箱(59)/手箱(59)/筆箱(45)/お払い箱(44)/宝箱(43)/本箱(43)/箱型(43)
1112	黙	8634	44.2037	93.072	黙っ(3722)/沈黙(1846)/暗黙(470)/黙々(416)/黙認(158)/黙示(153)/寡黙(135)/黙り込ん(133)/黙りこん(130)/黙ら(120)/押し黙っ(118)/黙りこくっ(108)/黙秘(97)/黙れ(93)/黙殺(89)/黙し(84)/黙り(66)/黙る(55)/黙(53)/黙祷(44)
1113	釈	8586	43.9580	93.087	解釈(5024)/釈放(621)/釈迦(486)/釈尊(395)/会釈(356)/注釈(299)/お釈迦(199)/釈明(145)/希釈(142)/講釈(124)/保釈(123)/釈(121)/釈然(113)/帝釈(81)/註釈(63)/評釈(50)/毀釈(44)/釈天(29)/語釈(21)/新釈(19)
1114	献	8570	43.8761	93.101	貢献(3661)/文献(2196)/献立(504)/献金(454)/献身(398)/献血(369)/献上(348)/献(119)/献花(81)/献じ(57)/献呈(51)/献げ(35)/献体(35)/奉献(33)/献辞(32)/献帝(31)/献策(31)/献納(28)/献げる(9)/献堂(8)
1115	距	8567	43.8607	93.116	距離(8425)/測距(42)/距(27)/距て(17)/視距(11)/距岸(8)/距腿(8)/軸距(6)/距り(5)/距たり(4)/距腓(4)/距たっ(2)/距たら(2)/距てる(2)/正距(1)/距たる(1)/距つ(1)/距る(1)
1116	勧	8475	43.3897	93.130	勧め(4619)/勧告(1700)/勧誘(898)/勧める(361)/勧業(211)/勧奨(196)/勧進(128)/勧請(80)/勧銀(50)/勧農(39)/人勧(34)/勧善(30)/勧(29)/勧修寺(21)/勧学(14)/一勧(12)/普勧(12)/勧めよう(7)/勧山(5)/勧む(4)
1117	託	8467	43.3488	93.144	委託(2737)/信託(1535)/受託(755)/託し(494)/託児(426)/嘱託(412)/供託(342)/寄託(328)/預託(277)/屈託(212)/託す(160)/託さ(148)/結託(102)/付託(100)/神託(95)/託宣(64)/仮託(36)/負託(30)/請託(28)/託せ(27)
1118	艦	8421	43.1132	93.158	艦(2265)/艦隊(1587)/戦艦(700)/艦長(610)/軍艦(589)/艦艇(287)/艦橋(267)/艦船(249)/母艦(142)/旗艦(139)/艦内(133)/艦載(128)/艦上(119)/艦首(105)/対艦(77)/敵艦(63)/艦爆(62)/艦砲(58)/艦尾(50)/乗艦(46)
1119	詞	8408	43.0467	93.173	歌詞(1551)/名詞(1456)/詞(1438)/動詞(1355)/台詞(658)/作詞(545)/副詞(328)/助詞(203)/分詞(88)/祝詞(85)/冠詞(79)/枕詞(61)/品詞(58)/絵詞(55)/通詞(54)/詞書(46)/数詞(43)/捨て台詞(34)/誓詞(22)/賀詞(20)
1120	鏡	8369	42.8470	93.187	鏡(5548)/眼鏡(1353)/鏡花(147)/大鏡(112)/鏡視(97)/鏡面(97)/鏡像(81)/手鏡(59)/鏡子(59)/道鏡(52)/鏡台(52)/鏡餅(50)/明鏡(46)/銅鏡(43)/水鏡(34)/神鏡(27)/鏡川(27)/文鏡(25)/目鏡(23)/鏡山(23)
1121	臨	8368	42.8419	93.201	臨時(2518)/臨床(1818)/臨ん(472)/臨む(444)/君臨(340)/臨界(329)/臨海(314)/臨終(231)/臨調(212)/臨機(188)/臨済(173)/臨み(151)/降臨(150)/臨場(140)/臨月(87)/臨(62)/臨席(62)/臨死(61)/咸臨(58)/臨ま(57)
1122	那	8358	42.7907	93.215	旦那(4356)/支那(749)/那覇(468)/刹那(382)/那須(286)/那珂川(214)/伊那(195)/那須野(117)/那智(107)/与那国(90)/任那(85)/那珂(84)/那津(66)/赦那(65)/男具那(62)/恵那(57)/那須塩原(55)/西那須野(44)/檀那(39)/那(34)
1123	荒	8343	42.7139	93.229	荒れ(908)/荒木(543)/荒廃(531)/荒川(471)/荒い(354)/荒らし(309)/荒野(309)/荒く(259)/荒(236)/荒井(204)/荒々しい(187)/荒涼(162)/荒々しく(153)/吹き荒れ(148)/荒俣(148)/荒れる(141)/荒波(138)/荒らさ(135)/荒天(133)/荒っぽい(126)
1124	鹿	8325	42.6217	93.243	馬鹿(3049)/鹿児島(1604)/鹿島(694)/鹿(540)/鈴鹿(323)/馬鹿げ(182)/馬鹿馬鹿しい(148)/入鹿(116)/山鹿(102)/鹿毛(86)/鹿野(78)/男鹿(72)/鹿沼(71)/馬鹿馬鹿しく(64)/小鹿(48)/鹿の子(42)/鹿屋(38)/鹿鳴(38)/牡鹿(37)/草鹿(37)
1125	批	8303	42.5091	93.257	批判(6623)/批評(1178)/批准(400)/批難(42)/批闘(30)/判批(9)/批(9)/批語(2)/横批(2)/硃批(2)/批孔(1)/批林(1)/批正(1)/批簡(1)/批郷(1)/批醜(1)
1126	崩	8270	42.3402	93.271	崩壊(3136)/崩れ(1661)/崩し(701)/崩れる(352)/崩さ(305)/崩す(219)/雪崩(200)/崩れ落ち(163)/崩御(142)/崩落(101)/取り崩し(99)/取崩し(63)/なし崩し(60)/がけ崩れ(57)/山崩れ(54)/泣き崩れ(54)/切り崩し(53)/崩れ落ちる(51)/総崩れ(45)/崩れ去っ(44)
1127	陰	8259	42.2839	93.285	陰(1747)/陰陽(586)/陰謀(547)/お陰(509)/日陰(398)/陰性(391)/山陰(354)/陰影(304)/木陰(261)/松陰(249)/陰気(248)/陰茎(169)/陰口(148)/陰毛(123)/陰湿(119)/陰鬱(117)/外陰(108)/物陰(101)/陰険(96)/陰部(93)
1128	礎	8258	42.2787	93.299	基礎(7968)/礎(167)/礎石(107)/心礎(6)/巣礎(5)/定礎(3)/断礎(1)/残礎(1)
1129	煙	8254	42.2582	93.313	煙草(1919)/煙(1908)/喫煙(1493)/禁煙(870)/煙突(376)/噴煙(160)/黒煙(151)/分煙(95)/白煙(79)/煙管(78)/硝煙(77)/排煙(60)/土煙(56)/煤煙(54)/紫煙(54)/煙り(45)/煙る(44)/嫌煙(43)/狼煙(43)/煙っ(39)
1130	沖	8214	42.0535	93.327	沖縄(5367)/沖(1772)/沖合(300)/沖田(167)/沖繩(111)/沖合い(69)/沖本(55)/沖積(50)/沖野(31)/沖永良部(29)/沖中(26)/沖アミ(25)/沖浦(20)/沖原(19)/在沖(17)/沖ノ鳥島(12)/契沖(11)/沖の島(10)/沖国(8)/沖ノ島(7)
1131	奇	8211	42.0381	93.341	奇妙(2150)/好奇(1134)/奇跡(1004)/奇怪(347)/奇襲(337)/奇数(207)/奇麗(201)/奇(197)/奇形(196)/奇異(196)/怪奇(183)/奇抜(170)/奇蹟(165)/奇声(112)/奇しくも(110)/奇術(103)/奇想(94)/猟奇(93)/数奇(79)/珍奇(64)
1132	泊	8207	42.0176	93.354	宿泊(2130)/泊(1832)/泊まっ(817)/泊まり(514)/泊まる(510)/泊り(251)/泊っ(248)/泊め(242)/停泊(211)/外泊(132)/泊る(110)/寝泊まり(87)/泊まら(75)/淡泊(74)/漂泊(71)/寝泊り(58)/泊まれ(55)/泊まれる(54)/碇泊(44)/泊める(37)
1133	鼻	8190	41.9306	93.368	鼻(4564)/耳鼻(405)/鼻水(343)/鼻先(300)/鼻血(198)/鼻腔(180)/鼻炎(167)/目鼻(136)/鼻息(116)/鼻孔(115)/鼻歌(115)/鼻緒(112)/鼻毛(95)/鼻筋(84)/鼻音(77)/小鼻(58)/鼻づまり(58)/阿鼻(56)/鼻くそ(51)/板鼻(48)
1134	煮	8166	41.8077	93.382	煮(1801)/煮る(718)/煮物(590)/煮込み(399)/煮汁(371)/雑煮(288)/煮込ん(248)/佃煮(225)/煮立っ(188)/煮え(170)/煮詰め(160)/煮込む(143)/煮立て(137)/煮干し(109)/水煮(106)/煮付け(106)/煮立ち(103)/角煮(96)/煮やし(86)/煮沸(81)
1135	欧	8128	41.6132	93.396	欧米(2876)/欧州(2332)/西欧(1214)/東欧(524)/北欧(370)/欧(86)/中・東欧(81)/欧陽(81)/中欧(55)/欧文(55)/米欧(49)/印欧(42)/欧化(37)/琴欧州(36)/日欧(34)/遣欧(33)/南欧(31)/欧洲(30)/渡欧(29)/中東欧(27)
1136	耐	8123	41.5876	93.409	耐え(2800)/耐震(1265)/耐久(751)/忍耐(587)/耐える(486)/耐性(408)/耐用(342)/耐熱(322)/耐(274)/耐火(141)/耐寒(93)/耐通(61)/耐水(51)/耐食(43)/耐力(37)/耐暑(35)/不耐(30)/耐え忍ん(29)/耐へ(25)/耐候(25)
1137	姉	8109	41.5159	93.423	姉(5166)/姉妹(1671)/義姉(382)/姉弟(157)/姉崎(122)/姉貴(88)/従姉妹(79)/従姉(63)/姉や(45)/姉川(44)/諸姉(41)/十姉妹(32)/長姉(31)/兄姉(29)/姉娘(18)/姉ヶ崎(17)/姉小路(16)/実姉(14)/姉原(13)/次姉(13)
1138	頁	8105	41.4954	93.437	頁(7930)/次頁(149)/頁岩(26)
1139	糖	8067	41.3009	93.450	砂糖(2874)/糖尿(1433)/糖(1356)/血糖(760)/糖分(234)/糖質(234)/多糖(113)/糖度(107)/黒糖(105)/糖類(87)/糖鎖(63)/粉糖(61)/乳糖(53)/ショ糖(50)/単糖(49)/解糖(45)/果糖(41)/配糖(36)/無糖(35)/糖化(32)
1140	棄	8054	41.2343	93.464	廃棄(4010)/放棄(1769)/破棄(494)/投棄(418)/棄て(291)/棄却(257)/遺棄(171)/棄権(122)/自棄(121)/棄てる(61)/棄児(35)/抛棄(32)/唾棄(29)/棄民(27)/棄損(23)/見棄て(16)/棄教(14)/棄(13)/投げ棄て(11)/毀棄(10)
1141	譲	8052	41.2241	93.478	譲渡(3423)/譲っ(564)/分譲(440)/譲り(333)/移譲(330)/譲る(319)/譲歩(305)/譲ら(281)/譲り受け(249)/委譲(224)/譲受(177)/譲(171)/謙譲(165)/譲与(132)/譲れ(103)/譲受け(98)/譲位(82)/割譲(71)/譲二(62)/譲り渡し(42)
1142	誤	8045	41.1882	93.491	誤解(1971)/誤り(1329)/誤っ(1060)/錯誤(712)/誤差(485)/誤(331)/誤認(254)/過誤(172)/誤算(137)/誤謬(137)/誤る(121)/誤魔化し(106)/誤報(94)/誤字(93)/誤嚥(89)/誤ら(79)/誤用(76)/誤訳(65)/誤診(56)/誤記(45)
1143	控	8029	41.1063	93.505	控除(3847)/控え(1743)/控訴(696)/控えめ(557)/控える(354)/控え目(169)/差し控え(157)/控え室(111)/控室(106)/控(76)/手控え(50)/買い控え(27)/差し控える(23)/控えよう(21)/控帳(10)/控股(9)/手控(8)/手控える(7)/控へ(7)/さし控え(5)
1144	浴	8022	41.0705	93.518	浴び(1800)/入浴(1449)/浴(1130)/浴室(637)/浴槽(526)/浴びる(496)/浴衣(475)/浴びせ(374)/浴場(256)/混浴(97)/沐浴(89)/浴衣姿(72)/水浴び(69)/浴びせる(67)/水浴(65)/浴し(55)/浴びせかけ(55)/温浴(35)/湯浴み(28)/浴用(22)
1145	炎	7991	40.9118	93.532	炎(3687)/炎症(794)/肺炎(718)/肝炎(668)/火炎(301)/炎上(216)/炎天(176)/鼻炎(167)/胃炎(150)/腎炎(132)/消炎(123)/腸炎(114)/脳炎(109)/防炎(99)/陽炎(73)/膵炎(61)/起炎(44)/膣炎(36)/巫炎(30)/筋炎(28)
1146	宝	7981	40.8606	93.545	宝石(1031)/宝(888)/宝物(587)/宝塚(499)/重宝(452)/宝くじ(416)/国宝(323)/宝庫(262)/東宝(219)/大宝(168)/財宝(162)/宝暦(120)/宝永(115)/三宝(106)/延宝(97)/宝島(96)/秘宝(96)/七宝(91)/家宝(86)/宝蔵(85)
1147	副	7965	40.7786	93.559	副(5768)/副詞(328)/副腎(263)/副葬(199)/副業(194)/副官(184)/副長(142)/副次(101)/副題(97)/副菜(81)/副島(62)/副食(56)/副賞(44)/副将(43)/側副(39)/正副(39)/副本(37)/江副(30)/副使(26)/副流(26)
1148	即	7930	40.5995	93.572	即(1101)/即し(935)/即座(912)/即ち(893)/即位(657)/即時(519)/即決(402)/即応(342)/即興(266)/即刻(233)/即日(202)/即効(201)/即死(191)/即席(177)/即答(163)/即売(157)/即物(68)/即断(63)/即発(52)/即チ(48)
1149	穴	7877	40.3281	93.585	穴(4714)/毛穴(387)/落とし穴(259)/洞穴(208)/竪穴(179)/穴場(139)/横穴(112)/穴埋め(101)/墓穴(92)/鍵穴(90)/穴あけ(81)/抜け穴(78)/穴馬(77)/大穴(75)/巣穴(57)/穴子(57)/穴山(54)/風穴(52)/穴蔵(45)/節穴(40)
1150	趣	7860	40.2411	93.599	趣味(3469)/趣旨(3050)/趣(475)/趣向(394)/趣き(131)/趣意(87)/野趣(44)/情趣(39)/意趣(37)/理趣(28)/興趣(27)/悪趣(14)/千趣(8)/旨趣(8)/趣く(8)/同趣(7)/雅趣(5)/風趣(4)/別趣(3)/天趣(3)
1151	玄	7858	40.2308	93.612	玄関(4291)/信玄(701)/玄米(513)/玄武(181)/玄奘(145)/玄(143)/玄哉(129)/玄角(108)/玄人(99)/玄白(87)/玄宗(82)/玄昉(75)/幽玄(67)/玄徳(65)/玄機(57)/玄海(57)/玄界(57)/玄蕃(52)/道玄坂(44)/玄室(43)
1152	湾	7847	40.1745	93.625	台湾(2808)/湾(2647)/港湾(1198)/湾岸(702)/湾曲(130)/湾内(104)/内湾(69)/宜野湾(57)/湾口(56)/湾奥(17)/湾流(12)/湾外(8)/海湾(7)/湾頭(7)/側湾(6)/峡湾(5)/湾入(4)/大湾(3)/湾仔(3)/外湾(1)
1153	如	7842	40.1489	93.638	如く(1196)/如何(1155)/如来(752)/突如(621)/欠如(593)/如き(592)/如(397)/蓮如(343)/如実(256)/如何に(218)/如し(215)/如意(209)/如何なる(183)/如水(115)/如電(78)/如月(66)/真如(56)/如才(55)/躍如(50)/一如(45)
1154	飾	7798	39.9237	93.651	飾り(1290)/装飾(1214)/飾っ(1092)/飾る(795)/飾ら(756)/修飾(325)/葛飾(195)/飾りつけ(131)/着飾っ(122)/服飾(113)/飾(108)/首飾り(95)/粉飾(92)/飾り付け(87)/宝飾(75)/虚飾(68)/電飾(62)/髪飾り(61)/飾り物(56)/飾り棚(53)
1155	騒	7796	39.9134	93.665	騒ぎ(1472)/騒音(1468)/騒動(920)/大騒ぎ(681)/騒い(548)/騒が(454)/騒ぐ(330)/騒然(231)/物騒(177)/喧騒(166)/騒乱(137)/騒がしい(118)/騒々しい(114)/騒がしく(94)/騒擾(89)/胸騒ぎ(87)/お祭り騒ぎ(64)/騒々しく(61)/潮騒(58)/騒ぎ立て(53)
1156	猫	7793	39.8980	93.678	猫(5356)/子猫(409)/黒猫(176)/野良猫(147)/犬猫(131)/猫背(118)/山猫(99)/飼い猫(91)/仔猫(79)/かま猫(61)/猫好き(59)/猫語(52)/猫田(45)/猫単(40)/愛猫(39)/捨て猫(38)/招き猫(37)/白猫(34)/猫なで(31)/猫又(27)
1157	躍	7761	39.7342	93.691	活躍(4777)/飛躍(1063)/一躍(232)/躍進(230)/躍動(216)/跳躍(193)/躍起(145)/躍る(124)/躍ら(116)/躍っ(103)/躍り出(89)/暗躍(80)/躍り(59)/躍如(50)/小躍り(49)/勇躍(43)/躍り出る(25)/躍り上がっ(15)/雀躍(15)/躍(11)
1158	瀬	7751	39.6830	93.704	瀬戸(1198)/広瀬(374)/瀬谷(336)/清瀬(306)/高瀬(270)/瀬(264)/長瀬(223)/成瀬(206)/赤瀬川(202)/尾瀬(197)/七瀬(153)/浅瀬(151)/早瀬(132)/綾瀬(128)/岩瀬(122)/瀬里(121)/瀬川(114)/村瀬(113)/瀬戸際(107)/瀬田(107)
1159	帳	7750	39.6779	93.717	手帳(2246)/帳(1957)/帳簿(916)/通帳(603)/台帳(578)/記帳(266)/几帳面(201)/蚊帳(184)/帳場(118)/几帳(95)/帳消し(77)/帳面(65)/開帳(56)/帳票(48)/帳尻(46)/元帳(42)/宿帳(30)/改帳(26)/帳合(20)/緞帳(18)
1160	署	7741	39.6318	93.730	署(4066)/署名(1809)/部署(837)/署長(385)/官公署(94)/連署(89)/同署(83)/分署(74)/官署(58)/署員(57)/本署(41)/自署(27)/署内(26)/公署(24)/各署(10)/支署(10)/署し(10)/副署(7)/署所(6)/来署(5)
1161	慢	7736	39.6062	93.743	我慢(3345)/自慢(2010)/慢性(1311)/傲慢(424)/怠慢(201)/緩慢(149)/高慢(106)/慢心(76)/慢(49)/高慢ちき(23)/驕慢(21)/ごう慢(7)/暴慢(4)/慢太郎(3)/倣慢(1)/冗慢(1)/剛慢(1)/強慢(1)/慢ずる(1)/慢延(1)
1162	添	7727	39.5602	93.756	添え(1793)/添付(1379)/添加(969)/添える(449)/添乗(226)/付き添い(215)/付き添っ(198)/寄り添っ(168)/寄り添う(126)/添削(105)/巻き添え(101)/付添い(91)/付添(88)/添っ(83)/書き添え(81)/寄り添い(74)/力添え(70)/連れ添っ(69)/添い寝(67)/添う(67)
1163	浦	7719	39.5192	93.769	三浦(1079)/浦和(915)/浦(692)/松浦(545)/土浦(369)/杉浦(368)/浦安(191)/浦島(184)/美浦(145)/浦上(131)/大浦(128)/浦野(107)/北浦(103)/霞ヶ浦(100)/袖ケ浦(98)/浦山(97)/芝浦(96)/浦々(76)/浦賀(76)/勝浦(68)
1164	晩	7706	39.4526	93.782	晩(3156)/晩年(784)/毎晩(668)/今晩(451)/昨晩(379)/晩餐(268)/晩御飯(220)/晩秋(207)/朝晩(196)/今晩は(181)/晩ご飯(157)/晩酌(127)/早晩(104)/晩飯(98)/晩婚(85)/晩ごはん(83)/承晩(60)/晩春(59)/晩期(47)/晩夏(45)
1165	矢	7690	39.3707	93.795	矢(1240)/矢印(593)/矢野(402)/無理矢理(361)/矢先(325)/矢掛(299)/矢口(289)/矢島(253)/矢部(244)/矢沢(236)/矢田(191)/弓矢(168)/亜矢(144)/矢代(137)/矢作(104)/矢田部(96)/矢吹(95)/矢張り(93)/矢継ぎ(91)/矢原(88)
1166	辛	7670	39.2683	93.808	辛い(2380)/辛(769)/辛く(584)/辛抱(572)/唐辛子(561)/辛かっ(339)/辛うじて(246)/辛口(241)/香辛(219)/辛辣(170)/塩辛(168)/辛味(166)/辛子(121)/ピリ辛(115)/甘辛(94)/辛み(92)/辛苦(92)/激辛(81)/辛酸(58)/辛亥(56)
1167	縄	7667	39.2530	93.821	沖縄(5367)/縄文(703)/縄(631)/縄張り(198)/縄跳び(75)/火縄(74)/しめ縄(51)/荒縄(51)/玉縄(43)/注連縄(35)/縄梯子(29)/捕縄(27)/麻縄(24)/縄手(23)/縄張(20)/縄ばしご(18)/縄紋(18)/縄田(17)/黒縄(14)/延縄(13)
1168	捜	7647	39.1506	93.834	捜査(4919)/捜索(1019)/捜し(854)/捜す(216)/特捜(159)/捜し出し(51)/捜せ(41)/捜さ(40)/捜し出す(39)/捜し求め(35)/捜そう(28)/捜一(26)/捜(25)/捜し回っ(18)/家捜し(17)/捜し当て(15)/あら捜し(11)/捜しまわっ(11)/捜神(11)/博捜(9)
1169	奏	7625	39.0379	93.847	演奏(4087)/伴奏(335)/奏者(334)/奏(310)/吹奏(298)/協奏(283)/奏し(260)/奏でる(191)/奏で(177)/合奏(151)/奏上(129)/前奏(126)/変奏(105)/上奏(77)/独奏(77)/奏法(55)/間奏(55)/奏功(53)/内奏(48)/奏請(42)
1170	尋	7616	38.9919	93.860	尋ね(4752)/尋ねる(910)/尋問(785)/尋常(521)/千尋(187)/尋(92)/八尋(73)/尋ねよう(32)/尋い(30)/審尋(28)/尋ね人(24)/尋ねれ(18)/東尋坊(18)/尋ね者(15)/尋ね返し(10)/尋く(9)/信尋(7)/尋き(7)/尋ぬる(7)/尋ね歩い(7)
1171	臓	7608	38.9509	93.873	心臓(3245)/肝臓(1180)/内臓(1035)/臓器(1000)/腎臓(638)/膵臓(160)/すい臓(64)/脾臓(59)/臓(57)/五臓(54)/臓物(41)/臓腑(34)/肺臓(17)/三臓(8)/臓性(8)/じん臓(6)/太臓(1)/臓寒(1)
1172	毒	7591	38.8639	93.885	中毒(1315)/毒(1311)/気の毒(1066)/消毒(860)/毒性(487)/毒素(389)/毒物(237)/有毒(212)/梅毒(162)/毒殺(139)/解毒(132)/毒薬(107)/猛毒(90)/毒舌(80)/鉱毒(79)/毒づい(58)/毒気(58)/毒々しい(48)/水毒(43)/毒蛇(42)
1173	揮	7581	38.8127	93.898	発揮(3929)/指揮(3229)/揮発(285)/揮毫(61)/揮(23)/揮っ(16)/揮う(9)/揮い(7)/揮わ(5)/日揮(3)/揮える(2)/揮ひ(2)/發揮(2)/揮え(1)/揮ごう(1)/揮ひ出で(1)/揮へ(1)/揮ツ(1)/揮下(1)/揮灑(1)
1174	預	7564	38.7256	93.911	預金(2849)/預け(1363)/預かっ(579)/預言(557)/預かり(551)/預託(277)/預貯金(277)/預ける(268)/預かる(243)/預り(56)/預っ(55)/預(51)/預り金(51)/預け入れ(41)/預入(27)/預払(25)/預かり金(24)/現預金(19)/預け先(17)/預から(16)
1175	杯	7557	38.6898	93.924	杯(4096)/一杯(2468)/乾杯(530)/満杯(118)/聖杯(62)/金杯(62)/祝杯(53)/酒杯(33)/苦杯(20)/デ杯(16)/大杯(16)/賜杯(12)/銀杯(10)/紫杯(9)/玉杯(8)/返杯(8)/毒杯(7)/杯行(3)/眼杯(3)/蓋杯(3)
1176	炭	7525	38.5260	93.936	炭素(1816)/石炭(1348)/炭(982)/炭酸(676)/炭化(381)/炭鉱(371)/炭水(314)/炭火(216)/木炭(209)/炭焼き(112)/泥炭(88)/薪炭(88)/炭坑(86)/産炭(83)/浸炭(65)/炭疽(64)/炭じん(41)/竹炭(37)/炭礦(35)/炭住(32)
1177	却	7513	38.4645	93.949	売却(1808)/償却(1407)/冷却(785)/焼却(684)/返却(441)/却下(431)/脱却(418)/退却(280)/棄却(257)/却って(249)/消却(225)/忘却(201)/除却(74)/却(63)/阻却(63)/破却(30)/却つて(22)/滅却(22)/没却(14)/閑却(12)
1178	肌	7490	38.3468	93.962	肌(5171)/素肌(190)/鳥肌(181)/美肌(170)/肌着(151)/肌寒い(141)/肌色(131)/肌荒れ(119)/山肌(111)/地肌(104)/肌身(101)/岩肌(99)/肌触り(91)/人肌(68)/肌質(51)/柔肌(49)/肌寒く(43)/肌ざわり(36)/肌合い(34)/木肌(29)
1179	透	7480	38.2956	93.974	透明(2828)/浸透(1594)/透析(722)/透過(290)/透け(246)/透視(169)/透かし(144)/透き通っ(134)/透(133)/透子(129)/透ける(84)/透き通る(79)/透水(76)/見透かさ(53)/透谷(50)/見透かし(45)/透徹(44)/見え透い(36)/見透し(34)/透きとおっ(33)
1180	駐	7445	38.1164	93.987	駐車(4660)/駐在(696)/駐留(357)/駐屯(297)/常駐(277)/進駐(236)/駐輪(222)/駐日(172)/駐(90)/駐め(82)/駐米(55)/駐機(36)/路駐(33)/駐禁(28)/駐まっ(24)/駐停車(20)/移駐(19)/駐英(19)/駐独(14)/駐ソ(13)
1181	敬	7386	37.8143	93.999	尊敬(1776)/敬意(754)/敬語(602)/敬称(403)/敬遠(382)/敬(266)/敬老(250)/敬礼(248)/敬虔(239)/忠敬(221)/敬愛(213)/畏敬(161)/敬子(107)/敬具(103)/敬三(97)/不敬(86)/敬い(86)/敬う(79)/敬服(79)/失敬(76)
1182	忠	7375	37.7580	94.012	忠実(1079)/忠告(639)/忠誠(549)/忠(263)/秀忠(244)/忠敬(221)/忠臣(221)/忠治(213)/忠義(186)/信忠(150)/忠夫(146)/忠太(117)/忠興(111)/忠雄(101)/忠勝(97)/忠次(87)/忠節(77)/伊藤忠(75)/忠平(67)/忠助(66)
1183	漢	7366	37.7119	94.024	漢字(2670)/漢(1053)/漢方(720)/漢文(347)/後漢(223)/痴漢(206)/漢語(198)/漢詩(169)/和漢(128)/漢学(120)/漢人(106)/羅漢(102)/漢訳(93)/巨漢(87)/前漢(74)/漢族(73)/漢代(64)/漢書(60)/暴漢(58)/武漢(54)
1184	駄	7349	37.6249	94.037	無駄(2762)/駄目(2669)/下駄(610)/駄(226)/無駄遣い(147)/無駄使い(68)/駄々(68)/千駄ヶ谷(63)/駄作(56)/雪駄(55)/駄賃(55)/地団駄(50)/無駄口(41)/駄洒落(41)/無駄話(38)/荷駄(36)/無駄足(35)/韋駄(35)/千駄木(31)/駄々っ子(29)
1185	票	7341	37.5839	94.049	投票(3263)/票(2882)/伝票(455)/得票(187)/開票(97)/証票(49)/帳票(48)/原票(38)/投開票(36)/持ち票(28)/軍票(27)/書票(25)/附票(23)/集票(23)/票数(21)/小票(20)/票田(17)/単票(13)/票決(11)/個票(9)
1186	魅	7330	37.5276	94.061	魅力(5954)/魅了(452)/魅せ(303)/魅惑(280)/魅か(112)/魅せる(40)/魑魅(39)/魅入られ(32)/魅(22)/魅きつけ(13)/魅きつける(12)/魅魎(8)/魅女(7)/魅音(7)/由魅(5)/魅する(5)/魅入っ(4)/魅入られる(4)/魅縛(4)/妖魅(3)
1187	械	7325	37.5020	94.074	機械(7136)/器械(182)/械具(2)/械(1)/械式(1)/械心(1)/械闘(1)/用械(1)
1188	陣	7290	37.3228	94.086	陣(2360)/陣営(553)/本陣(493)/出陣(461)/陣痛(402)/陣地(322)/布陣(233)/退陣(196)/陣内(158)/陣取っ(140)/先陣(139)/敵陣(139)/陣屋(103)/西陣(92)/陣形(91)/陣中(89)/陣容(83)/陣頭(78)/殺陣(64)/内陣(63)
1189	呂	7264	37.1897	94.098	風呂(3916)/風呂場(365)/風呂敷(293)/麻呂(281)/呂(258)/呂布(167)/語呂(126)/風呂上り(120)/仲麻呂(101)/風呂上がり(75)/田村麻呂(70)/保呂草(62)/風呂屋(59)/内風呂(52)/野呂(51)/岩風呂(49)/古麻呂(46)/下呂(40)/朝風呂(39)/高麻呂(39)
1190	叫	7249	37.1129	94.111	叫ん(2974)/叫び(1550)/叫ぶ(960)/叫び声(540)/絶叫(395)/叫ば(285)/泣き叫ぶ(77)/泣き叫ん(74)/叫喚(66)/雄叫び(64)/泣き叫び(47)/叫ぼう(34)/叫(31)/叫べ(26)/叫び返し(20)/猿叫(11)/叫声(10)/叫び立て(7)/叫けぶ(5)/叫びあげ(5)
1191	宙	7243	37.0822	94.123	宇宙(6087)/宙(864)/宙太(53)/宙返り(43)/宙吊り(40)/王宙(37)/宙ぶらりん(29)/宙づり(19)/航宙(15)/宙攻(14)/宙空(13)/天宙(9)/宙尉(4)/孔宙碑(3)/宙がえり(3)/宙外(3)/宙造(3)/宙乗り(1)/宙靖(1)/赫宙(1)
1192	刊	7241	37.0720	94.135	刊行(1542)/週刊(1272)/刊(1069)/創刊(669)/朝刊(430)/夕刊(424)/月刊(403)/新刊(278)/発刊(205)/日刊(186)/公刊(141)/増刊(109)/廃刊(100)/季刊(82)/休刊(53)/刊本(45)/復刊(45)/既刊(36)/再刊(24)/年刊(23)
1193	侵	7223	36.9798	94.147	侵入(2319)/侵害(1741)/侵略(1474)/侵攻(605)/侵食(223)/侵さ(166)/侵犯(159)/不可侵(126)/侵襲(110)/侵す(106)/侵し(89)/侵(23)/侵蝕(23)/侵奪(14)/侵出(7)/侵そう(4)/侵寇(4)/侵っ(3)/侵掠(3)/侵華(3)
1194	襲	7217	36.9491	94.159	襲わ(1322)/襲っ(1005)/空襲(917)/襲撃(708)/襲う(373)/奇襲(337)/襲いかかっ(300)/踏襲(266)/襲い(219)/世襲(188)/襲来(176)/逆襲(159)/襲いかかる(148)/来襲(130)/襲名(119)/侵襲(110)/急襲(104)/夜襲(85)/熊襲(75)/強襲(59)
1195	沿	7215	36.9389	94.172	沿っ(2313)/沿い(1624)/沿岸(1441)/沿線(403)/沿う(292)/沿道(266)/沿革(193)/沿海(157)/海沿い(121)/道沿い(73)/沿(69)/川沿い(63)/沿わ(62)/山沿い(26)/沢沿い(21)/沿え(15)/壁沿い(14)/沿ひ(11)/谷沿い(10)/沿える(9)
1196	滑	7213	36.9286	94.184	円滑(2168)/滑走(688)/滑り(608)/滑稽(522)/滑らか(432)/滑っ(421)/滑る(343)/滑ら(264)/潤滑(183)/平滑(171)/滑車(86)/滑降(82)/滑り落ち(79)/滑り台(76)/滑り止め(74)/滑り込ん(68)/常滑(64)/滑り込ま(54)/滑り込む(50)/横滑り(47)
1197	乾	7153	36.6214	94.196	乾燥(3078)/乾い(1090)/乾杯(530)/乾(486)/乾き(277)/乾かし(224)/乾く(184)/乾かす(128)/乾物(95)/乾か(94)/乾季(52)/乾隆(48)/乾麺(44)/乾し(43)/乾癬(41)/乾坤(39)/乾式(36)/乾布(32)/乾性(32)/速乾(30)
1198	奴	7145	36.5805	94.208	奴(4600)/奴隷(1560)/匈奴(261)/農奴(122)/冷奴(111)/奴国(65)/奴婢(50)/狗奴(47)/彼奴(46)/貞奴(46)/此奴(33)/冷や奴(21)/其奴(18)/狸奴(13)/町奴(13)/奴輩(10)/何奴(9)/音奴(8)/卑奴母離(7)/小奴(7)
1199	沈	7139	36.5498	94.220	沈黙(1846)/沈ん(1063)/沈む(444)/沈め(416)/沈下(416)/沈没(314)/沈着(306)/沈み(297)/撃沈(202)/沈殿(164)/沈静(109)/沈(100)/沈める(94)/消沈(80)/不沈(78)/沈ま(78)/沈降(77)/沈滞(75)/沈み込ん(68)/浮き沈み(63)
1200	揚	7120	36.4525	94.232	揚げ(1098)/高揚(698)/引き揚げ(379)/揚げる(357)/油揚げ(278)/水揚げ(223)/揚(207)/唐揚げ(191)/抑揚(179)/揚げ物(172)/揚げ油(152)/掲揚(140)/厚揚げ(120)/帯揚げ(117)/引揚(117)/浮揚(117)/から揚げ(114)/鷹揚(111)/揚子(106)/揚々(102)
1201	才	7029	35.9866	94.244	才能(2068)/才(1887)/天才(1284)/漫才(378)/秀才(194)/才覚(136)/才蔵(70)/才気(65)/如才(55)/英才(55)/才人(45)/青二才(43)/弁才(40)/鬼才(40)/万才(39)/才女(38)/多才(37)/才媛(33)/文才(29)/三才(28)
1202	飼	7013	35.9047	94.256	飼っ(1255)/飼育(1133)/飼い主(954)/飼料(841)/飼い(544)/飼う(443)/飼養(347)/飼わ(184)/羊飼い(146)/飼い犬(136)/放し飼い(126)/飼い猫(91)/飼え(75)/鵜飼(67)/犬飼(60)/鳥飼(59)/飼(57)/飼える(37)/子飼い(36)/牛飼い(36)
1203	威	6991	35.7920	94.267	権威(1753)/脅威(1381)/威力(735)/威嚇(417)/威厳(375)/威勢(284)/威圧(252)/威信(191)/威(175)/威光(149)/威張っ(141)/猛威(134)/威風(94)/威儀(63)/威容(62)/威張る(61)/示威(61)/威張り(52)/神威(50)/国威(39)
1204	埋	6985	35.7613	94.279	埋め(1721)/埋葬(663)/埋める(540)/埋まっ(513)/埋もれ(440)/埋め立て(367)/埋蔵(338)/埋没(286)/埋立(282)/埋め込ま(149)/埋め込み(134)/埋め込ん(123)/埋め合わせ(102)/穴埋め(101)/埋設(100)/埋まる(84)/埋立て(84)/埋まり(82)/埋納(74)/埋めよう(66)
1205	塗	6967	35.6692	94.291	塗っ(1280)/塗装(1071)/塗り(756)/塗る(653)/塗料(433)/塗ら(369)/塗布(202)/塗れ(121)/塗りつぶし(114)/塗り替え(109)/黒塗り(104)/塗り薬(99)/塗(85)/塗り分け(66)/漆塗り(64)/塗膜(62)/上塗り(55)/朱塗り(55)/塗りつけ(47)/塗りたくっ(46)
1206	紅	6965	35.6589	94.303	紅葉(1497)/紅茶(1012)/紅(813)/紅白(418)/口紅(370)/紅色(239)/紅潮(209)/真紅(192)/丸紅(156)/紅い(136)/深紅(117)/紅梅(113)/紅蓮(82)/紅子(60)/紅玉(60)/紅斑(58)/紅花(55)/淡紅(54)/紅衛(54)/紅軍(54)
1207	邪	6965	35.6589	94.314	風邪(2319)/邪魔(2286)/無邪気(510)/邪悪(334)/邪馬台(295)/風邪薬(153)/邪(107)/邪気(89)/邪道(80)/邪険(52)/邪推(48)/邪教(44)/正邪(36)/邪念(32)/邪心(29)/邪神(27)/狗邪韓(26)/邪霊(26)/夏風邪(24)/おたふく風邪(22)
1208	溶	6942	35.5412	94.326	溶け(1062)/溶かし(589)/溶接(539)/溶液(489)/水溶(481)/溶岩(371)/溶解(359)/溶ける(280)/溶剤(228)/溶かす(203)/溶い(179)/溶け込ん(173)/溶き卵(142)/溶媒(130)/溶融(120)/水溶き(112)/溶出(100)/溶け込む(78)/溶け出し(77)/脂溶(66)
1209	妊	6931	35.4849	94.338	妊娠(4628)/妊婦(868)/避妊(590)/不妊(563)/妊産婦(136)/懐妊(91)/妊孕(9)/妊(8)/妊っ(8)/初妊(5)/妊性(3)/妊み(2)/妊よう(2)/妊り(2)/妊ん(2)/妊産(2)/娠妊(2)/貞妊(2)/外妊(1)/妊しん(1)
1210	籍	6929	35.4746	94.350	国籍(1788)/戸籍(1335)/書籍(934)/移籍(653)/在籍(561)/籍(559)/入籍(221)/本籍(205)/地籍(140)/除籍(54)/漢籍(53)/船籍(44)/典籍(43)/転籍(38)/軍籍(26)/就籍(23)/鬼籍(23)/僧籍(21)/学籍(18)/版籍(17)
1211	云	6923	35.4439	94.361	云う(1733)/云っ(1524)/云々(801)/云ふ(580)/云い(437)/云わ(426)/云(240)/云つ(215)/云え(206)/云フ(194)/云ひ(141)/云は(71)/云える(57)/云へ(53)/云く(42)/云云(26)/云おう(23)/云へる(11)/云い残し(9)/云えよう(9)
1212	菌	6906	35.3569	94.373	菌(2715)/細菌(1678)/殺菌(449)/抗菌(298)/球菌(192)/雑菌(173)/真菌(160)/滅菌(139)/菌糸(139)/菌類(104)/無菌(98)/除菌(68)/種菌(59)/菌床(53)/ばい菌(50)/桿菌(46)/菌種(38)/植菌(37)/菌体(37)/菌株(34)
1213	渉	6893	35.2903	94.384	交渉(5482)/干渉(1059)/渉(181)/渉外(81)/渉猟(18)/渉る(12)/徒渉(10)/渡渉(10)/跋渉(9)/渉っ(6)/渉り(6)/利渉(5)/接渉(3)/渉成(2)/関渉(2)/互渉(1)/勿干渉他人事(1)/押し渉っ(1)/渉」っ(1)/渉禽(1)
1214	浅	6889	35.2698	94.396	浅草(1075)/浅い(806)/浅見(724)/浅野(655)/浅く(441)/浅井(384)/浅間(347)/浅田(228)/浅(181)/浅瀬(151)/浅川(135)/湯浅(125)/浅黒い(117)/浅沼(101)/浅葱(98)/浅はか(80)/遠浅(64)/浅薄(59)/浅倉(57)/浅漬け(50)
1215	貿	6861	35.1265	94.408	貿易(6810)/外貿(21)/貿促(15)/内貿(7)/貿(2)/貿管(2)/工貿(1)/日貿(1)/産貿(1)/貿遷(1)
1216	脈	6854	35.0906	94.419	動脈(1931)/静脈(942)/山脈(774)/脈(673)/文脈(631)/人脈(452)/脈絡(213)/脈拍(180)/脈々(83)/鉱脈(63)/血脈(59)/水脈(58)/金脈(58)/脈動(56)/門脈(55)/経脈(54)/脈打っ(46)/乱脈(44)/葉脈(44)/命脈(41)
1217	脚	6847	35.0548	94.431	脚(2855)/脚本(984)/三脚(375)/立脚(226)/脚光(224)/両脚(205)/失脚(202)/飛脚(146)/橋脚(135)/脚部(122)/脚色(115)/行脚(105)/脚立(76)/右脚(75)/前脚(70)/脚気(67)/左脚(66)/脚注(61)/健脚(57)/片脚(48)
1218	徹	6820	34.9166	94.442	徹底(4603)/徹し(381)/徹(369)/徹夜(368)/貫徹(205)/徹する(165)/徹子(109)/一徹(102)/冷徹(102)/徹尾(49)/徹頭(49)/透徹(44)/徹夫(26)/徹甲(24)/徹也(20)/虎徹(20)/竜徹(17)/徹太郎(14)/徹平(14)/徹しよう(13)
1219	招	6807	34.8500	94.454	招待(1799)/招い(1039)/招く(835)/招き(719)/招か(581)/招集(467)/招聘(187)/手招き(174)/招き入れ(114)/招致(110)/招来(107)/招へい(99)/招提(73)/招請(62)/招き猫(37)/招(34)/招じ入れ(29)/招福(29)/招き入れる(25)/招ば(25)
1220	脂	6797	34.7988	94.465	脂肪(3334)/樹脂(728)/脂(633)/脂質(577)/油脂(323)/皮脂(220)/高脂(162)/脂身(124)/脱脂(123)/脂汗(93)/脂溶(66)/脂っこい(63)/脂ぎっ(37)/背脂(35)/脂性(35)/牛脂(31)/臙脂(26)/脂漏(19)/脂気(14)/脂っこく(13)
1221	序	6785	34.7374	94.477	秩序(2959)/順序(1152)/序列(396)/序(371)/序文(327)/序盤(268)/機序(226)/公序(213)/序章(188)/序曲(129)/序説(101)/序論(82)/序の口(42)/花序(41)/葉序(37)/整序(32)/自序(31)/序で(18)/序奏(18)/大序(16)
1222	狭	6755	34.5838	94.488	狭い(2965)/狭く(940)/狭(307)/若狭(303)/狭窄(260)/狭義(229)/狭心(219)/狭間(179)/狭め(138)/狭小(100)/狭山(96)/狭し(75)/偏狭(72)/手狭(69)/桶狭間(69)/狭隘(68)/狭かっ(61)/狭き(52)/狭まっ(52)/狭量(49)
1223	誕	6750	34.5582	94.500	誕生(6424)/生誕(212)/降誕(54)/誕(22)/仏誕(8)/聖誕(7)/スタ誕(5)/誕プレ(5)/誕辰(5)/妄誕(2)/荒誕(2)/任誕(1)/放誕(1)/爆誕(1)/誕じょう(1)
1224	抵	6741	34.5121	94.511	抵抗(4642)/抵当(928)/大抵(881)/抵触(265)/角抵(9)/抵(7)/根抵(5)/抵る(2)/抵り(1)/抵膠(1)
1225	涙	6719	34.3995	94.522	涙(5796)/涙ぐん(147)/涙目(106)/涙声(95)/涙腺(58)/涙堂(46)/感涙(45)/催涙(44)/涙ぐむ(43)/涙ぐましい(34)/涙ぐみ(34)/落涙(31)/悔し涙(29)/涙もろい(25)/涙もろく(24)/うれし涙(13)/嬉し涙(11)/涙まじり(10)/涙雨(10)/涙香(10)
1226	暖	6717	34.3892	94.534	温暖(1673)/暖かい(1101)/暖房(721)/暖かく(590)/暖か(451)/暖炉(375)/暖簾(240)/暖め(234)/冷暖房(170)/暖(135)/暖地(135)/暖める(87)/暖かかっ(81)/寒暖(80)/暖色(67)/暖まる(55)/暖冬(54)/暖かみ(52)/暖気(47)/暖まっ(44)
1227	懸	6712	34.3636	94.545	懸命(3457)/懸念(1813)/懸賞(329)/懸案(215)/懸け(163)/懸垂(64)/懸(58)/命懸け(55)/懸ける(44)/藤懸(42)/懸隔(41)/懸かっ(32)/懸濁(29)/懸かる(21)/懸崖(21)/懸け離れ(16)/懸る(14)/気懸り(14)/懸想(13)/神懸かり(13)
1228	怪	6693	34.2664	94.556	怪我(1401)/怪しい(892)/怪物(705)/妖怪(524)/怪獣(416)/奇怪(347)/怪訝(293)/怪し(266)/怪(246)/怪奇(183)/怪談(182)/怪しく(159)/物の怪(157)/怪人(150)/怪しま(136)/怪異(56)/怪鳥(55)/怪盗(54)/怪力(52)/怪しん(42)
1229	滞	6685	34.2254	94.567	滞在(2229)/停滞(1088)/渋滞(1024)/遅滞(684)/滞納(649)/延滞(245)/滞留(191)/滞り(132)/滞っ(119)/沈滞(75)/滞る(43)/滞空(34)/滞日(23)/積滞(22)/滞(21)/うっ滞(14)/滞陣(12)/結滞(12)/滞貨(10)/滞ら(7)
1230	嬉	6678	34.1895	94.579	嬉しい(3597)/嬉し(1065)/嬉しかっ(879)/嬉しく(864)/嬉々(98)/嬉(49)/嬉野(31)/（嬉´∀｀嬉）(16)/嬉しゅう(13)/嬉し泣き(11)/嬉し涙(11)/嬉子(7)/嬉嬉(6)/嬉遊(5)/嬉石(4)/嬉戯(3)/嬉しかつ(2)/嬉しかろう(2)/嬉しけれ(2)/嬉しー(2)
1231	還	6664	34.1179	94.590	返還(1586)/還元(1199)/償還(1048)/帰還(678)/還付(629)/還暦(216)/生還(171)/送還(152)/奪還(128)/還流(123)/奉還(108)/還る(96)/還っ(93)/往還(79)/還俗(41)/召還(39)/還り(38)/還ら(28)/還(23)/還住(17)
1232	妹	6654	34.0667	94.601	妹(3969)/姉妹(1671)/兄妹(344)/義妹(131)/従妹(91)/妹尾(85)/従姉妹(79)/弟妹(77)/十姉妹(32)/妹子(31)/妹婿(13)/従兄妹(13)/妹役(11)/妹分(10)/実妹(10)/妹弟(8)/妹娘(7)/妹背(7)/吾妹(6)/妹姫(6)
1233	輝	6651	34.0513	94.612	輝き(1365)/輝い(1302)/輝く(1147)/輝か(517)/輝かしい(251)/輝(178)/輝度(155)/光り輝く(123)/登輝(108)/義輝(88)/輝元(84)/由輝(82)/光輝(78)/輝け(70)/光り輝い(56)/輝子(56)/一輝(49)/長輝(37)/輝かし(33)/清輝(31)
1234	裕	6646	34.0257	94.624	余裕(3780)/裕福(462)/裕(384)/裕子(363)/富裕(347)/裕美(185)/裕二(89)/裕次郎(89)/裕一(85)/裕之(63)/裕司(55)/裕太(37)/裕仁(30)/裕香(30)/裕吉(27)/裕一郎(25)/裕史(23)/裕美子(20)/裕介(19)/裕治(19)
1235	揺	6640	33.9950	94.635	揺れ(1822)/動揺(1167)/揺れる(626)/揺らし(257)/揺られ(181)/揺すっ(179)/揺らぎ(149)/揺れ動く(136)/揺らい(118)/揺るがす(118)/揺さぶり(113)/揺さぶら(111)/揺さぶっ(109)/揺らぐ(102)/揺さぶる(100)/揺すり(98)/揺れ動い(94)/揺るが(87)/揺らす(81)/揺るぎない(75)
1236	仰	6581	33.6929	94.646	信仰(3252)/仰向け(488)/仰せ(479)/仰天(363)/仰い(287)/仰ぐ(266)/仰ぎ(174)/仰る(134)/大仰(109)/仰っ(86)/仰臥(75)/仰(71)/仰が(53)/仰ぎ見(53)/仰々しい(44)/仰角(37)/仰々しく(32)/仰ぎ見る(32)/仰せ付け(28)/仰げ(27)
1237	灯	6494	33.2475	94.657	灯(2049)/電灯(777)/点灯(509)/灯り(425)/提灯(354)/灯台(339)/灯油(302)/街灯(266)/灯火(247)/灯籠(146)/行灯(132)/灯し(108)/消灯(105)/灯っ(73)/灯明(69)/灯篭(54)/外灯(48)/灯さ(46)/灯る(42)/万灯(34)
1238	屈	6476	33.1554	94.668	理屈(1446)/退屈(1014)/屈辱(572)/屈折(491)/窮屈(396)/屈曲(222)/屈指(221)/屈託(212)/卑屈(200)/屈し(185)/屈服(163)/屈強(150)/不屈(120)/屈め(120)/屈する(70)/鬱屈(68)/前屈(67)/屈伸(66)/偏屈(64)/前屈み(58)
1239	寿	6467	33.1093	94.679	寿命(1497)/長寿(1024)/寿司(932)/寿(343)/恵比寿(287)/寿司屋(129)/千寿(94)/万寿(81)/福寿(73)/天寿(69)/寿子(66)/寿永(59)/寿々(58)/亀寿(54)/寿一(53)/米寿(53)/英寿(52)/ちらし寿司(49)/喜寿(49)/寛寿郎(46)
1240	衝	6428	32.9096	94.690	衝撃(2387)/衝突(1741)/衝動(1039)/折衝(304)/緩衝(231)/要衝(165)/衝い(97)/衝か(79)/風衝(68)/衝立(65)/衝(49)/衝く(48)/衝き(29)/肩衝(25)/衝き動かし(10)/衝き上げ(9)/衝き動かさ(9)/衝け(9)/衝こう(6)/衝きあげ(5)
1241	盗	6425	32.8943	94.700	強盗(1119)/盗ん(611)/窃盗(608)/盗ま(512)/盗難(465)/盗聴(352)/盗み(292)/盗賊(288)/盗む(256)/盗(214)/盗塁(153)/盗人(149)/盗品(129)/盗み見(103)/盗ら(99)/盗撮(80)/盗用(70)/野盗(69)/盗作(64)/盗み聞き(59)
1242	枝	6417	32.8533	94.711	枝(2701)/小枝(279)/枝豆(216)/枝葉(156)/楊枝(154)/三枝(127)/枝分かれ(124)/一枝(101)/藤枝(92)/分枝(85)/枝先(68)/久枝(66)/野枝(61)/日枝(60)/菊枝(59)/元枝(54)/時枝(53)/玉枝(50)/三枝子(48)/枝打ち(47)
1243	梅	6399	32.7612	94.722	梅(1407)/梅雨(764)/梅田(511)/梅干し(324)/青梅(216)/梅干(190)/梅毒(162)/梅雨明け(130)/梅原(129)/梅棹(123)/紅梅(113)/梅林(103)/梅津(88)/梅雨入り(75)/梅酒(73)/梅子(71)/梅根(70)/小梅(69)/梅崎(68)/雪梅(67)
1244	桜	6386	32.6946	94.733	桜(3297)/桜井(631)/桜田(214)/桜島(180)/桜花(130)/桜木町(91)/桜色(84)/桜子(81)/桜川(78)/夜桜(70)/桜木(67)/桜庭(65)/山桜(60)/桜町(60)/桜内(56)/桜丘(49)/八重桜(47)/桜ヶ丘(39)/葉桜(37)/桜餅(36)
1245	汗	6354	32.5308	94.744	汗(5058)/冷や汗(173)/発汗(166)/汗だく(122)/脂汗(93)/大汗(70)/冷汗(64)/汗かき(62)/汗水(54)/汗まみれ(53)/滝汗(49)/汗腺(47)/寝汗(30)/汗っかき(27)/汗臭い(21)/可汗(18)/制汗(15)/多汗(13)/汗疹(13)/汗みずく(12)
1246	咲	6326	32.3874	94.754	咲い(1637)/咲く(1238)/咲き(1164)/咲か(773)/咲(207)/美咲(141)/咲き乱れ(93)/咲き乱れる(74)/咲子(70)/花咲(63)/咲き誇る(57)/早咲き(56)/お咲(52)/柴咲(51)/咲け(46)/遅咲き(45)/返り咲い(36)/咲き誇っ(28)/咲き誇り(20)/花咲き(20)
1247	貧	6252	32.0085	94.765	貧乏(1459)/貧しい(1077)/貧困(1056)/貧血(509)/貧弱(306)/貧しく(247)/貧し(201)/貧富(189)/貧民(175)/貧(158)/貧しかっ(93)/貧相(91)/貧窮(91)/貧農(85)/救貧(76)/貧しき(63)/清貧(60)/貧者(54)/最貧(43)/極貧(41)
1248	刀	6229	31.8908	94.775	刀(2329)/太刀(485)/竹刀(239)/木刀(208)/大刀(189)/太刀打ち(149)/小刀(143)/刀剣(129)/短刀(120)/刀身(112)/単刀(108)/抜刀(105)/薙刀(102)/秋刀魚(97)/執刀(92)/一刀斎(91)/剃刀(88)/小太刀(73)/帯刀(73)/名刀(50)
1249	兆	6190	31.6911	94.786	兆(4852)/兆し(441)/兆候(369)/前兆(227)/予兆(141)/吉兆(57)/兆民(19)/兆銘(17)/瑞兆(13)/凶兆(12)/億兆(7)/兆す(7)/兆治(7)/兆域(5)/凡兆(4)/兆新(3)/京兆(2)/兆佳(2)/兆載(2)/兆さ(1)
1250	銃	6154	31.5068	94.796	銃(2172)/拳銃(934)/銃声(387)/銃弾(338)/銃撃(319)/銃口(314)/機銃(219)/小銃(202)/銃器(171)/銃殺(127)/銃士(110)/銃身(109)/猟銃(100)/けん銃(92)/銃砲(90)/銃剣(85)/短銃(44)/銃後(43)/銃刀(38)/銃座(38)
1251	封	6136	31.4147	94.807	封筒(1468)/封建(705)/開封(454)/封鎖(396)/封印(355)/同封(352)/封じ(317)/封(307)/封書(207)/封じ込め(173)/完封(131)/密封(125)/封入(102)/封じる(99)/一封(76)/冊封(64)/転封(56)/封切り(55)/口封じ(53)/封じ込める(53)
1252	獲	6126	31.3635	94.817	獲得(3631)/獲物(712)/捕獲(603)/漁獲(421)/獲っ(146)/獲れ(127)/獲る(89)/獲り(76)/獲れる(67)/乱獲(50)/獲(35)/多獲(33)/獲ら(28)/収獲(19)/混獲(15)/鹵獲(15)/一獲(12)/猟獲(9)/姑獲鳥(6)/獲ろう(5)
1253	糸	6109	31.2764	94.827	糸(2638)/毛糸(299)/糸口(227)/生糸(157)/菌糸(139)/製糸(81)/釣り糸(80)/糸井(79)/絹糸(79)/小糸(76)/抜糸(75)/糸状(75)/糸球(75)/錦糸(73)/綿糸(71)/たて糸(66)/金糸(65)/糸魚川(61)/道糸(61)/一糸(60)
1254	眺	6097	31.2150	94.837	眺め(4589)/眺める(909)/眺望(298)/眺めれ(39)/眺め回し(32)/眺めやっ(31)/眺めまわし(24)/眺めよう(18)/眺(14)/眺めやる(14)/眺めわたし(14)/眺め入っ(12)/眺め渡し(12)/眺めやり(9)/眺め回す(8)/打ち眺め(7)/眺むれ(4)/眺めよ(4)/眺め上げ(4)/眺め下ろし(4)
1255	網	6087	31.1638	94.848	網(3448)/網膜(449)/網羅(363)/網走(231)/金網(227)/網戸(148)/網目(118)/網野(87)/網代(72)/漁網(55)/一網(45)/網元(45)/網棚(44)/投網(38)/網点(35)/網状(35)/大網(33)/天網(33)/焼き網(32)/網様(28)
1256	湖	6083	31.1433	94.858	湖(3716)/湖沼(519)/湖畔(213)/湖面(150)/湖水(129)/湖南(115)/北の湖(98)/湖北(85)/湖底(84)/湖岸(78)/東湖(65)/田沢湖(63)/湖上(57)/洞爺湖(52)/湖処子(50)/十和田湖(46)/西湖(46)/露湖子(46)/山中湖(40)/湖西(39)
1257	勇	6071	31.0819	94.868	勇気(2604)/勇(814)/勇敢(378)/義勇(176)/武勇(167)/勇猛(150)/勇者(148)/勇壮(107)/勇ましい(105)/勇士(83)/勇人(76)/勇ん(62)/勇ましく(57)/喜び勇ん(57)/勇樹(56)/勇姿(52)/勇将(45)/勇退(44)/勇躍(43)/勇次(40)
1258	柔	6070	31.0768	94.878	柔軟(1501)/柔らかく(935)/柔らかい(918)/柔らか(812)/柔道(738)/柔術(183)/優柔(166)/柔和(163)/柔(142)/懐柔(88)/柔肌(49)/柔らかめ(38)/柔かく(36)/柔かい(30)/柔か(24)/柔い(23)/柔弱(20)/柔然(18)/柔らかかっ(15)/柔順(15)
1259	貯	6040	30.9232	94.889	貯金(1527)/貯蓄(1341)/貯蔵(841)/貯め(448)/貯水(328)/貯留(288)/預貯金(277)/郵貯(257)/貯める(134)/貯まっ(122)/貯え(115)/貯まる(80)/貯まり(50)/貯食(22)/貯える(19)/貯まら(18)/貯木(18)/貯め込ん(14)/貯(13)/貯めよう(11)
1260	僚	6027	30.8566	94.899	官僚(2367)/同僚(2034)/閣僚(1199)/幕僚(260)/僚(31)/僚子(31)/僚友(28)/僚機(17)/僚艦(15)/下僚(13)/僚属(8)/僚船(7)/吏僚(7)/民僚(5)/臣僚(3)/属僚(2)
1261	邦	6014	30.7901	94.909	連邦(2661)/邦人(365)/劉邦(258)/本邦(250)/邦(240)/邦訳(207)/異邦(176)/邦楽(170)/邦男(125)/東邦(119)/邦画(113)/邦子(109)/邦彦(104)/邦夫(82)/邦銀(77)/正邦(69)/邦題(69)/義邦(59)/領邦(55)/忠邦(53)
1262	掃	6007	30.7542	94.919	掃除(3530)/清掃(1490)/一掃(343)/掃討(105)/掃海(97)/掃い(82)/掃射(54)/掃き(43)/掃部(38)/掃く(34)/掃き出し(20)/掃き清め(17)/掃夫(17)/掃(11)/掃蕩(10)/掃き溜め(8)/掃か(7)/掃き寄せ(7)/掃き落し(6)/掃き集め(6)
1263	藩	5982	30.6262	94.929	藩(3473)/藩主(745)/藩政(151)/諸藩(146)/藩邸(140)/幕藩(117)/藩兵(93)/藩校(88)/脱藩(70)/廃藩(64)/旧藩(63)/各藩(56)/藩閥(55)/藩庁(53)/藩領(51)/藩士(43)/雄藩(41)/支藩(40)/小藩(27)/藩札(26)
1264	巡	5974	30.5853	94.939	巡回(798)/巡査(632)/巡礼(579)/巡り(459)/巡る(426)/巡っ(337)/巡視(261)/巡洋(198)/巡(181)/一巡(172)/巡航(130)/お巡り(129)/巡業(127)/巡ら(112)/逡巡(103)/張り巡らさ(81)/重巡(80)/巡らし(75)/駆け巡っ(62)/巡察(56)
1265	郡	5973	30.5801	94.949	郡(4538)/郡山(391)/郡司(151)/小郡(82)/郡部(68)/郡長(63)/蒲郡(51)/両郡(44)/郡代(43)/同郡(39)/郡上(35)/大和郡山(32)/郡衙(30)/国郡(27)/郡池(25)/上郡(22)/郡内(22)/水郡(21)/郡名(21)/郡制(20)
1266	墓	5951	30.4675	94.959	墓(2722)/墓地(991)/墓参り(291)/墓石(280)/墓場(208)/墓所(187)/陵墓(180)/墳墓(152)/墓穴(92)/墓標(89)/墓参(82)/墓碑(82)/墓前(55)/箸墓(53)/王墓(52)/八つ墓(41)/墓誌(38)/墓域(34)/墓守り(25)/墓苑(24)
1267	輩	5942	30.4214	94.969	先輩(3452)/後輩(949)/輩(391)/輩出(264)/吾輩(214)/年輩(198)/我輩(146)/同輩(75)/朋輩(54)/若輩(48)/我が輩(31)/徒輩(21)/わが輩(20)/輩下(19)/軽輩(11)/奴輩(10)/余輩(9)/予輩(8)/輩行(4)/傍輩(3)
1268	麗	5941	30.4163	94.979	綺麗(3360)/華麗(490)/高麗(327)/高句麗(249)/奇麗(201)/麗子(128)/壮麗(113)/秀麗(112)/流麗(65)/麗華(61)/麗(59)/淡麗(57)/麗音(55)/端麗(54)/美麗(52)/麗句(51)/麗香(47)/麗しい(43)/麗人(40)/麗し(36)
1269	奪	5939	30.4061	94.990	奪わ(1372)/奪っ(883)/奪う(612)/奪い(347)/略奪(298)/奪取(244)/争奪(213)/強奪(162)/収奪(161)/奪回(144)/奪還(128)/掠奪(125)/奪(120)/剥奪(110)/奪い取っ(110)/剝奪(93)/奪おう(75)/奪い合い(55)/簒奪(49)/奪え(44)
1270	釣	5913	30.2730	94.999	釣り(1773)/釣れ(312)/釣っ(283)/釣れる(190)/釣る(185)/釣(169)/釣り人(167)/釣部(152)/釣り場(139)/釣ら(132)/釣り合い(115)/釣果(107)/魚釣り(105)/釣り上げ(103)/釣針(92)/釣具(90)/釣り糸(80)/釣り堀(61)/投げ釣り(56)/釣り竿(47)
1271	旦	5883	30.1194	95.009	旦那(4356)/一旦(947)/元旦(318)/旦(133)/宗旦(67)/文旦(9)/月旦(8)/復旦(5)/沈旦(5)/旦夕(4)/旦暮(4)/李旦(4)/歳旦(4)/巴旦(3)/巴旦杏(3)/雪旦(3)/震旦(3)/旦入(1)/旦方(1)/旦日(1)
1272	雰	5864	30.0221	95.019	雰囲気(5855)/雰圍氣(5)/雰(2)/雰囲氣(1)/雰闘(1)
1273	吐	5852	29.9607	95.029	吐い(1034)/吐き(626)/吐く(610)/嘔吐(550)/吐き気(544)/吐き出し(401)/吐息(394)/吐き出す(247)/吐き捨てる(190)/吐か(165)/吐露(152)/吐き出さ(139)/吐き捨て(99)/吐きだし(90)/吐血(81)/吐け(37)/吐きだす(33)/反吐(28)/吐気(28)/吐蕃(27)
1274	尽	5849	29.9453	95.039	尽くし(1533)/尽き(670)/尽くす(516)/尽力(477)/不尽(420)/尽きる(401)/尽くさ(334)/尽し(220)/無尽(192)/立ち尽くし(151)/尽くせ(109)/尽(95)/尽す(81)/燃え尽き(71)/尽くそう(54)/打尽(43)/立ち尽くす(43)/尽く(37)/尽さ(36)/燃え尽きる(33)
1275	殊	5847	29.9351	95.049	特殊(5041)/殊に(346)/文殊(169)/殊勝(76)/殊更(74)/殊(72)/殊勲(35)/曼殊(12)/殊の外(8)/殊さら(3)/殊遇(3)/恩旨殊異(1)/晏殊(1)/殊別(1)/殊峯(1)/殊恩(1)/殊異(1)/殊類(1)/言笑殊暢(1)
1276	枠	5830	29.8480	95.059	枠(3100)/枠組み(1439)/枠組(257)/窓枠(161)/別枠(123)/型枠(120)/大枠(105)/木枠(92)/外枠(86)/枠外(42)/総枠(30)/枠内(28)/枠線(27)/枠順(24)/赤枠(24)/枠連(17)/黒枠(11)/枠材(10)/さし枠(9)/口枠(9)
1277	盟	5813	29.7610	95.069	同盟(2245)/加盟(1889)/連盟(1291)/盟友(120)/盟主(100)/盟約(72)/盟(23)/越盟(22)/血盟(10)/会盟(9)/聯盟(8)/結盟(6)/脱盟(6)/盟邦(4)/義盟(4)/盟誓(2)/明〔盟〕約(1)/盟休(1)
1278	稲	5766	29.5204	95.078	早稲田(761)/稲(642)/稲葉(508)/稲作(483)/稲荷(404)/稲妻(310)/手稲(300)/稲田(231)/稲原(225)/稲垣(177)/水稲(168)/稲刈り(134)/稲穂(107)/稲川(96)/稲毛(77)/稲本(69)/稲光(53)/稲村(52)/稲尾(46)/稲嶺(43)
1279	汁	5765	29.5152	95.088	汁(2659)/煮汁(371)/だし汁(369)/果汁(333)/出汁(189)/胆汁(137)/汁気(103)/肉汁(101)/汁物(92)/豚汁(89)/絞り汁(85)/青汁(71)/ゆで汁(69)/漬け汁(55)/すまし汁(52)/つけ汁(50)/汁粉(48)/出し汁(47)/墨汁(47)/缶汁(44)
1280	姫	5753	29.4538	95.098	姫(2427)/姫路(535)/篤姫(238)/千姫(111)/乙姫(86)/歌姫(69)/黒姫(62)/舞姫(58)/照手姫(57)/椿姫(51)/天姫(49)/六姫(48)/姫惺(47)/かぐや姫(46)/甲斐姫(46)/織姫(44)/花百姫(44)/魔姫(43)/美姫(40)/友姫(38)
1281	臭	5745	29.4128	95.107	臭い(2168)/臭(551)/悪臭(491)/臭く(293)/臭気(192)/体臭(180)/口臭(173)/異臭(161)/消臭(137)/臭み(123)/無臭(86)/生臭い(80)/脱臭(74)/臭う(64)/腐臭(47)/生臭(44)/臭かっ(42)/死臭(40)/臭素(40)/臭わ(39)
1282	阿	5734	29.3565	95.117	阿部(885)/阿弥陀(683)/阿波(286)/阿川(249)/阿蘇(237)/阿(212)/阿呆(184)/阿修羅(152)/阿南(147)/南無阿弥陀仏(143)/阿片(108)/世阿弥(81)/阿武隈(79)/阿久津(76)/阿倍(76)/阿弥(71)/阿寒(62)/阿弖流為(59)/阿国(58)/阿鼻(56)
1283	柱	5723	29.3002	95.127	柱(3331)/支柱(354)/電柱(317)/円柱(249)/脊柱(136)/石柱(104)/貝柱(68)/角柱(60)/門柱(55)/柱状(54)/霜柱(48)/水柱(44)/火柱(44)/氷柱(43)/列柱(39)/柱材(39)/柱谷(37)/柱穴(36)/真柱(35)/帆柱(31)
1284	鬼	5712	29.2439	95.136	鬼(2581)/餓鬼(209)/鬼神(139)/暗鬼(125)/鬼太郎(107)/鬼門(107)/鬼怒(94)/童鬼(89)/鬼子(86)/鬼畜(80)/鬼十(76)/九鬼(66)/鬼ごっこ(63)/鬼頭(59)/悪鬼(58)/鬼子母(57)/小鬼(56)/鬼気(52)/鬼王(45)/幽鬼(44)
1285	熟	5686	29.1108	95.146	成熟(1277)/未熟(661)/熟練(506)/熟成(373)/熟知(302)/熟し(288)/習熟(236)/熟睡(216)/熟語(191)/熟れ(149)/半熟(134)/完熟(132)/熟年(125)/早熟(111)/熟慮(105)/熟読(101)/熟達(85)/熟(80)/熟女(75)/円熟(67)
1286	哲	5677	29.0647	95.156	哲学(3888)/哲(333)/哲也(261)/変哲(127)/哲郎(114)/哲夫(82)/哲士(74)/哲雄(71)/愚哲(64)/哲之(63)/哲哉(62)/哲朗(53)/哲人(45)/哲司(35)/哲治(32)/英哲(26)/哲男(21)/哲理(20)/哲二(19)/哲三(18)
1287	狂	5677	29.0647	95.165	狂っ(871)/熱狂(535)/狂言(493)/狂気(464)/狂い(358)/狂(284)/狂犬(222)/狂乱(190)/狂う(171)/狂わ(164)/狂人(162)/狂信(142)/発狂(130)/狂牛(102)/怒り狂っ(89)/狂暴(77)/荒れ狂う(76)/狂喜(72)/物狂い(70)/狂歌(65)
1288	踊	5676	29.0596	95.175	踊り(1957)/踊っ(820)/踊る(733)/舞踊(558)/盆踊り(239)/踊り場(217)/踊り子(187)/踊ら(109)/踊(98)/踊り手(86)/踊らさ(80)/踊れる(78)/踊れ(70)/民踊(38)/踊ろう(38)/踊子(25)/踊り狂っ(17)/歌い踊り(14)/歌舞伎踊り(14)/手踊り(13)
1289	恥	5671	29.0340	95.184	恥ずかしい(1537)/恥(954)/恥ずかし(637)/恥ずかしく(616)/羞恥(277)/恥じ(235)/恥ずかしかっ(165)/恥辱(123)/恥じる(112)/恥ず(108)/恥じらい(97)/恥かしい(77)/破廉恥(59)/恥骨(58)/気恥ずかしい(42)/恥部(40)/恥かし(39)/恥かしく(33)/無恥(33)/気恥ずかし(28)
1290	秒	5670	29.0289	95.194	秒(4875)/秒間(406)/毎秒(150)/秒速(62)/秒読み(45)/秒数(41)/秒針(33)/秒殺(18)/分秒(7)/秒時(6)/うるう秒(5)/秒刻み(5)/ｍ／秒(5)/メートル毎秒(4)/秒きざみ(3)/秒毫(2)/寸秒(1)/秒札(1)/ｃｍ／秒(1)
1291	孫	5662	28.9879	95.203	孫(2486)/子孫(1076)/孫子(203)/公孫(171)/孫文(166)/孫娘(136)/孫権(98)/孫策(75)/曾孫(71)/天孫(69)/我孫子(65)/孫堅(61)/孫武(53)/ひ孫(46)/初孫(39)/孟孫(39)/孫七郎(36)/孫六(36)/孫之丞(33)/孫宝(32)
1292	繁	5651	28.9316	95.213	頻繁(1550)/繁栄(1156)/繁殖(949)/繁華(386)/繁盛(312)/繁(151)/繁昌(121)/繁茂(114)/繁忙(93)/繁っ(66)/繁く(65)/繁み(63)/繁雄(63)/森繁(42)/繁蔵(38)/繁る(33)/繁雑(32)/信繁(30)/農繁(29)/繁り(24)
1293	伏	5637	28.8599	95.222	伏せ(841)/降伏(726)/伏見(537)/山伏(339)/起伏(294)/潜伏(284)/待ち伏せ(265)/井伏(154)/伏線(135)/うつ伏せ(109)/伏せる(106)/平伏し(100)/伏(98)/伏し(97)/伏兵(79)/室伏(70)/突っ伏し(70)/伏流(60)/屈伏(58)/ひれ伏し(56)
1294	勘	5636	28.8548	95.232	勘定(1323)/勘違い(1257)/勘案(812)/勘(697)/勘弁(432)/割り勘(134)/勘兵衛(129)/勘助(79)/勘当(78)/勘三郎(75)/勘九郎(70)/勘六(37)/勘ぐり(32)/勘ちがい(30)/勘平(29)/勘気(26)/勘解由(22)/勘ぐっ(21)/勘十郎(21)/勘太郎(21)
1295	潜	5615	28.7473	95.241	潜在(1403)/潜水(951)/潜ん(442)/潜っ(315)/潜伏(284)/潜入(280)/潜む(212)/潜め(192)/対潜(163)/潜る(120)/潜り込ん(119)/潜(113)/潜航(101)/潜り(91)/潜血(74)/潜行(55)/素潜り(46)/沈潜(44)/原潜(43)/潜望(41)
1296	圏	5614	28.7422	95.251	圏(5197)/圏域(113)/圏外(81)/商圏(63)/圏央(52)/圏内(34)/市町村圏(24)/圏谷(15)/水圏(7)/圏点(5)/気圏(5)/円圏(4)/掣圏(4)/周圏(3)/大圏(2)/極圏(2)/圏治(1)/市圏(1)/羊圏(1)
1297	畑	5591	28.6244	95.260	畑(2971)/田畑(454)/花畑(172)/畑中(150)/畑仕事(115)/畑作(115)/畑地(111)/麦畑(106)/畑山(92)/中畑(81)/茶畑(81)/古畑(78)/焼畑(78)/焼き畑(63)/川畑(47)/高畑(45)/小畑(41)/桑畑(40)/畑村(37)/前畑(35)
1298	肝	5589	28.6142	95.270	肝(1470)/肝心(1194)/肝臓(1180)/肝炎(668)/肝要(313)/肝腎(129)/度肝(95)/肝っ玉(61)/肝がん(56)/砂肝(51)/休肝(47)/肝沢(31)/肝癌(30)/肝性(24)/肝煎(23)/肝胆(22)/肝試し(20)/肝付(19)/肝油(17)/肝いり(16)
1299	棒	5588	28.6090	95.279	棒(2454)/泥棒(887)/相棒(476)/棒状(182)/鉄棒(154)/綿棒(131)/棍棒(98)/肉棒(87)/棒立ち(82)/棒読み(59)/警棒(52)/片棒(51)/めん棒(49)/横棒(46)/縦棒(46)/棒鋼(45)/金棒(45)/棒切れ(42)/丸棒(40)/心棒(30)
1300	履	5586	28.5988	95.289	履行(1517)/履歴(1404)/履い(731)/履き(278)/草履(264)/履く(254)/履修(221)/履か(168)/履物(162)/履き物(89)/上履き(88)/履け(55)/履(39)/履き心地(38)/履き替え(35)/履ける(35)/履帯(32)/履中(24)/履き違え(17)/履き替える(15)
1301	鑑	5586	28.5988	95.298	鑑定(1346)/鑑賞(1168)/印鑑(919)/鑑別(402)/図鑑(356)/鑑識(252)/鑑み(198)/鑑(194)/年鑑(174)/鑑真(85)/鑑札(67)/鑑三(65)/円鑑(47)/鑑みれ(37)/名鑑(34)/鑑みる(27)/大鑑(22)/軍鑑(22)/鑑評(20)/手鑑(19)
1302	肥	5584	28.5886	95.308	肥料(1426)/肥満(955)/肥大(431)/堆肥(311)/肥後(306)/肥前(201)/肥え(169)/肥育(141)/肥沃(140)/土肥(130)/施肥(118)/肥田(113)/肥っ(98)/肥(86)/肥厚(82)/たい肥(78)/肥やし(73)/追肥(52)/元肥(47)/飫肥(38)
1303	芝	5574	28.5374	95.317	芝居(1669)/芝(1657)/芝生(639)/東芝(377)/紙芝居(267)/芝浦(96)/大芝(86)/芝野(81)/初芝(64)/芝竜(57)/芝刈り(56)/芝山(48)/竹芝(38)/芝桜(32)/芝翫(27)/猿芝居(18)/芝原(18)/芝居好き(16)/芝川(16)/芝崎(15)
1304	拒	5571	28.5220	95.326	拒否(3219)/拒絶(1037)/拒ん(377)/拒む(316)/拒み(212)/拒食(164)/拒ま(139)/拒め(33)/拒もう(16)/拒める(12)/抗拒(11)/拒否ら(8)/拒約(8)/峻拒(5)/拒(3)/拒薬(3)/拒っ(2)/拒捍(2)/拒ばま(1)/拒ら(1)
1305	膜	5567	28.5015	95.336	膜(1566)/粘膜(818)/網膜(449)/内膜(288)/角膜(250)/鼓膜(240)/腹膜(236)/隔膜(128)/骨膜(118)/筋膜(109)/結膜(104)/硬膜(101)/髄膜(91)/薄膜(72)/くも膜(68)/卵膜(64)/成膜(64)/被膜(64)/塗膜(62)/クモ膜(57)
1306	坊	5556	28.4452	95.345	坊(1861)/赤ん坊(1252)/坊主(991)/坊や(235)/寝坊(230)/御坊(84)/甘えん坊(76)/坊っ(70)/食いしん坊(70)/本因坊(63)/条坊(56)/中坊(42)/暴れん坊(40)/池坊(37)/本坊(36)/宿坊(30)/僧坊(28)/伸坊(21)/見坊(21)/東尋坊(18)
1307	龍	5548	28.4043	95.354	龍(1108)/龍馬(637)/龍前(411)/龍之介(171)/朝青龍(170)/龍二(134)/龍太郎(121)/龍一(119)/天龍(98)/青龍(98)/龍神(97)/龍野(83)/九龍(74)/黒龍(73)/龍憲(68)/龍山(60)/龍之(59)/烏龍(52)/雲龍(52)/龍造寺(49)
1308	双	5547	28.3991	95.364	双方(2133)/双子(745)/双(653)/双眼(318)/双六(314)/無双(149)/双葉(144)/双生(138)/双極(110)/双葉山(100)/双眸(97)/双務(88)/双璧(49)/双頭(49)/双発(43)/双蛇(35)/武双山(30)/双日(29)/双肩(25)/双手(21)
1309	緩	5481	28.0612	95.373	緩和(2717)/緩やか(736)/緩め(311)/弛緩(274)/緩衝(231)/緩ん(199)/緩慢(149)/緩い(135)/緩み(135)/緩(116)/緩める(92)/緩急(84)/緩く(73)/緩む(55)/緩徐(41)/緩効(25)/緩ま(19)/緩めよう(14)/緩解(11)/緩速(9)
1310	彦	5480	28.0561	95.382	和彦(242)/正彦(212)/雅彦(206)/俊彦(182)/彦(179)/彦根(148)/克彦(125)/勝彦(119)/武彦(105)/行彦(104)/邦彦(104)/善彦(100)/夏彦(98)/光彦(95)/寅彦(90)/一彦(87)/竜彦(84)/文彦(82)/彦四郎(75)/猿田彦(69)
1311	暑	5474	28.0254	95.392	暑い(2030)/暑(1256)/暑く(621)/暑かっ(260)/猛暑(193)/残暑(148)/蒸し暑い(132)/避暑(115)/暑中(108)/暑気(60)/暑苦しい(59)/蒸し暑く(52)/酷暑(45)/耐暑(35)/蒸し暑(34)/炎暑(23)/暑熱(21)/大暑(20)/むし暑い(19)/寒暑(18)
1312	豪	5474	28.0254	95.401	豪華(1434)/豪雨(589)/豪族(437)/豪(367)/豪快(296)/富豪(241)/強豪(204)/豪雪(182)/豪州(145)/豪勢(132)/豪商(130)/豪邸(120)/豪語(119)/土豪(109)/豪奢(103)/豪傑(98)/文豪(81)/酒豪(61)/豪農(53)/剣豪(52)
1313	酔	5458	27.9435	95.410	麻酔(1185)/酔っ(869)/酔い(775)/酔っぱらっ(228)/酔う(223)/酔っ払っ(204)/酔っ払い(198)/陶酔(191)/酔っぱらい(169)/船酔い(139)/泥酔(124)/酔(99)/酔わ(89)/酔いしれ(88)/心酔(84)/ほろ酔い(65)/酔いつぶれ(54)/悪酔い(47)/酒酔い(45)/酔狂(40)
1314	縦	5456	27.9333	95.419	縦(1893)/操縦(1007)/縦横(394)/縦覧(338)/縦軸(214)/縦断(171)/縦書き(168)/縦割り(155)/縦長(148)/縦貫(112)/縦走(99)/縦線(53)/縦隊(50)/縦列(48)/縦棒(46)/縦糸(43)/放縦(40)/縦型(40)/縦縞(38)/縦画(30)
1315	狙	5442	27.8616	95.428	狙っ(1710)/狙い(1689)/狙う(900)/狙わ(414)/狙撃(162)/狙い目(119)/狙える(106)/狙え(101)/狙おう(41)/狙い撃ち(39)/ウケ狙い(17)/狙いすまし(15)/穴狙い(13)/狙い打ち(10)/受け狙い(8)/狙(8)/狙い球(8)/つけ狙う(7)/つけ狙っ(5)/つけ狙わ(5)
1316	掘	5432	27.8104	95.438	発掘(1346)/掘っ(569)/掘り(479)/採掘(453)/掘削(287)/掘る(248)/掘り出し(200)/掘り下げ(199)/掘り起こし(149)/掘ら(135)/掘(81)/掘り返し(73)/掘立(70)/試掘(55)/掘り出さ(51)/掘り上げ(47)/根掘り(47)/葉掘り(45)/掘れ(43)/盗掘(43)
1317	腐	5416	27.7285	95.447	豆腐(2392)/腐敗(699)/腐っ(525)/腐食(226)/陳腐(182)/腐り(175)/防腐(133)/腐ら(112)/腐る(110)/腐葉(106)/腐心(91)/根腐れ(64)/腐植(52)/腐(51)/腐臭(47)/腐朽(42)/持ち腐れ(41)/腐蝕(39)/腐れ(37)/腐乱(33)
1318	往	5412	27.7080	95.456	往復(2181)/往来(612)/往生(569)/往々(305)/往(203)/既往(187)/往時(182)/往年(161)/右往(153)/左往(152)/往診(146)/往路(83)/往還(79)/往き(64)/往き来(53)/往く(49)/往信(41)/往っ(36)/往古(28)/往事(13)
1319	貫	5405	27.6721	95.465	一貫(1943)/貫い(475)/貫く(370)/貫(367)/貫通(301)/貫か(234)/貫徹(205)/貫禄(166)/貫き(151)/縦貫(112)/貫一(72)/綿貫(67)/貫目(64)/貫入(58)/突貫(52)/貫之(46)/貫太郎(41)/貫こう(35)/貫流(34)/貫け(31)
1320	幾	5400	27.6465	95.474	幾(3123)/幾ら(873)/幾何(512)/幾分(322)/幾多(244)/幾太郎(43)/幾百(42)/幾多郎(36)/幾島(36)/幾ばく(27)/幾十(20)/幾代(17)/幾三(10)/幾世(10)/幾千(10)/幾許(10)/都幾川(10)/幾乃(6)/幾筋(5)/惟幾(5)
1321	罰	5392	27.6056	95.483	罰金(1163)/罰(879)/処罰(873)/罰則(712)/刑罰(444)/体罰(221)/懲罰(220)/罰せ(192)/罰する(166)/厳罰(141)/罰し(89)/天罰(88)/賞罰(34)/罰当たり(20)/無罰(17)/神罰(14)/必罰(13)/両罰(9)/仏罰(8)/劫罰(8)
1322	塚	5383	27.5595	95.492	大塚(677)/塚(588)/宝塚(499)/貝塚(409)/塚本(368)/戸塚(264)/手塚(250)/平塚(214)/石塚(190)/飯塚(183)/塚田(180)/赤塚(170)/篠塚(122)/三塚(114)/塚原(99)/根塚(48)/窪塚(42)/高塚(40)/塚越(39)/塚崎(36)
1323	拝	5357	27.4264	95.501	礼拝(956)/参拝(779)/拝見(728)/崇拝(577)/拝啓(242)/拝借(182)/拝観(130)/拝む(124)/拝ん(110)/拝(107)/拝し(104)/拝領(103)/拝殿(101)/拝み(96)/拝聴(96)/拝謁(93)/拝命(72)/拝礼(58)/拝読(53)/拝する(50)
1324	靴	5356	27.4213	95.510	靴(3537)/靴下(595)/長靴(278)/靴底(104)/革靴(93)/靴音(92)/靴屋(77)/靴箱(71)/軍靴(59)/上靴(57)/靴磨き(46)/靴紐(22)/靴選び(21)/靴ひも(20)/靴店(18)/短靴(17)/靴墨(17)/木靴(16)/古靴(13)/靴先(13)
1325	鈴	5347	27.3752	95.519	鈴木(2986)/鈴(568)/鈴鹿(323)/美鈴(193)/鈴田(120)/鈴子(97)/五十鈴(95)/風鈴(95)/呼び鈴(89)/馬鈴薯(77)/鈴世(72)/鈴蘭(59)/鈴虫(54)/天鈴(40)/柚鈴(36)/鈴なり(31)/鈴原(30)/鈴村(24)/金鈴(21)/鈴江(21)
1326	渋	5340	27.3394	95.528	渋谷(2101)/渋滞(1024)/渋い(316)/渋川(304)/渋沢(213)/貸し渋り(181)/苦渋(148)/渋々(135)/渋(97)/柿渋(76)/渋っ(64)/難渋(63)/渋く(58)/渋味(54)/渋み(41)/渋民(39)/渋面(38)/渋田(37)/渋皮(36)/渋る(34)
1327	把	5337	27.3240	95.537	把握(4695)/大雑把(195)/把(150)/把手(122)/把持(61)/銃把(22)/把瑠都(17)/把え(15)/把捉(15)/把っ手(10)/竹把(9)/把み(6)/握把(4)/把頭(3)/把ま(2)/把まっ(2)/把ん(2)/掻把(2)/把える(1)/把め(1)
1328	培	5328	27.2779	95.546	栽培(3129)/培養(1083)/培地(444)/培っ(247)/培わ(181)/培う(64)/宝培(36)/培い(25)/培土(21)/肥培(15)/祖培(14)/培(11)/培逸(9)/元培(8)/培風(7)/糞培(4)/啓培(2)/培え(2)/培える(2)/培おう(2)
1329	珍	5322	27.2472	95.555	珍しい(2156)/珍しく(1502)/珍(319)/珍重(141)/珍味(125)/珍しかっ(80)/珍し(77)/珍妙(77)/珍奇(64)/安珍(60)/珍らしい(54)/円珍(45)/珍獣(43)/珍品(40)/物珍し(37)/珍らしく(29)/珍種(29)/珍事(28)/珍念(28)/珍客(21)
1330	唱	5308	27.1755	95.564	唱え(1127)/提唱(968)/合唱(946)/唱える(532)/唱歌(260)/歌唱(166)/熱唱(112)/斉唱(109)/唱(96)/唱和(95)/暗唱(94)/復唱(77)/詠唱(71)/独唱(68)/主唱(60)/愛唱(55)/唱導(34)/唱題(33)/朗唱(29)/三唱(27)
1331	葬	5301	27.1397	95.573	葬儀(1549)/葬式(763)/埋葬(663)/火葬(317)/葬祭(293)/葬ら(212)/副葬(199)/葬(171)/葬送(116)/葬っ(114)/会葬(87)/社葬(81)/葬る(79)/被葬(56)/葬列(48)/葬礼(47)/土葬(39)/葬り去ら(38)/葬り(37)/改葬(30)
1332	顧	5279	27.0270	95.582	顧客(3189)/顧問(1166)/回顧(275)/顧み(272)/顧慮(68)/顧みる(61)/顧(50)/一顧(46)/愛顧(39)/恩顧(29)/後顧(18)/顧みれ(14)/三顧(10)/顧る(8)/右顧(4)/四顧(4)/顧みよう(3)/顧れ(3)/照顧(2)/顧りみ(2)
1333	裂	5271	26.9861	95.591	分裂(1596)/破裂(412)/亀裂(386)/裂け(292)/炸裂(260)/引き裂か(179)/裂(168)/裂け目(164)/裂い(135)/切り裂き(131)/決裂(118)/切り裂い(108)/滅裂(93)/引き裂い(88)/裂く(84)/切り裂か(73)/裂き(72)/裂か(67)/切り裂く(65)/引き裂く(62)
1334	銭	5253	26.8939	95.600	金銭(2074)/銭(1722)/銭湯(284)/小銭(259)/賽銭(107)/銭形(79)/銭入れ(39)/無銭(38)/古銭(36)/銅銭(36)/文銭(35)/賃銭(33)/つり銭(30)/銭貨(30)/借銭(28)/守銭(28)/釣り銭(28)/身銭(24)/釣銭(23)/銭金(21)
1335	悟	5237	26.8120	95.609	覚悟(2657)/悟り(626)/悟っ(559)/悟空(232)/悟ら(212)/悟(207)/悟る(147)/兵悟(88)/悟性(63)/悟郎(42)/大悟(37)/悔悟(28)/圜悟(27)/圭悟(16)/総悟(16)/勇悟(15)/祥悟(14)/頓悟(14)/悟れ(13)/悟志(12)
1336	硬	5233	26.7916	95.618	硬化(930)/硬い(891)/硬く(725)/硬直(571)/強硬(469)/硬(383)/硬変(221)/硬貨(205)/硬質(145)/硬膜(101)/硬式(84)/硬派(68)/硬め(65)/硬度(58)/硬骨(42)/硬結(40)/硬かっ(36)/硬水(33)/硬軟(26)/硬性(18)
1337	稿	5196	26.6021	95.626	原稿(2257)/投稿(1344)/本稿(326)/稿(258)/寄稿(199)/草稿(143)/拙稿(126)/遺稿(99)/脱稿(56)/手稿(45)/稿本(34)/出稿(31)/入稿(30)/送稿(27)/論稿(24)/改稿(19)/定稿(18)/詩稿(18)/稿料(16)/初稿(15)
1338	暇	5168	26.4588	95.635	暇(2160)/休暇(1959)/余暇(688)/暇つぶし(141)/暇人(61)/手間暇(46)/寸暇(31)/暇乞い(23)/暇潰し(23)/請暇(10)/閑暇(10)/賜暇(5)/暇暇(4)/暇乞(3)/暇々(1)/暇どっ(1)/暇どる(1)/暇乞ひ(1)
1339	賛	5137	26.3000	95.644	賛成(2232)/賛同(490)/賞賛(332)/絶賛(291)/賛美(282)/賛否(281)/称賛(237)/協賛(220)/自賛(135)/賛辞(120)/翼賛(87)/賛意(71)/賛助(65)/賛(64)/礼賛(52)/賛歌(49)/宣賛(39)/賛嘆(38)/画賛(10)/奉賛(9)
1340	彩	5135	26.2898	95.652	色彩(1131)/多彩(767)/彩色(434)/彩(410)/彩り(347)/水彩(327)/彩る(197)/油彩(189)/彩ら(181)/彩度(140)/迷彩(137)/彩っ(85)/異彩(70)/光彩(58)/彩子(58)/精彩(54)/虹彩(52)/彩夏(31)/彩乃(28)/生彩(28)
1341	刷	5134	26.2847	95.661	印刷(4007)/刷毛(198)/刷新(191)/刷り(135)/刷(87)/刷っ(63)/刷り込み(54)/刷り込ま(43)/刷ら(41)/増刷(32)/色刷り(25)/縮刷(24)/刷り込ん(23)/改刷(22)/試し刷り(22)/刷る(17)/刷い(14)/刷りこま(9)/別刷り(8)/刷り上がっ(8)
1342	尿	5129	26.2591	95.670	糖尿(1433)/尿(1103)/し尿(321)/排尿(286)/尿酸(252)/尿道(224)/利尿(188)/泌尿(141)/尿中(128)/血尿(117)/尿路(113)/糞尿(95)/尿素(92)/頻尿(71)/尿意(70)/尿量(59)/尿管(45)/尿毒(41)/検尿(39)/放尿(31)
1343	忙	5129	26.2591	95.678	忙しい(2175)/忙しく(1333)/多忙(497)/忙し(483)/忙しかっ(263)/大忙し(99)/繁忙(93)/忙殺(77)/忙しなく(13)/気忙しい(10)/忙しけれ(9)/忙中(9)/忙(7)/忙がしい(7)/忙がしく(7)/気忙しく(7)/忙しない(6)/忙がし(5)/忙わし(4)/忙々(3)
1344	懐	5121	26.2181	95.687	懐かしい(1140)/懐(697)/懐中(645)/懐かし(361)/懐疑(325)/懐かしく(261)/述懐(215)/懐石(195)/懐妊(91)/懐紙(89)/懐柔(88)/懐しい(60)/懐かしかっ(54)/懐い(49)/懐剣(49)/懐古(46)/懐し(40)/懐かしむ(39)/懐か(36)/懐っこい(36)
1345	抽	5120	26.2130	95.696	抽選(2387)/抽象(1224)/抽出(1167)/抽(111)/抽せん(85)/抽斗(49)/抽台(20)/抽斎(15)/抽水(14)/抽出し(10)/抽送(9)/抽挿(6)/抽き出し(5)/抽籤(5)/抽んで(3)/晩抽(2)/老抽(2)/抽き(1)/抽きだし(1)/抽く(1)
1346	伺	5103	26.1260	95.704	伺い(3571)/伺っ(881)/伺う(242)/伺わ(85)/伺(70)/伺え(68)/伺える(63)/伺候(62)/伺おう(17)/伺い知る(7)/伺えれ(7)/伺ひ(7)/伺い書(5)/伺ふ(4)/伺つ(3)/伺いしれ(2)/伺えよう(2)/伺へ(2)/奉伺(2)/伺い出(1)
1347	凍	5085	26.0338	95.713	冷凍(1954)/凍結(769)/解凍(490)/凍っ(354)/凍りつい(263)/凍ら(174)/凍る(133)/凍え(102)/凍死(91)/凍りつく(75)/凍り(73)/凍土(70)/凍てつい(53)/凍(51)/凍てつく(45)/凍りつき(43)/凍傷(40)/凍える(28)/凍り付い(28)/凍りつか(27)
1348	俗	5050	25.8546	95.721	風俗(1233)/民俗(901)/俗(717)/世俗(405)/習俗(203)/通俗(189)/良俗(148)/俗称(100)/低俗(87)/俗世(81)/俗語(81)/俗説(80)/俗人(67)/俗物(62)/土俗(58)/卑俗(53)/還俗(41)/俗信(39)/俗名(39)/俗悪(36)
1349	訊	5034	25.7727	95.730	訊い(2281)/訊ね(651)/訊く(631)/訊か(407)/訊き(381)/訊ねる(190)/訊問(187)/訊き返し(91)/訊け(49)/訊こう(37)/訊き返す(36)/訊きかえし(13)/審訊(11)/訊ねよう(10)/訊ねれ(7)/訊ける(6)/訊ね返し(5)/訊きかえす(4)/訊き直す(4)/訊(3)
1350	是	5025	25.7266	95.738	是非(2472)/是正(1063)/是(781)/是れ(164)/是認(129)/国是(81)/是枝(44)/是清(41)/如是(32)/是町(32)/如是閑(31)/社是(21)/是空(14)/是色(13)/是信(11)/是也(9)/頑是(9)/是川(8)/是々(7)/彼是(6)
1351	奉	5006	25.6294	95.747	奉行(1258)/奉仕(1144)/奉公(507)/奉納(373)/信奉(283)/奉天(151)/奉(136)/奉じ(111)/奉り(111)/奉還(108)/奉る(89)/奉書(72)/奉っ(64)/供奉(58)/奉ら(42)/奉献(33)/奉職(30)/奉じる(29)/奉斎(25)/奉祝(24)
1352	叩	4997	25.5833	95.755	叩い(1503)/叩く(716)/叩き(611)/叩か(488)/叩きつけ(283)/叩きつける(117)/叩き込ん(70)/叩け(69)/叩頭(58)/叩き出し(44)/袋叩き(44)/叩き込ま(43)/叩きのめし(41)/叩き落とし(34)/叩きこん(30)/叩き込む(28)/叩き込み(24)/叩き上げ(23)/叩き起こさ(23)/叩ける(22)
1353	闇	4986	25.5270	95.764	闇(3161)/暗闇(912)/夕闇(162)/闇市(92)/闇雲(68)/薄闇(64)/闇夜(63)/闇斎(55)/無闇(46)/闇崎(44)/闇主(36)/宵闇(28)/闇金(26)/闇王(25)/闇屋(22)/闇討ち(17)/夜闇(15)/うす闇(14)/闇値(12)/闇米(12)
1354	遂	4974	25.4655	95.772	遂行(1770)/遂げ(897)/遂に(669)/未遂(448)/成し遂げ(328)/遂げる(193)/やり遂げ(116)/完遂(99)/成し遂げる(89)/やり遂げる(64)/遂(62)/既遂(59)/なし遂げ(36)/遂良(23)/遂げよう(18)/成し遂げよう(17)/なし遂げる(11)/添い遂げる(10)/やり遂げよう(9)/為し遂げ(9)
1355	弥	4972	25.4553	95.780	弥生(999)/阿弥陀(683)/弥陀(216)/卑弥呼(182)/弥勒(163)/南無阿弥陀仏(143)/弥太郎(119)/弥(114)/美弥子(103)/須弥(103)/世阿弥(81)/阿弥(71)/幻弥(65)/美弥(64)/弥助(63)/亜弥(58)/小弥太(57)/弥太(56)/沙弥(54)/弥五兵衛(49)
1356	熊	4949	25.3375	95.789	熊本(1620)/熊(775)/熊谷(637)/熊野(600)/熊楠(155)/熊吾(138)/猪熊(120)/大熊(96)/熊襲(75)/小熊(64)/熊手(53)/熊沢(37)/熊笹(34)/熊井(32)/白熊(31)/熊田(27)/熊倉(19)/洗い熊(17)/熊の胆(16)/熊坂(16)
1357	偶	4943	25.3068	95.797	偶然(2624)/配偶(1551)/偶像(175)/偶数(164)/偶発(127)/土偶(101)/偶(67)/偶々(31)/偶に(29)/木偶(22)/偶有(20)/対偶(16)/木偶の坊(6)/偶成(4)/偶点(3)/偶ま(1)/偶感(1)/遭偶(1)
1358	遇	4938	25.2812	95.805	処遇(1259)/遭遇(977)/優遇(821)/待遇(686)/境遇(458)/不遇(120)/厚遇(59)/接遇(55)/一遇(54)/冷遇(53)/奇遇(47)/知遇(45)/遇っ(39)/遇し(36)/遇う(28)/遇する(24)/遇い(19)/遇(18)/遇さ(17)/出遇い(15)
1359	竜	4907	25.1225	95.814	竜(1030)/恐竜(553)/天竜(217)/竜巻(162)/竜王(162)/竜一(158)/竜太(122)/竜馬(113)/竜二(108)/竜彦(84)/竜次(77)/神竜(76)/竜子(69)/竜也(67)/竜野(66)/竜宮(61)/竜田(60)/芝竜(57)/青竜(52)/竜人(48)
1360	祈	4878	24.9740	95.822	祈り(1974)/祈る(797)/祈っ(715)/祈願(485)/祈禱(316)/祈念(245)/祈祷(99)/祈(92)/祈ら(59)/祈ろう(24)/祈れ(15)/祈年(8)/祈り上げ(7)/祈つ(6)/祈り求め(5)/祈誓(5)/祈雨(5)/祈が(4)/祈とう(4)/祈れる(3)
1361	唐	4874	24.9536	95.830	唐(1336)/唐辛子(561)/唐突(528)/唐沢(206)/唐揚げ(191)/唐津(179)/唐木(160)/唐代(133)/荒唐(117)/遣唐(99)/唐人(97)/唐草(76)/唐十郎(70)/唐物(70)/入唐(58)/唐書(52)/大唐(52)/唐川(48)/唐櫃(47)/唐松(42)
1362	贈	4867	24.9177	95.838	贈与(1127)/贈り物(668)/贈ら(497)/贈る(472)/贈っ(432)/贈呈(290)/贈り(285)/寄贈(242)/遺贈(190)/贈答(146)/贈物(103)/贈賄(82)/贈収賄(70)/贈りもの(61)/受贈(49)/贈ろう(48)/贈れ(19)/追贈(16)/贈り主(15)/贈(11)
1363	潮	4862	24.8921	95.847	潮(937)/風潮(672)/新潮(511)/潮流(446)/紅潮(209)/黒潮(173)/潮風(151)/思潮(145)/赤潮(130)/干潮(118)/高潮(116)/満潮(83)/潮時(79)/初潮(63)/潮騒(58)/血潮(57)/潮干(48)/潮見(46)/潮田(41)/潮目(41)
1364	杉	4859	24.8768	95.855	杉(811)/上杉(664)/杉山(389)/杉浦(368)/杉本(360)/杉田(329)/杉並(241)/大杉(239)/高杉(187)/小杉(142)/杉村(128)/杉原(85)/杉内(79)/杉林(63)/杉子(55)/中杉(51)/若杉(49)/杉戸(41)/糸杉(39)/杉野(33)
1365	唯	4832	24.7385	95.863	唯一(3530)/唯(508)/唯物(200)/唯識(125)/唯野(121)/唯円(69)/唯我(56)/唯史(51)/唯々(34)/唯心(24)/唯今(15)/唯川(12)/唯美(11)/唯名(6)/唯七(5)/唯中(5)/唯信(5)/唯夫(5)/美唯(5)/唯仏(4)
1366	戒	4832	24.7385	95.871	警戒(2182)/懲戒(570)/戒(333)/戒め(306)/哨戒(215)/戒律(189)/戒名(171)/戒厳(148)/自戒(80)/戒壇(68)/戒める(59)/厳戒(54)/戒告(51)/八戒(47)/訓戒(47)/破戒(39)/受戒(31)/金戒(29)/授戒(19)/戒師(15)
1367	兼	4820	24.6771	95.879	兼(1158)/兼ね(902)/兼業(299)/兼用(222)/兼任(194)/兼ね備え(189)/気兼ね(185)/兼務(169)/兼ねる(161)/兼好(129)/兼ね合い(120)/兼続(65)/兼子(58)/兼実(57)/兼平(47)/兼遠(42)/兼六(41)/兼備(38)/兼営(36)/兼山(35)
1368	氷	4820	24.6771	95.887	氷(1926)/氷河(424)/流氷(228)/氷川(189)/氷室(187)/氷水(179)/氷山(157)/氷点(106)/かき氷(95)/氷原(77)/氷見(75)/氷上(72)/氷期(72)/碓氷(72)/氷床(69)/薄氷(54)/氷結(52)/氷柱(43)/カキ氷(41)/氷枕(37)
1369	麦	4819	24.6720	95.896	小麦(1547)/麦(805)/蕎麦(706)/蕎麦屋(217)/麦茶(194)/大麦(128)/麦畑(106)/麦わら(89)/麦田(75)/麦酒(65)/麦芽(63)/麦藁(58)/生麦(50)/麦飯(41)/麦作(40)/蕎麦粉(33)/米麦(26)/押し麦(23)/麦倉(21)/麦粉(19)
1370	旬	4809	24.6208	95.904	中旬(1344)/下旬(1314)/上旬(860)/旬(817)/初旬(297)/旬平(43)/旬報(42)/由旬(28)/旬間(27)/四旬(18)/旬日(7)/旬刊(4)/旬香(4)/旬子(1)/旬発(1)/旬茶(1)/激旬(1)
1371	椅	4784	24.4928	95.912	椅子(4763)/椅(13)/倉椅(5)/石椅(2)/椅座(1)
1372	浄	4779	24.4672	95.920	浄化(1620)/浄土(900)/洗浄(705)/清浄(310)/浄水(279)/浄瑠璃(172)/浄(129)/不浄(78)/自浄(69)/浄め(55)/浄御原(48)/如浄(32)/浄光(28)/浄らか(21)/浄財(21)/浄福(20)/浄書(19)/浄める(15)/浄如(14)/普浄(12)
1373	也	4771	24.4262	95.928	也(776)/和也(280)/達也(262)/哲也(261)/美也子(178)/俊也(170)/直也(149)/卓也(136)/祐也(125)/拓也(124)/克也(106)/勝也(97)/文也(72)/智也(70)/京也(68)/鉄也(68)/喬也(67)/真也(67)/竜也(67)/朋也(66)
1374	智	4752	24.3290	95.936	智(453)/明智(346)/美智子(262)/智子(244)/智慧(235)/智恵(232)/天智(193)/智恵子(146)/大智(134)/越智(126)/那智(107)/上智(95)/叡智(89)/智久(89)/智司(85)/智学(71)/智也(70)/智津香(64)/智沙(56)/智之(50)
1375	鎖	4749	24.3136	95.944	閉鎖(1505)/連鎖(1045)/鎖(850)/封鎖(396)/鎖国(280)/鎖骨(274)/糖鎖(63)/肩鎖(44)/鎖状(27)/美鎖(25)/鉄鎖(22)/主鎖(20)/側鎖(19)/手鎖(17)/鎖帷子(16)/鎖鎌(16)/胸鎖(13)/直鎖(11)/鎖編み(11)/鎖し(9)
1376	牧	4746	24.2982	95.952	牧場(872)/牧師(717)/牧野(423)/遊牧(414)/牧(304)/放牧(289)/牧草(285)/苫小牧(226)/牧畜(205)/小牧(146)/牧歌(88)/牧子(76)/牧口(73)/牧田(55)/牧水(44)/牧人(40)/本牧(39)/州牧(32)/農牧業(25)/牧者(23)
1377	炉	4742	24.2778	95.960	炉(3242)/暖炉(375)/高炉(213)/炉心(189)/囲炉裏(132)/香炉(116)/炉辺(91)/風炉(52)/炉端(29)/打箭炉(22)/囲炉裏端(20)/炉内(20)/地炉(19)/転炉(18)/煖炉(16)/炉ばた(14)/炉縁(13)/炉型(12)/廃炉(11)/懐炉(10)
1378	蓄	4737	24.2522	95.968	蓄積(1841)/貯蓄(1341)/備蓄(503)/蓄え(476)/蓄音(101)/蓄電(93)/蓄える(68)/含蓄(50)/蓄膿(48)/蓄熱(47)/蓄財(43)/薀蓄(28)/蓄(20)/蓄尿(18)/蘊蓄(18)/電蓄(10)/蓄えよう(4)/蓄へ(4)/蓄養(4)/蓄蔵(3)
1379	仁	4728	24.2061	95.976	仁(697)/仁王(244)/仁科(186)/杏仁(158)/仁美(139)/仁義(112)/仁徳(102)/円仁(97)/弘仁(85)/通仁(83)/応仁(72)/御仁(70)/仁川(69)/仁志(68)/建仁(65)/大仁(63)/羽仁(61)/王仁三郎(60)/仁和(54)/仁淀川(50)
1380	砲	4725	24.1907	95.984	鉄砲(924)/砲(916)/大砲(408)/発砲(383)/砲弾(302)/砲撃(294)/砲兵(146)/砲台(115)/砲火(108)/主砲(98)/砲塔(95)/銃砲(90)/砲術(83)/砲丸(68)/砲声(59)/艦砲(58)/無鉄砲(57)/砲身(54)/砲艦(43)/砲手(40)
1381	胃	4707	24.0986	95.992	胃(2509)/胃腸(539)/胃がん(347)/胃袋(242)/胃炎(150)/胃酸(117)/胃液(113)/胃癌(111)/胃ガン(96)/胃薬(72)/胃痛(63)/健胃(62)/胃壁(48)/胃内(33)/胃の腑(26)/胃もたれ(25)/胃弱(24)/胃底(18)/胃体(17)/胃瘻(14)
1382	粒	4706	24.0935	96.000	粒子(1818)/粒(1308)/顆粒(325)/大粒(240)/小粒(147)/米粒(97)/粒径(63)/雨粒(59)/細粒(50)/粒状(47)/全粒(43)/砂粒(39)/豆粒(39)/粒剤(27)/粒度(25)/球粒(24)/粒々(24)/中粒(21)/粒あん(21)/粗粒(19)
1383	斜	4704	24.0832	96.008	斜面(1346)/斜め(1186)/傾斜(1019)/斜線(146)/斜(124)/斜陽(74)/斜里(65)/斜め切り(64)/斜度(60)/斜め上(51)/斜視(48)/斜め後ろ(41)/斜め下(32)/右斜め(28)/斜め向かい(27)/斜塔(24)/斜坑(21)/斜角(21)/斜位(20)/斜体(20)
1384	僧	4689	24.0064	96.016	僧(1448)/僧侶(824)/小僧(593)/尼僧(157)/僧院(156)/僧正(151)/高僧(120)/禅僧(105)/拙僧(79)/僧都(74)/僧兵(68)/僧帽(67)/僧衣(49)/老僧(44)/学僧(42)/名僧(38)/若僧(33)/僧形(29)/僧坊(28)/僧綱(28)
1385	涯	4676	23.9399	96.023	生涯(4435)/涯(86)/境涯(84)/天涯(54)/涯て(6)/無涯(3)/仙涯(2)/東涯(2)/水涯(1)/臨涯(1)/西涯(1)/際涯(1)
1386	冊	4665	23.8835	96.031	冊(3244)/冊子(611)/別冊(301)/短冊(272)/冊封(64)/冊数(54)/分冊(26)/簿冊(21)/大冊(19)/上冊(9)/全冊(7)/各冊(7)/小冊(6)/本冊(5)/伊弉冊(3)/厚冊(3)/合冊(3)/下冊(2)/冊立(2)/書冊(2)
1387	娠	4640	23.7555	96.039	妊娠(4628)/姙娠(8)/娠妊(2)/娠(1)/娠怪(1)
1388	貢	4639	23.7504	96.047	貢献(3661)/年貢(344)/貢(127)/朝貢(126)/貢租(91)/貢い(44)/貢物(33)/子貢(32)/貢納(26)/貢ぎ物(18)/貢一(17)/入貢(15)/貢進(15)/貢が(11)/貢ぐ(10)/進貢(10)/貢ぎ(9)/職貢(8)/貢川(8)/貢税(7)
1389	陥	4603	23.5661	96.055	陥っ(1360)/欠陥(1141)/陥る(600)/陥り(442)/陥落(252)/陥れ(177)/陥没(128)/陥ら(124)/陥れる(82)/陥ち(53)/陥凹(45)/陥入(36)/陥穽(26)/陥し(21)/陥れよう(21)/陥(19)/失陥(8)/陥す(6)/陥ちる(6)/陥とし(5)
1390	焦	4601	23.5559	96.063	焦点(1669)/焦っ(519)/焦り(412)/焦げ(266)/焦ら(194)/焦る(176)/焦燥(166)/焦がし(115)/焦土(81)/焦れ(69)/焦げ目(62)/黒焦げ(53)/焦がさ(50)/焼け焦げ(46)/焦がす(42)/焦げる(39)/焦眉(37)/焦げ付き(35)/焦(32)/待ち焦がれ(28)
1391	軸	4594	23.5200	96.070	軸(2397)/縦軸(214)/横軸(212)/基軸(172)/主軸(152)/軸足(115)/軸索(110)/枢軸(107)/掛け軸(92)/機軸(84)/同軸(74)/軸馬(69)/中軸(63)/車軸(60)/軸上(54)/掛軸(49)/長軸(49)/光軸(45)/橋軸(40)/軸受(37)
1392	挑	4592	23.5098	96.078	挑戦(3236)/挑発(420)/挑む(399)/挑ん(291)/挑み(136)/挑ま(37)/挑もう(25)/挑め(16)/挑みかかる(11)/挑める(5)/挑(2)/挑みかかっ(2)/挑みかかろう(2)/挑み掛かる(2)/挑發(2)/挑みかかり(1)/挑みたたかう(1)/挑も(1)/挑戰(1)/挑撥(1)
1393	慎	4590	23.4996	96.086	慎重(2722)/謹慎(318)/慎吾(275)/慎太郎(231)/慎二(99)/慎一(95)/慎(94)/慎み(89)/慎む(82)/慎介(55)/慎ん(46)/慎一郎(43)/慎ま(36)/慎子(32)/慎ましく(28)/慎ましやか(28)/慎也(28)/慎ましい(22)/慎之介(21)/慎み深い(18)
1394	疾	4585	23.4740	96.094	疾患(2792)/疾病(995)/疾走(351)/疾風(202)/疾駆(73)/疾(34)/廃疾(22)/疾う(21)/疾く(15)/疾っ(15)/眼疾(9)/歯疾(8)/痔疾(7)/疾い(4)/疾し(4)/悪疾(3)/疾る(3)/狂疾(2)/疾き(2)/病疾(2)
1395	誇	4557	23.3306	96.101	誇り(1603)/誇る(969)/誇っ(430)/誇張(326)/誇示(281)/誇らし(246)/誇大(157)/勝ち誇っ(128)/誇れる(101)/誇らしく(63)/咲き誇る(57)/誇らしい(47)/咲き誇っ(28)/咲き誇り(20)/勝ち誇る(15)/誇(14)/誇らしかっ(14)/誇ら(12)/誇らか(12)/誇れ(12)
1396	鍋	4543	23.2589	96.109	鍋(3167)/鉄鍋(158)/鍋島(133)/土鍋(115)/真鍋(102)/大鍋(81)/小鍋(77)/鍋物(59)/鍋底(36)/川鍋(35)/鍋釜(32)/手鍋(31)/寄せ鍋(25)/石鍋(25)/鍋焼き(25)/眞鍋(21)/高鍋(20)/回鍋肉(19)/鍋屋(19)/火鍋(18)
1397	脇	4533	23.2077	96.117	脇(2178)/両脇(308)/脇腹(219)/脇役(183)/脇差(115)/脇の下(110)/脇道(105)/森脇(102)/西脇(99)/小脇(95)/脇田(87)/山脇(72)/関脇(64)/脇坂(58)/宮脇(51)/脇町(45)/門脇(43)/倉脇(37)/右脇(34)/脇侍(33)
1398	偽	4532	23.2026	96.124	虚偽(792)/偽造(569)/偽(564)/偽装(433)/偽物(345)/偽り(339)/真偽(315)/偽善(263)/偽っ(180)/偽名(140)/偽者(130)/偽証(74)/偽札(63)/偽る(49)/偽ら(38)/偽薬(23)/偽作(21)/偽悪(18)/偽史(17)/嘘偽り(14)
1399	須	4529	23.1873	96.132	必須(1032)/横須賀(465)/那須(286)/須磨(268)/須藤(246)/須田(167)/須崎(134)/那須野(117)/須弥(103)/須恵(96)/高須(88)/蜂須賀(83)/急須(81)/須(80)/須賀(77)/須川(74)/大須賀(64)/那須塩原(55)/須永(45)/西那須野(44)
1400	仙	4525	23.1668	96.139	仙台(1987)/仙人(302)/水仙(197)/雲仙(176)/仙(124)/大仙(89)/気仙沼(87)/神仙(84)/仙石(73)/お仙(68)/仙骨(63)/歌仙(54)/仙女(47)/仙太郎(46)/仙八(45)/仙波(41)/仙北(40)/中仙道(38)/仙厓(35)/仙一(33)
1401	柳	4471	22.8903	96.147	柳(780)/柳田(408)/川柳(315)/柳沢(303)/柳生(287)/青柳(224)/高柳(196)/柳橋(121)/柳川(113)/柳原(108)/柳井(103)/柳本(96)/花柳(92)/小柳(87)/柳澤(72)/柳瀬(70)/黒柳(70)/下柳(67)/柳町(59)/柳家(52)
1402	紫	4469	22.8801	96.155	紫(1073)/紫外(737)/紫色(526)/筑紫(387)/紫式部(193)/紫陽花(165)/青紫(95)/赤紫(87)/薄紫(86)/九紫(66)/紫蘇(66)/紫苑(62)/紫煙(54)/紫禁(40)/紫雲(40)/紅紫(33)/紫宸(32)/紫陽(31)/紫野(30)/紫綬(28)
1403	摩	4468	22.8749	96.162	摩擦(1000)/薩摩(947)/多摩(840)/志摩(237)/筑摩(173)/摩訶(118)/摩耗(114)/護摩(109)/奥多摩(101)/按摩(78)/摩天(70)/摩耶(57)/美摩子(46)/摩(44)/維摩(35)/西多摩(33)/摩滅(31)/摩周(30)/摩羅(23)/南多摩(20)
1404	沼	4461	22.8391	96.170	沼(797)/湖沼(519)/沼田(362)/沼津(229)/泥沼(204)/大沼(170)/田沼(163)/平沼(159)/沼地(121)/浅沼(101)/勝沼(99)/長沼(91)/気仙沼(87)/蓮沼(72)/鹿沼(71)/沼沢(68)/鵠沼(66)/津田沼(53)/水沼(52)/菅沼(50)
1405	貼	4450	22.7828	96.177	貼っ(1319)/貼り付け(667)/貼り(472)/貼る(424)/貼ら(402)/貼りつけ(176)/貼付(171)/貼り付ける(132)/貼り紙(98)/貼りつい(86)/貼れ(60)/貼紙(52)/貼りつける(40)/貼り付い(28)/貼(24)/貼ろう(22)/貼り出し(21)/貼り替え(21)/貼り合わせ(18)/貼りつく(17)
1406	隔	4438	22.7214	96.185	間隔(1567)/隔離(628)/遠隔(557)/隔て(430)/隔たり(213)/隔膜(128)/隔壁(119)/隔絶(113)/隔てる(82)/隔週(76)/分け隔て(55)/隔たっ(55)/中隔(53)/隔世(49)/隔月(44)/懸隔(41)/隔年(37)/隔(35)/縦隔(30)/隔日(15)
1407	悔	4437	22.7162	96.192	後悔(1811)/悔しい(542)/悔し(448)/悔い(336)/懺悔(197)/悔しく(174)/悔やみ(120)/悔しかっ(114)/悔やん(102)/悔やま(100)/悔恨(75)/悔い改め(54)/悔(52)/悔やむ(49)/悔み(41)/悔し涙(29)/悔悟(28)/悔いる(21)/悔ん(19)/悔過(16)
1408	誠	4429	22.6753	96.200	誠(1277)/誠実(1090)/誠意(590)/忠誠(549)/誠一(179)/誠心(105)/至誠(65)/誠格(43)/誠也(36)/誠司(34)/誠二(31)/誠一郎(27)/誠之(20)/誠文(20)/誠信(18)/誠志郎(17)/誠仁(16)/熱誠(15)/立誠(15)/誠治(14)
1409	稚	4425	22.6548	96.207	幼稚(3510)/稚魚(193)/稚児(125)/稚(119)/丁稚(93)/稚内(83)/稚拙(83)/稚媛(36)/稚武(27)/稚い(25)/稚貝(25)/稚気(19)/稚樹(10)/稚鮎(10)/稚き(9)/稚武彦(8)/稚子(7)/稚蚕(5)/稚空(4)/稚ない(3)
1410	慶	4406	22.5575	96.214	慶応(758)/慶長(516)/慶喜(505)/慶子(295)/慶(251)/弁慶(208)/慶應(127)/重慶(121)/長慶(98)/慶次郎(73)/慶安(72)/慶尚(65)/順慶(64)/慶州(58)/慶弔(56)/慶び(53)/慶一郎(46)/慶次(46)/慶大(45)/早慶(45)
1411	湿	4402	22.5371	96.222	湿度(673)/湿気(585)/湿っ(471)/湿地(376)/保湿(338)/湿原(257)/湿布(193)/湿疹(184)/湿ら(125)/湿潤(119)/陰湿(119)/加湿(118)/多湿(110)/除湿(104)/湿り(78)/湿り気(67)/湿(51)/吸湿(34)/湿し(34)/湿式(33)
1412	羅	4398	22.5166	96.229	新羅(741)/網羅(363)/修羅(309)/羅(300)/羅列(176)/阿修羅(152)/甲羅(134)/伽羅(131)/羅漢(102)/森羅(90)/羅生(82)/羅針(80)/沙羅(77)/六波羅(74)/曼荼羅(70)/全羅(62)/羅山(56)/天麩羅(53)/羅臼(50)/曼陀羅(46)
1413	丘	4389	22.4705	96.237	丘(2050)/丘陵(611)/砂丘(241)/墳丘(182)/段丘(129)/光が丘(117)/自由が丘(116)/比丘(60)/比丘尼(55)/桜丘(49)/丘珠(42)/桜ヶ丘(39)/朝丘(24)/向ヶ丘(21)/竹丘(20)/嵐が丘(19)/梅ヶ丘(19)/緑ケ丘(19)/丘疹(16)/つつじヶ丘(15)
1414	浸	4385	22.4500	96.244	浸透(1594)/浸水(425)/浸し(357)/浸っ(250)/浸潤(212)/浸かっ(161)/浸け(141)/浸る(126)/浸り(119)/浸食(114)/浸す(97)/水浸し(78)/浸炭(65)/浸かる(63)/浸かり(57)/浸出(54)/浸入(50)/浸漬(40)/お浸し(35)/浸さ(31)
1415	烈	4379	22.4193	96.252	強烈(1585)/猛烈(708)/熱烈(328)/烈(255)/熾烈(234)/痛烈(179)/激烈(165)/鮮烈(141)/烈しい(119)/烈しく(103)/苛烈(70)/烈火(54)/烈膳(50)/烈風(50)/壮烈(41)/武烈(24)/烈し(22)/峻烈(21)/大烈(20)/剣烈(18)
1416	腸	4377	22.4091	96.259	腸(982)/大腸(892)/胃腸(539)/腸管(291)/腸内(230)/直腸(228)/小腸(184)/十二指腸(159)/腸炎(114)/浣腸(112)/盲腸(100)/結腸(93)/整腸(73)/腸癌(46)/断腸(40)/腸壁(32)/腸間(32)/原腸(28)/腸骨(22)/腸詰め(18)
1417	没	4370	22.3732	96.266	没収(556)/没頭(454)/戦没(339)/日没(320)/沈没(314)/没落(311)/没(296)/埋没(286)/没し(286)/出没(254)/没後(198)/水没(173)/陥没(128)/病没(66)/没する(62)/没入(61)/生没年(52)/鬼没(35)/没年(29)/死没(25)
1418	虚	4366	22.3527	96.274	虚偽(792)/謙虚(490)/虚構(305)/虚(272)/空虚(271)/虚血(266)/虚無(227)/虚空(178)/虚ろ(135)/虚弱(112)/虚栄(112)/虚しく(111)/虚しい(110)/虚脱(105)/虚子(100)/虚し(91)/虚勢(76)/虚像(69)/虚飾(68)/虚実(57)
1419	磨	4352	22.2811	96.281	磨き(597)/磨い(490)/磨く(461)/歯磨き(383)/播磨(283)/須磨(268)/琢磨(263)/磨か(258)/研磨(173)/達磨(125)/球磨(100)/磨け(80)/磨き上げ(74)/磨耗(69)/磨(59)/靴磨き(46)/磨きあげ(45)/錬磨(37)/須磨子(32)/練磨(24)
1420	隆	4351	22.2759	96.288	隆(535)/隆盛(438)/隆起(270)/隆之(234)/法隆(231)/隆志(161)/興隆(140)/隆一(127)/義隆(105)/道隆(83)/隆景(72)/清隆(65)/幸隆(59)/隆治(54)/隆司(51)/隆夫(49)/乾隆(48)/隆三(46)/隆房(45)/隆々(44)
1421	嫁	4340	22.2196	96.296	嫁(2539)/花嫁(520)/転嫁(269)/嫁い(247)/嫁入り(141)/兄嫁(68)/嫁が(63)/嫁ぎ先(63)/嫁ぐ(60)/嫁し(53)/嫁姑(53)/嫁ぎ(46)/許嫁(28)/嫁入(26)/鬼嫁(25)/降嫁(19)/嫁いびり(13)/嫁菜(12)/嫁取り(11)/弟嫁(11)
1422	紛	4330	22.1684	96.303	紛争(2677)/紛失(416)/紛れ(360)/紛糾(122)/内紛(108)/紛らわしい(88)/紛れ込ん(82)/気紛れ(56)/紛らわす(37)/苦し紛れ(32)/紛らわし(25)/紛れる(23)/見紛う(23)/紛らわせ(20)/紛(19)/紛い(19)/紛議(19)/紛々(18)/紛う(16)/紛らわせる(14)
1423	魂	4329	22.1633	96.310	魂(3019)/霊魂(290)/魂胆(153)/鎮魂(116)/銀魂(86)/和魂(85)/精魂(59)/人魂(57)/入魂(50)/闘魂(32)/吸魂(27)/士魂(25)/招魂(22)/生魂(21)/商魂(18)/身魂(18)/御魂(17)/反魂(16)/忠魂(15)/魂魄(15)
1424	唇	4316	22.0968	96.318	唇(3753)/口唇(167)/下唇(142)/上唇(76)/陰唇(68)/唇音(14)/兎唇(12)/読唇(12)/唇弁(10)/鼻唇(10)/背唇(9)/朱唇(6)/唇形(5)/女唇(5)/紅唇(4)/花唇(4)/唇許(3)/淫唇(3)/前唇(2)/唇歯(2)
1425	舌	4316	22.0968	96.325	舌(2644)/舌打ち(311)/舌先(156)/饒舌(148)/毒舌(80)/舌鼓(73)/弁舌(70)/舌触り(56)/筆舌(52)/舌なめずり(45)/口舌(34)/舌下(34)/舌ざわり(31)/巻舌(27)/猫舌(26)/舌骨(24)/二枚舌(22)/舌平目(22)/舌鋒(21)/巻き舌(20)
1426	随	4300	22.0148	96.332	随分(1304)/随時(673)/付随(392)/随所(281)/随筆(251)/追随(243)/随一(205)/随意(175)/随行(163)/随伴(116)/随(74)/不随(55)/随員(54)/随想(42)/随身(32)/附随(25)/随い(19)/随っ(19)/随喜(17)/幡随院(16)
1427	菓	4279	21.9073	96.339	菓子(4019)/製菓(142)/銘菓(37)/茶菓(23)/菓(19)/氷菓(10)/冷菓(8)/米菓(5)/名菓(4)/糖菓(3)/菓欒(3)/菓匠(2)/菓楼(2)/粗菓(1)/韓菓(1)
1428	励	4267	21.8459	96.347	奨励(1019)/励まし(832)/励み(467)/激励(427)/励ん(357)/励ます(224)/励む(195)/励まさ(190)/励行(124)/励起(93)/督励(44)/精励(41)/励ま(31)/励まし合い(22)/励まそう(18)/励め(17)/励磁(17)/勉励(16)/励ましあっ(12)/励まし合っ(12)
1429	旗	4256	21.7896	96.354	旗(1591)/国旗(686)/旗本(525)/旗艦(139)/赤旗(135)/旗印(134)/旗手(93)/白旗(90)/旗揚げ(85)/反旗(60)/軍旗(55)/旗頭(45)/旗色(35)/小旗(33)/旗振り(28)/のぼり旗(26)/叛旗(26)/紅旗(26)/旗竿(24)/五百旗頭(21)
1430	鉱	4254	21.7793	96.361	鉱山(778)/鉱業(614)/鉱物(550)/炭鉱(371)/鉱工業(238)/鉱石(209)/鉱区(169)/鉄鉱(164)/鉱(156)/探鉱(130)/鉱害(125)/鉱床(88)/鉱毒(79)/鉱脈(63)/採鉱(59)/金鉱(57)/鉱夫(46)/鉱泉(44)/鉱産(44)/溶鉱(38)
1431	騎	4250	21.7588	96.368	騎士(1147)/騎乗(679)/騎手(608)/騎馬(584)/騎兵(448)/騎(445)/一騎(173)/単騎(42)/龍騎(27)/騎射(22)/騎虎(8)/二十騎町(7)/歩騎(7)/騎行(7)/鉄騎(6)/車騎(5)/騎西(4)/騎銃(4)/驃騎(4)/万騎(3)
1432	舗	4246	21.7384	96.375	店舗(2814)/舗装(679)/老舗(506)/舗道(114)/本舗(77)/舗(35)/舗石(12)/茶舗(5)/薬舗(2)/印舗(1)/名舗(1)
1433	括	4242	21.7179	96.382	包括(1320)/一括(1089)/総括(645)/統括(580)/括弧(137)/括り(81)/概括(81)/括っ(68)/括約(53)/括ら(31)/括(21)/括れ(20)/括る(19)/一括り(15)/締め括っ(9)/締め括り(9)/締め括ら(8)/括れる(7)/小括(6)/締め括る(5)
1434	垂	4239	21.7025	96.390	垂直(1265)/垂れ(666)/垂らし(352)/下垂(303)/垂れ下がっ(119)/垂れ流し(105)/垂れる(99)/垂(98)/垂水(83)/垂らす(76)/懸垂(64)/虫垂(60)/垂れ幕(53)/垂木(47)/垂涎(39)/中垂(38)/垂仁(35)/垂線(32)/垂れ下がる(29)/垂下(29)
1435	丹	4234	21.6769	96.397	丹波(587)/牡丹(462)/丹念(319)/伊丹(296)/丹生(214)/伊勢丹(209)/丹羽(185)/丹後(172)/切支丹(149)/丹(138)/丹田(119)/丹沢(106)/丹子(101)/京丹波(91)/丹野(79)/丹精(75)/色丹(61)/趙丹(56)/丹下(44)/契丹(42)
1436	軒	4227	21.6411	96.404	軒(3391)/軒下(176)/軒並み(160)/軒先(117)/益軒(49)/軒端(48)/筠軒(46)/軒昂(34)/軒瓦(17)/軒数(15)/蘭軒(14)/軒なみ(14)/十軒店(13)/恕軒(12)/八軒(10)/大軒(9)/息軒(9)/軒並(8)/草戸千軒(7)/復軒(6)
1437	亀	4222	21.6155	96.411	亀井(851)/亀(712)/亀裂(386)/亀山(378)/亀頭(169)/亀田(164)/亀戸(123)/亀岡(113)/丸亀(94)/亀甲(93)/亀梨(74)/元亀(67)/亀寿(54)/宝亀(48)/神亀(40)/亀の子(37)/亀右衛門(33)/亀次郎(31)/どろ亀(30)/亀太郎(25)
1438	凄	4219	21.6001	96.418	凄い(1635)/凄く(768)/凄まじい(382)/物凄い(182)/物凄く(166)/凄(155)/凄かっ(142)/凄惨(140)/もの凄い(84)/凄み(76)/凄味(66)/もの凄く(64)/凄腕(59)/凄絶(49)/凄まじ(42)/凄まじく(37)/凄じい(35)/凄ん(21)/凄まじかっ(17)/凄ま(14)
1439	蒸	4217	21.5899	96.425	蒸気(1257)/蒸し(621)/蒸発(494)/蒸留(205)/蒸し暑い(132)/蒸す(123)/くん蒸(93)/蒸着(90)/蒸散(88)/蒸し焼き(83)/蒸し器(79)/蒸れ(76)/蒸らし(75)/蒸し煮(65)/蒸し暑く(52)/蒸(50)/蒸らす(39)/蒸し物(35)/蒸溜(35)/蒸し暑(34)
1440	践	4203	21.5182	96.432	実践(4132)/勾践(29)/践祚(16)/履践(9)/實践(6)/践(3)/句践(2)/恵践(2)/践み(2)/践む(2)
1441	殖	4197	21.4875	96.439	増殖(1512)/繁殖(949)/生殖(714)/養殖(640)/殖産(68)/拓殖(51)/殖え(34)/殖やし(29)/殖やす(27)/利殖(20)/増養殖(20)/殖(19)/殖民(16)/貨殖(12)/殖える(11)/移殖(11)/自殖(10)/麻殖生(8)/学殖(5)/殖やせよ(4)
1442	獄	4194	21.4721	96.446	地獄(2232)/監獄(484)/獄中(207)/獄(203)/出獄(195)/牢獄(185)/投獄(166)/脱獄(114)/疑獄(69)/大獄(65)/獄舎(38)/獄門(35)/獄死(32)/煉獄(26)/入獄(19)/獄窓(12)/獄卒(11)/獄吏(11)/典獄(9)/囚獄(8)
1443	摂	4163	21.3134	96.453	摂取(1967)/摂食(270)/摂る(269)/摂政(207)/摂津(207)/摂り(197)/摂っ(188)/摂理(185)/摂関(119)/摂氏(99)/包摂(88)/摂ら(85)/摂れ(54)/摂生(51)/摂(31)/摂れる(25)/摂家(17)/摂餌(13)/北摂(10)/摂ろう(10)
1444	茂	4160	21.2981	96.460	茂(517)/賀茂(399)/茂み(380)/茂木(187)/加茂(176)/茂っ(170)/茂樹(127)/野茂(121)/繁茂(114)/茂る(104)/茂雄(103)/生い茂っ(102)/茂吉(101)/茂り(88)/家茂(79)/宗茂(73)/生い茂る(68)/茂原(42)/茂盛(39)/茂兵衛(38)
1445	喫	4147	21.2315	96.467	喫茶(1531)/喫煙(1493)/満喫(590)/喫し(208)/喫緊(72)/喫っ(58)/喫い(46)/喫する(36)/喫う(29)/喫水(25)/喫わ(15)/喫(6)/喫み(6)/喫ん(5)/喫す(4)/喫驚(4)/喫おう(3)/喫いかけ(2)/喫え(2)/喫む(2)
1446	尻	4143	21.2110	96.474	尻(2157)/尻尾(479)/目尻(228)/尻目(113)/利尻(68)/塩尻(68)/尻餅(66)/尻込み(59)/川尻(58)/野尻(57)/帳尻(46)/尻もち(44)/江尻(39)/奥尻(35)/河尻(31)/言葉尻(31)/島尻(30)/尻ごみ(29)/池尻(29)/尻拭い(28)
1447	亜	4140	21.1957	96.481	亜(818)/東亜(539)/亜鉛(267)/亜美(193)/亜紀子(159)/白亜(147)/亜矢(144)/亜紀(123)/亜細亜(118)/亜希子(105)/亜弓(105)/亜種(96)/亜科(92)/亜衣(89)/亜矢子(67)/亜弥(58)/亜沙子(58)/日亜(56)/亜麻(48)/亜由美(44)
1448	稼	4099	20.9858	96.488	稼ぎ(742)/稼い(604)/稼働(574)/稼ぐ(527)/出稼ぎ(364)/稼動(350)/稼げる(192)/稼業(162)/稼げ(124)/稼が(75)/共稼ぎ(66)/出稼(55)/稼得(49)/稼ごう(47)/稼(27)/稼ぎ頭(27)/荒稼ぎ(24)/稼ぎ出し(13)/稼頭央(13)/金稼ぎ(12)
1449	皿	4097	20.9755	96.495	皿(2672)/灰皿(426)/受け皿(287)/大皿(138)/小皿(133)/皿洗い(77)/取り皿(32)/絵皿(28)/平皿(24)/皿山(23)/受皿(22)/角皿(19)/深皿(15)/火皿(15)/（＃▼皿▼メ）(11)/紙皿(10)/焼き皿(9)/皿盛り(9)/皿数(8)/上皿(7)
1450	弘	4088	20.9294	96.502	弘前(464)/弘(432)/義弘(267)/弘法(204)/弘文(158)/弘之(108)/弘子(106)/弘道(106)/康弘(92)/弘化(86)/弘仁(85)/弘毅(81)/弘安(69)/行弘(67)/弘志(48)/弘美(48)/昌弘(45)/政弘(44)/弘治(41)/元弘(40)
1451	綱	4074	20.8578	96.509	綱(592)/大綱(549)/要綱(527)/横綱(443)/綱領(256)/手綱(208)/綱吉(126)/信綱(120)/綱引き(105)/綱渡り(71)/綱紀(71)/飯綱(70)/頼綱(54)/命綱(52)/紙綱(41)/綱目(41)/高綱(40)/家綱(36)/当綱(34)/氏綱(32)
1452	貰	4073	20.8527	96.516	貰っ(1639)/貰い(726)/貰う(611)/貰え(396)/貰える(310)/貰わ(101)/貰おう(83)/貰い物(24)/貰(22)/貰ひ(21)/貰えれ(14)/貰つ(14)/貰い受け(13)/貰ふ(13)/貰い手(10)/貰へ(8)/貰い泣き(6)/貰い湯(6)/貰ぅ(6)/貰い乳(5)
1453	芽	4064	20.8066	96.523	芽(1209)/発芽(632)/芽生え(413)/萌芽(170)/新芽(160)/花芽(154)/肉芽(116)/木の芽(108)/胚芽(100)/出芽(85)/若芽(70)/芽生える(65)/麦芽(63)/芽吹き(57)/芽ばえ(50)/芽衣(50)/さし芽(48)/骨芽(31)/芽腫(28)/冬芽(23)
1454	棚	4054	20.7554	96.530	棚(1608)/本棚(454)/戸棚(308)/棚卸(257)/棚田(209)/神棚(150)/棚上げ(144)/書棚(137)/陸棚(99)/棚橋(89)/岩棚(70)/棚地(54)/飾り棚(53)/棚卸し(49)/棚板(45)/網棚(44)/藤棚(28)/棚倉(18)/盆棚(18)/木棚(16)
1455	斎	4035	20.6581	96.536	斎藤(1014)/書斎(627)/斎(501)/心斎橋(157)/斎宮(99)/鉄斎(99)/北斎(96)/普斎(94)/一刀斎(91)/斎場(81)/斎木(77)/心斎(68)/雲斎(63)/斎院(57)/闇斎(55)/幽斎(46)/春斎(44)/仁斎(42)/正志斎(37)/斎王(32)
1456	膝	4024	20.6018	96.543	膝(3073)/両膝(146)/片膝(94)/左膝(74)/膝頭(74)/右膝(68)/膝下(67)/膝元(61)/膝蓋(57)/膝丈(35)/膝枕(34)/膝上(33)/膝蹴り(25)/立て膝(22)/側膝(21)/膝立ち(17)/膝裏(17)/膝掛け(14)/膝痛(10)/膝行(10)
1457	忍	4017	20.5660	96.550	忍耐(587)/忍び(487)/忍(439)/忍者(320)/残忍(233)/忍ばせ(146)/忍び込ん(120)/堪忍(116)/忍ん(94)/受忍(88)/不忍(76)/忍び寄っ(66)/忍びこん(61)/忍ぶ(59)/忍法(48)/忍び込む(44)/忍術(44)/忍び笑い(43)/忍び寄る(42)/忍び足(41)
1458	揃	4016	20.5608	96.557	揃っ(1124)/揃え(1068)/揃い(453)/品揃え(273)/揃える(270)/揃う(224)/勢揃い(85)/不揃い(70)/揃わ(60)/取り揃え(58)/出揃っ(43)/切り揃え(24)/揃(22)/買い揃え(22)/揃えれ(20)/一揃い(17)/揃い踏み(14)/揃えよう(13)/揃へ(13)/取り揃える(10)
1459	隅	4006	20.5096	96.564	隅(1622)/片隅(630)/隅田(424)/隅々(294)/大隅(196)/四隅(195)/一隅(179)/隅っこ(114)/隅角(57)/下隅(42)/夷隅(28)/隅倉(25)/上隅(24)/隅櫓(24)/西隅(18)/三隅(16)/右隅(16)/左隅(14)/隅谷(11)/出隅(10)
1460	脅	4003	20.4943	96.570	脅威(1381)/脅迫(821)/脅し(591)/脅かす(276)/脅かさ(218)/脅かし(201)/脅さ(155)/脅え(121)/脅す(118)/脅える(18)/脅せ(15)/脅しつけ(13)/脅し取ら(8)/脅そう(7)/脅しつける(6)/脅(5)/脅かそう(5)/脅し取る(5)/脅やかさ(5)/脅かせ(4)
1461	淡	3996	20.4584	96.577	淡い(840)/淡路(813)/淡々(593)/淡水(288)/冷淡(201)/濃淡(179)/淡白(144)/淡く(132)/淡(108)/淡泊(74)/淡麗(57)/淡紅(54)/淡黄(52)/淡谷(44)/淡色(42)/淡緑(33)/淡口(30)/淡墨(29)/淡雪(28)/淡窓(26)
1462	匹	3978	20.3663	96.584	匹(3414)/匹敵(522)/馬匹(30)/匹夫(7)/匹田(5)
1463	覆	3969	20.3202	96.590	覆わ(845)/覆っ(635)/覆い(453)/覆う(425)/転覆(230)/覆面(229)/被覆(220)/覆す(152)/覆し(92)/覆土(65)/覆い隠し(58)/覆さ(57)/覆(46)/覆い隠す(37)/覆いかぶさる(35)/覆いかぶさっ(33)/覆工(25)/覆滅(22)/覆輪(18)/覆い被さっ(17)
1464	銘	3965	20.2997	96.597	銘柄(1945)/銘(475)/感銘(344)/正銘(176)/銘じ(140)/銘文(110)/銘打っ(87)/銘記(68)/無銘(60)/鐘銘(48)/銘酒(47)/銘々(43)/銘板(41)/碑銘(37)/銘菓(37)/記銘(33)/銘木(24)/西銘(21)/銘仙(21)/兆銘(17)
1465	奮	3958	20.2639	96.604	興奮(2826)/奮闘(388)/昂奮(111)/奮戦(107)/奮起(106)/奮い立た(90)/奮発(75)/奮っ(43)/発奮(31)/奮迅(25)/奮い立っ(15)/奮い起こし(14)/奮(13)/奮い立つ(13)/奮励(11)/奮いたた(8)/奮う(8)/亢奮(7)/奮い起こす(7)/奮わ(7)
1466	附	3957	20.2588	96.611	附則(1018)/附属(725)/寄附(569)/附帯(420)/附(197)/附近(192)/見附(88)/附置(57)/附記(54)/附け(53)/添附(39)/附録(37)/附し(36)/附い(29)/附加(27)/附随(25)/附票(23)/附款(20)/附き(17)/附合(16)
1467	賢	3921	20.0745	96.617	賢治(585)/賢明(569)/賢い(521)/賢(288)/賢く(255)/賢者(221)/普賢(181)/賢人(119)/賢母(85)/賢一(79)/賢二(59)/賢太郎(43)/重賢(29)/諸賢(26)/ずる賢い(25)/晴賢(23)/直賢(22)/賢三(22)/小賢しい(21)/賢子(21)
1468	鋭	3910	20.0181	96.624	鋭い(1426)/鋭く(851)/鋭意(306)/新鋭(235)/鋭(212)/精鋭(196)/鋭敏(177)/鋭利(97)/先鋭(92)/気鋭(90)/鋭角(74)/尖鋭(31)/鋭かっ(25)/鋭気(17)/鋭一(10)/鋭治(10)/鋭鋒(9)/鋭夫(8)/鋭子(8)/鋭き(6)
1469	挨	3906	19.9977	96.630	挨拶(3900)/挨(4)/挨っ(2)
1470	拶	3903	19.9823	96.637	挨拶(3900)/拶(3)
1471	巣	3882	19.8748	96.643	巣(1431)/卵巣(483)/精巣(163)/病巣(160)/巣鴨(143)/空き巣(129)/巣箱(120)/蜂の巣(110)/古巣(83)/営巣(83)/巣立っ(79)/巣窟(65)/巣穴(57)/巣立ち(53)/巣くっ(40)/鴻巣(39)/巣作り(38)/空巣(28)/ハチの巣(27)/巣内(27)
1472	堀	3860	19.7622	96.650	堀(903)/堀江(490)/堀内(380)/堀田(246)/堀川(232)/道頓堀(128)/外堀(106)/堀井(99)/堀口(81)/堀越(79)/八丁堀(67)/釣り堀(61)/堀切(57)/小堀(54)/赤堀(52)/堀部(48)/堀場(46)/堀河(46)/堀之内(43)/堀尾(35)
1473	岐	3860	19.7622	96.656	岐阜(1188)/分岐(655)/多岐(494)/讃岐(305)/隠岐(231)/壱岐(175)/土岐(150)/壹岐(127)/岐(92)/岐路(90)/支岐(23)/西岐(22)/伊邪那岐(21)/檜枝岐(18)/岐子(16)/隠岐の島(16)/岐山(15)/旱岐(15)/石岐(14)/久良岐(13)
1474	絞	3843	19.6751	96.663	絞り(851)/絞っ(843)/絞る(280)/絞め(209)/絞ら(170)/絞首(149)/絞り込む(102)/絞殺(101)/絞り込ん(100)/絞り汁(85)/絞り込み(85)/振り絞っ(76)/絞り出す(61)/絞れ(61)/絞める(54)/絞り出し(53)/絞り込ま(38)/絞り値(35)/絞め殺し(30)/振り絞り(27)
1475	敏	3841	19.6649	96.669	敏感(1264)/過敏(391)/敏(288)/敏夫(197)/機敏(179)/鋭敏(177)/敏捷(118)/敏雄(111)/敏子(94)/敏行(88)/敏腕(69)/敏郎(67)/敏達(65)/俊敏(58)/敏速(51)/敏生(44)/明敏(29)/正敏(27)/敏明(26)/敏彦(24)
1476	堅	3836	19.6393	96.676	中堅(524)/堅い(455)/堅調(384)/堅く(308)/堅持(307)/堅固(258)/堅実(248)/堅(210)/堅気(203)/堅牢(122)/堅苦しい(109)/堅苦しく(71)/孫堅(61)/堅田(50)/苻堅(42)/手堅い(37)/堅物(34)/堅め(32)/手堅く(30)/堅城(24)
1477	寂	3823	19.5727	96.682	寂しい(1429)/寂し(739)/静寂(514)/寂しく(437)/寂しかっ(128)/寂(92)/寂寥(70)/寂聴(69)/寂れ(61)/寂寞(34)/寂光(26)/寂庵(24)/閑寂(16)/寂び(12)/寂滅(12)/入寂(10)/寂円(10)/寂然(10)/寂と(9)/寂静(9)
1478	欄	3818	19.5471	96.689	欄(3118)/欄干(165)/空欄(128)/欄外(65)/下欄(59)/上欄(50)/欄間(50)/勾欄(24)/左欄(20)/高欄(20)/各欄(18)/右欄(16)/青欄(14)/中欄(13)/欄中(13)/本欄(12)/甲欄(9)/前欄(7)/同欄(6)/利巣戸欄手(3)
1479	膨	3805	19.4806	96.695	膨大(1260)/膨張(742)/膨らん(419)/膨らま(281)/膨らみ(257)/膨らむ(149)/膨れ上がっ(106)/膨れ(85)/膨脹(63)/膨満(52)/膨潤(48)/膨れあがっ(43)/膨れ上がり(42)/盤膨れ(38)/膨れ上がる(29)/膨隆(21)/膨れる(19)/膨らます(18)/膨らまし(17)/膨圧(15)
1480	廊	3804	19.4754	96.702	廊下(2926)/回廊(344)/画廊(262)/廊(60)/袖廊(33)/石廊(23)/柱廊(21)/廻廊(20)/身廊(19)/歩廊(14)/通廊(14)/側廊(10)/登廊(9)/休廊(6)/単廊(5)/渡廊(5)/外廊(4)/翼廊(4)/茶廊(4)/開廊(4)
1481	訟	3795	19.4294	96.708	訴訟(3686)/非訟(39)/争訟(29)/訟務(18)/訟月(10)/訟師(4)/訟廷(4)/訟訴(2)/訟(1)/訟え(1)/詞訟(1)
1482	啓	3791	19.4089	96.714	啓発(1394)/啓蒙(602)/拝啓(242)/啓示(226)/啓(95)/啓太(94)/啓子(93)/啓司(82)/啓介(75)/啓一(71)/啓もう(68)/天啓(44)/啓治(41)/啓二(38)/啓典(38)/啓次郎(36)/啓次(27)/啓泰(21)/行啓(21)/謹啓(20)
1483	恩	3789	19.3987	96.721	恩恵(724)/恩(624)/恩給(343)/恩師(307)/恩人(176)/恩来(160)/恩返し(154)/恩賞(122)/恩寵(106)/恩田(105)/恩赦(100)/恩義(97)/報恩(85)/恩地(77)/知恩(55)/恩典(53)/恩賜(44)/謝恩(37)/孚恩(34)/恩蔵(30)
1484	倫	3781	19.3577	96.727	倫理(2014)/不倫(1083)/倫子(167)/人倫(104)/明倫(74)/倫(50)/映倫(39)/絶倫(37)/鄭倫(35)/倫敦(34)/杰倫(26)/五倫(18)/倫太郎(16)/倫学(14)/威倫(10)/倫世(7)/倫弘(7)/ビデ倫(5)/京倫(5)/倫正(5)
1485	栽	3774	19.3219	96.734	栽培(3129)/盆栽(326)/植栽(263)/前栽(24)/特栽(8)/家栽(7)/栽植(6)/栽(3)/栽ゑ(1)/栽判(1)/栽園(1)/栽弘(1)/栽縫(1)/永栽(1)/玄栽(1)/輪栽(1)
1486	簿	3741	19.1529	96.740	名簿(1118)/簿(1107)/帳簿(916)/簿記(329)/原簿(118)/簿価(74)/公簿(25)/簿外(25)/簿冊(21)/主簿(2)/村簿(2)/鹵簿(2)/手簿(1)/簿妙(1)
1487	腫	3730	19.0966	96.746	腫瘍(1146)/腫れ(581)/腫(468)/浮腫(241)/筋腫(222)/腫脹(117)/腫瘤(107)/腺腫(80)/気腫(79)/水腫(63)/肉腫(58)/腫れる(52)/血腫(52)/腫大(46)/腫れあがっ(35)/腫れ上がっ(32)/腫れ物(31)/芽腫(28)/浮腫み(25)/嚢腫(24)
1488	磁	3726	19.0761	96.753	電磁(978)/磁気(630)/磁石(393)/磁場(373)/陶磁器(257)/磁器(176)/青磁(145)/磁界(124)/磁力(118)/白磁(86)/磁(79)/磁性(79)/陶磁(62)/磁束(57)/磁極(46)/磁針(40)/磁化(18)/励磁(17)/透磁(14)/磁土(8)
1489	歓	3724	19.0659	96.759	歓迎(1762)/歓声(618)/歓喜(441)/歓び(170)/歓楽(127)/歓待(109)/歓談(93)/歓呼(85)/交歓(84)/歓心(40)/歓(38)/歓送迎(31)/合歓(30)/哀歓(19)/歓送(15)/合歓木(11)/新歓(11)/歓ぶ(10)/歓ん(7)/合歓の木(4)
1490	伯	3723	19.0607	96.765	伯父(812)/伯母(605)/伯爵(594)/佐伯(547)/伯(346)/画伯(111)/伯耆(82)/日伯(58)/伯要(33)/伯方(32)/伯楽(28)/伯仲(26)/有伯(22)/伯夫(21)/伯才(21)/項伯(21)/伯元(19)/景伯(19)/あご伯父(18)/西伯(17)
1491	泥	3694	18.9123	96.771	泥(1020)/泥棒(887)/汚泥(255)/泥沼(204)/泥酔(124)/泥水(95)/泥炭(88)/泥岩(86)/雲泥(77)/拘泥(65)/泥まみれ(65)/泥土(43)/泥んこ(41)/春泥(37)/泥流(36)/泥濘(32)/泥鰌髭(31)/泥臭い(28)/泥田(22)/泥仕合(21)
1492	筒	3687	18.8764	96.778	封筒(1468)/筒(551)/円筒(332)/気筒(251)/筒井(247)/水筒(202)/井筒(111)/筒抜け(65)/竹筒(58)/筒袖(29)/茶筒(28)/筒切り(26)/筒型(26)/筒形(26)/経筒(25)/小筒(24)/筒先(21)/鏡筒(17)/内筒(14)/矢筒(13)
1493	軟	3685	18.8662	96.784	柔軟(1501)/軟骨(443)/軟膏(242)/軟(177)/軟弱(164)/軟らかく(154)/軟らかい(145)/軟化(145)/軟調(91)/軟式(83)/軟禁(73)/軟らか(67)/軟体(60)/軟質(36)/軟部(33)/軟水(29)/軟酥(28)/軟鋼(28)/硬軟(26)/軟便(26)
1494	寛	3671	18.7945	96.790	寛永(586)/寛容(463)/良寛(338)/寛(330)/寛政(325)/寛大(307)/寛文(190)/寛解(103)/寛い(75)/寛子(61)/寛治(47)/寛寿郎(46)/寛司(44)/寛平(41)/寛美(40)/寛之(39)/寛延(39)/寛仁(31)/寛保(30)/寛元(28)
1495	泳	3671	18.7945	96.796	泳い(790)/水泳(761)/泳ぐ(474)/泳ぎ(472)/泳が(151)/泳げ(121)/遊泳(121)/平泳ぎ(103)/泳げる(102)/競泳(71)/混泳(47)/背泳ぎ(45)/泳三(34)/泳(30)/遠泳(28)/泳動(23)/泳ぎまわっ(18)/泳法(17)/泳ごう(16)/泳がし(14)
1496	匂	3667	18.7740	96.802	匂い(2989)/匂わ(102)/匂う(83)/酒匂(83)/匂宮(77)/匂っ(64)/匂(54)/匂ひ(46)/匂ふ(41)/匂坂(20)/匂い立つ(19)/匂い袋(13)/匂わし(9)/匂いたつ(8)/匂い立っ(8)/匂へ(8)/匂わす(7)/匂わせ(6)/匂わさ(4)/咲き匂う(4)
1497	顕	3667	18.7740	96.809	顕著(1353)/顕微(563)/顕在(410)/顕彰(205)/顕(142)/顕示(128)/顕現(104)/顕教(57)/顕家(39)/顕治(38)/顕れ(33)/顕如(32)/露顕(27)/顕密(27)/貴顕(22)/日顕(19)/顕われ(19)/顕性(17)/顕し(16)/顕正(16)
1498	径	3657	18.7229	96.815	直径(1335)/半径(606)/径(537)/口径(438)/小径(198)/外径(77)/粒径(63)/内径(60)/鼠径(51)/花径(46)/大径(32)/長径(26)/古径(21)/胴径(21)/径行(20)/細径(16)/横径(13)/山径(12)/短径(11)/径路(10)
1499	鶴	3655	18.7126	96.821	鶴見(596)/鶴(595)/鶴岡(331)/千鶴(245)/西鶴(181)/舞鶴(125)/新鶴(109)/千鶴子(105)/鶴田(69)/真鶴(59)/鶴橋(52)/鶴子(51)/鶴屋(51)/鶴瓶(50)/鶴ヶ城(40)/鶴姫(37)/鶴代(36)/折り鶴(32)/小鶴(30)/鶴尾(30)
1500	偏	3653	18.7024	96.827	偏見(819)/偏差(695)/偏っ(358)/偏り(266)/偏(218)/偏重(135)/偏向(127)/偏在(111)/偏食(80)/偏狭(72)/偏光(71)/偏る(66)/偏屈(64)/偏執(51)/偏ら(44)/偏愛(43)/不偏(40)/偏平(39)/偏移(39)/偏西(39)
1501	膚	3640	18.6358	96.833	皮膚(3518)/膚(57)/完膚(47)/髪膚(5)/肌膚(3)/膚髪(3)/地膚(2)/赤膚(2)/感膚(1)/素膚(1)/鮫膚(1)
1502	灰	3631	18.5897	96.839	灰色(1121)/灰(964)/石灰(511)/灰皿(426)/降灰(77)/凝灰(59)/灰白(57)/灰汁(41)/灰燼(35)/飛灰(27)/死の灰(22)/灰谷(21)/木灰(20)/灰原(19)/灰釉(14)/遺灰(14)/灰いろ(13)/灰分(12)/銀灰(12)/灰緑(11)
1503	傍	3629	18.5795	96.845	傍(950)/傍ら(722)/傍聴(420)/傍受(308)/傍観(201)/近傍(194)/傍点(156)/路傍(123)/傍若(103)/傍線(100)/傍系(76)/傍目(72)/傍証(57)/傍流(24)/傍訓(23)/畝傍(21)/傍白(14)/傍孔(13)/傍論(12)/傍層(11)
1504	彫	3623	18.5488	96.852	彫刻(1403)/浮き彫り(312)/彫り(258)/彫っ(235)/彫像(234)/彫ら(176)/木彫(104)/彫(103)/彫る(99)/木彫り(64)/彫師(54)/彫金(42)/浮彫(36)/彫り物(31)/浮彫り(27)/彫り込ま(26)/彫塑(22)/手彫り(22)/彫琢(19)/彫り出し(17)
1505	幻	3620	18.5334	96.858	幻想(1340)/幻(797)/幻影(290)/幻覚(290)/幻滅(143)/幻聴(107)/夢幻(94)/幻視(72)/幻弥(65)/変幻(62)/幻冬(48)/幻惑(45)/幻獣(41)/幻術(32)/幻之介(27)/幻燈(27)/幻灯(24)/幻軍(16)/幻楼(12)/幻光(11)
1506	晶	3603	18.4464	96.864	結晶(1160)/液晶(952)/水晶(479)/晶(324)/晶子(297)/共晶(56)/千晶(39)/晶穂(34)/嵐晶(30)/晶人(28)/晶文(28)/晶出(18)/初晶(14)/氷晶(14)/星晶(12)/晶世(12)/包晶(11)/非晶(11)/斑晶(6)/晶一(6)
1507	吾	3600	18.4310	96.870	吾(600)/吾妻(287)/慎吾(275)/吾輩(214)/吾郎(209)/東吾(147)/熊吾(138)/安吾(134)/吾が(114)/吾人(109)/省吾(105)/吾一(101)/吾々(100)/健吾(82)/昭吾(76)/圭吾(72)/信吾(59)/新吾(51)/修吾(42)/吾子(39)
1508	拍	3595	18.4054	96.876	拍手(1144)/拍子(1049)/心拍(368)/拍車(330)/拍(295)/脈拍(180)/拍出(69)/拍動(57)/頻拍(30)/短拍(19)/長拍(13)/拍節(9)/拍数(8)/拍っ(7)/半拍(5)/弱拍(2)/強拍(2)/拍つ(2)/德拍(1)/拍ち(1)
1509	鍵	3591	18.3849	96.882	鍵(3033)/鍵盤(218)/合鍵(103)/鍵穴(90)/鍵束(36)/合い鍵(17)/鍵っ子(11)/黒鍵(8)/鍵形(7)/開鍵(7)/内鍵(6)/白鍵(5)/鍵本(5)/鍵箱(5)/打鍵(4)/鍵役(4)/合わせ鍵(3)/鍵あけ(3)/鍵開け(3)/訳鍵(2)
1510	扉	3580	18.3286	96.888	扉(3147)/門扉(150)/扉口(89)/鉄扉(38)/中扉(27)/扉絵(19)/大扉(16)/開扉(15)/前中扉(9)/隠し扉(9)/偽扉(8)/扉越し(8)/側扉(6)/章扉(6)/扉裏(5)/前扉(4)/扉側(4)/板扉(4)/題扉(4)/扉峠(2)
1511	垣	3578	18.3184	96.894	石垣(880)/垣根(262)/板垣(237)/大垣(198)/稲垣(177)/垣(169)/生垣(156)/新垣(153)/人垣(132)/垣間見(129)/宇垣(117)/生け垣(107)/垣間見る(87)/垣間(67)/谷垣(49)/垣内(48)/中垣(44)/竹垣(44)/水垣(40)/八重垣(38)
1512	畳	3567	18.2621	96.900	畳(2473)/石畳(281)/畳ん(110)/折り畳み(94)/畳表(55)/畳敷き(47)/重畳(47)/折り畳ん(39)/千畳敷(36)/畳み(35)/折畳(31)/畳ま(27)/半畳(25)/畳屋(23)/畳む(20)/畳みかける(18)/折り畳ま(17)/畳みかけ(17)/折り畳む(14)/折畳み(12)
1513	塔	3562	18.2365	96.906	塔(2269)/仏塔(143)/鉄塔(135)/尖塔(99)/砲塔(95)/石塔(60)/大塔(59)/塔婆(57)/塔野(57)/塔頭(54)/宝塔(54)/卒塔婆(48)/巨塔(35)/堂塔(26)/印塔(24)/斜塔(24)/西塔(24)/東塔(22)/層塔(19)/塔中(18)
1514	逮	3550	18.1750	96.912	逮捕(3540)/逮(4)/逮補(2)/逮夜(1)/逮学(1)/逮捕ら(1)/逮田(1)
1515	岳	3549	18.1699	96.918	岳(1324)/山岳(870)/八ヶ岳(145)/駒ヶ岳(93)/御岳(87)/幽岳(82)/槍ヶ岳(58)/倉岳(44)/賤ヶ岳(43)/駒ガ岳(41)/泉岳(35)/駒ケ岳(33)/北岳(32)/岳父(31)/高岳(29)/赤岳(27)/中岳(24)/岳志(23)/大岳(22)/燧ヶ岳(22)
1516	頻	3539	18.1187	96.924	頻繁(1550)/頻度(1264)/頻発(292)/頻回(78)/頻尿(71)/頻出(56)/頻り(53)/頻脈(39)/頻拍(30)/頻(28)/最頻(19)/頻婆娑羅(19)/頻々(16)/頻用(7)/迦陵頻伽(5)/一頻り(3)/頻婆裟羅(2)/也頻(1)/伽陵頻迦(1)/降り頻る(1)
1517	鶏	3532	18.0829	96.930	鶏(1655)/鶏肉(704)/養鶏(171)/鶏卵(114)/地鶏(107)/鶏ガラ(64)/鶏舎(62)/鶏がら(60)/雄鶏(46)/闘鶏(42)/軍鶏(34)/若鶏(33)/鶏そぼろ(32)/蒸し鶏(30)/木鶏(23)/鶏冠(23)/鶏皮(19)/鶏頭(19)/雌鶏(16)/鶏糞(15)
1518	偉	3525	18.0470	96.936	偉大(1617)/偉い(833)/偉(415)/偉人(159)/偉業(123)/偉く(121)/お偉(64)/偉丈夫(35)/偉かっ(30)/偉容(26)/偉力(10)/必偉(10)/偉観(8)/偉う(7)/魁偉(7)/偉信(6)/偉功(5)/大偉(5)/瑠偉(5)/偉徳(4)
1519	廷	3513	17.9856	96.942	朝廷(1109)/法廷(1041)/宮廷(929)/出廷(101)/廷臣(84)/廷(65)/開廷(40)/退廷(26)/内廷(23)/閉廷(18)/入廷(14)/廷吏(13)/休廷(11)/正廷(9)/廷尉(6)/廷内(4)/訟廷(4)/在廷(3)/宝廷(2)/廷琛(2)
1520	宜	3511	17.9754	96.948	宜しく(1490)/便宜(627)/適宜(613)/宜しい(159)/宜(103)/時宜(65)/宜しけれ(59)/宜野湾(57)/宜子(52)/宜しかっ(32)/宜野座(28)/宜い(19)/咸宜(17)/禰宜(17)/宜伸(13)/宜昌(13)/宜しき(10)/宜しゅう(10)/土宜(9)/宜保(8)
1521	机	3504	17.9395	96.954	机(3161)/机上(200)/小机(31)/文机(25)/大机(9)/机間(9)/長机(8)/床机(7)/机案(6)/経机(6)/座り机(5)/仕事机(4)/机辺(3)/立ち机(3)/すわり机(2)/下机(2)/坐り机(2)/座机(2)/机下(2)/机越し(2)
1522	粧	3501	17.9242	96.960	化粧(3377)/粧子(65)/美粧(17)/粧(12)/行粧(6)/塗粧(4)/粧ひ(3)/薬粧(3)/粧い(2)/佐粧(1)/新粧(1)/粧っ(1)/粧ふ(1)/粧へ(1)/粧り(1)/粧品(1)/粧太(1)/粧水(1)/粧飾(1)/銀粧(1)
1523	犠	3490	17.8679	96.965	犠牲(3365)/犠打(50)/供犠(43)/犠飛(27)/伏犠(2)/犠(2)/犠式(1)
1524	綺	3488	17.8576	96.971	綺麗(3360)/綺羅(32)/綺譚(22)/亜綺子(14)/綺童丸(10)/綺語(9)/綺想(8)/綺蝶(7)/綺(6)/綺堂(6)/綺談(4)/綾綺(4)/綺音(3)/漢綺(1)/綺子(1)/談綺(1)
1525	卓	3475	17.7911	96.977	食卓(995)/卓球(402)/卓(354)/卓越(315)/電卓(232)/卓上(177)/董卓(169)/卓也(136)/円卓(92)/座卓(84)/卓袱台(62)/卓抜(40)/卓見(35)/卓子(34)/卓二(27)/卓郎(27)/卓美(25)/卓真(23)/教卓(21)/小卓(16)
1526	肺	3475	17.7911	96.983	肺(1613)/肺炎(718)/肺がん(318)/心肺(212)/じん肺(89)/肺胞(89)/肺ガン(79)/肺癌(78)/肺病(38)/肺門(35)/肺腑(26)/肺野(23)/右肺(21)/左肺(21)/肺臓(17)/肺性(15)/肺葉(15)/肺内(14)/両肺(8)/片肺(8)
1527	獣	3473	17.7808	96.989	獣(1201)/鳥獣(524)/怪獣(416)/獣医(349)/野獣(193)/猛獣(122)/神獣(111)/珍獣(43)/幻獣(41)/雷獣(34)/海獣(31)/魔獣(25)/獣道(23)/禽獣(22)/獣人(20)/百獣(18)/獣神(17)/獣肉(17)/害獣(16)/獣類(16)
1528	雅	3471	17.7706	96.995	優雅(809)/雅子(383)/雅(268)/雅彦(206)/雅行(132)/雅楽(122)/雅美(114)/博雅(104)/雅之(86)/雅人(70)/風雅(70)/雅治(57)/雅代(47)/大雅(46)/典雅(44)/雅弘(35)/雅俊(34)/雅史(32)/雅山(32)/雅号(30)
1529	栗	3438	17.6016	97.001	栗(715)/片栗粉(353)/栗原(348)/栗山(233)/栗田(206)/栗東(197)/小栗(187)/栗橋(161)/栗毛(130)/栗林(105)/栗色(79)/栗子(57)/栗本(57)/栗栖(48)/栗石(41)/栗鼠(40)/栗須(36)/栗尾(34)/栗島(27)/栗岡(24)
1530	鎌	3437	17.5965	97.006	鎌倉(2596)/鎌足(246)/鎌(226)/鎌田(172)/鎌子(47)/鎌首(36)/鎌ヶ谷(18)/鎖鎌(16)/洲鎌(11)/鎌ケ谷(9)/利鎌(6)/鎌谷(6)/鎌鼬(6)/柄鎌(4)/鎌倉町(4)/鎌形(4)/敏鎌(3)/石鎌(3)/鎌刃(3)/鎌原(3)
1531	箇	3424	17.5299	97.012	箇所(2492)/箇条(288)/箇年(265)/箇(144)/箇月(126)/五箇山(37)/箇国(11)/六箇(8)/箇日(8)/三箇野(7)/五箇(7)/箇郷(7)/別箇(6)/南箇(3)/天目一箇(3)/箇夜(3)/箇村(3)/好箇(1)/箇の(1)/箇中(1)
1532	翼	3420	17.5095	97.018	翼(1159)/右翼(730)/左翼(662)/一翼(147)/尾翼(140)/主翼(131)/翼賛(87)/両翼(68)/翼状(25)/有翼(20)/翼端(18)/比翼(17)/雲翼(17)/片翼(15)/翼面(13)/鼻翼(12)/翼下(9)/翼竜(9)/鶴翼(8)/翼型(7)
1533	孤	3419	17.5044	97.024	孤独(1573)/孤立(985)/孤児(370)/孤島(126)/孤高(101)/孤(93)/孤軍(46)/孤り(17)/孤絶(16)/孤雁(12)/孤城(9)/孤影(9)/孤食(8)/孤蝶(7)/孤塁(6)/孤愁(6)/孤竹(4)/孤閨(4)/多利思比孤(3)/孤峰(3)
1534	漏	3416	17.4890	97.029	漏れ(1080)/漏らし(501)/漏れる(211)/漏洩(188)/漏えい(131)/漏らす(130)/漏水(103)/漏らさ(90)/水漏れ(85)/雨漏り(82)/膿漏(70)/遺漏(68)/漏斗(64)/漏出(60)/漏(50)/木漏れ日(46)/お漏らし(35)/漏電(34)/早漏(31)/液漏れ(20)
1535	菊	3412	17.4685	97.035	菊(821)/菊池(473)/菊花(173)/菊地(158)/春菊(132)/菊次(114)/菊乃(103)/菊五郎(101)/菊川(100)/菊間(75)/お菊(72)/菊枝(59)/小菊(58)/菊本(54)/菊田(54)/菊水(51)/千代菊(50)/野菊(41)/白菊(37)/菊丸(31)
1536	耕	3411	17.4634	97.041	耕作(672)/農耕(649)/耕地(501)/耕し(191)/耕す(135)/耕一(131)/耕(108)/耕助(107)/休耕(66)/耕三(64)/耕平(59)/耕起(57)/耕種(44)/耕さ(42)/耕耘(38)/耕運(37)/土耕(36)/水耕(36)/耕筰(35)/耕太郎(34)
1537	銅	3405	17.4327	97.047	銅(1087)/青銅(441)/銅鐸(281)/銅像(210)/銅山(122)/銅板(101)/銅剣(95)/銅貨(81)/金銅(80)/和銅(78)/銅矛(68)/銅線(61)/赤銅(51)/銅戈(46)/銅鏡(43)/銅鑼(43)/分銅(37)/銅銭(36)/銅器(32)/銅鉱(30)
1538	劣	3404	17.4276	97.052	劣化(542)/劣ら(489)/劣る(376)/劣っ(315)/劣等(301)/優劣(227)/卑劣(202)/劣悪(165)/劣勢(129)/下劣(100)/見劣り(97)/劣後(79)/劣り(73)/劣性(66)/愚劣(57)/拙劣(40)/劣位(39)/低劣(24)/劣敗(16)/劣情(13)
1539	其	3396	17.3866	97.058	其(2115)/其の(818)/其処(143)/其れ(137)/其方(64)/其奴(18)/其角(18)/其々(15)/其中(11)/食其(11)/其琛(6)/其處(6)/其東(5)/其の方(4)/其処此処(4)/其レ(3)/其昱(2)/其磧(2)/其処彼処(1)/其家(1)
1540	沙	3394	17.3764	97.064	沙汰(926)/沙霧(185)/理沙(176)/沙織(149)/毘沙門(138)/沙漠(98)/梨沙(95)/麻沙子(87)/沙(86)/美沙(80)/沙羅(77)/美沙緒(77)/曼珠沙華(63)/亜沙子(58)/智沙(56)/沙弥(54)/沙英(48)/美沙子(45)/沙江(39)/沙優(36)
1541	洞	3393	17.3712	97.070	洞窟(671)/空洞(644)/洞(540)/洞察(454)/洞穴(208)/洞爺(186)/曹洞(132)/洞簫(56)/洞爺湖(52)/明洞(36)/仙洞(32)/雪洞(27)/風洞(23)/之洞(22)/西洞院(22)/洞房(21)/東洞(18)/洞内(18)/洞庭(18)/洞くつ(17)
1542	荘	3390	17.3559	97.075	荘(966)/別荘(745)/山荘(399)/荘園(394)/荘厳(217)/荘子(108)/荘重(68)/荘児(56)/老荘(34)/連荘(34)/荘介(25)/荘王(25)/荘内(19)/厳荘(17)/荘太(17)/荘官(17)/雀荘(17)/荘司(15)/本荘(14)/荘助(14)
1543	牲	3375	17.2791	97.081	犠牲(3365)/牲(5)/犬牲(3)/牛牲(1)/牲者(1)
1544	哀	3370	17.2535	97.087	哀れ(698)/可哀想(404)/可哀相(219)/悲哀(200)/哀しい(190)/可哀そう(156)/哀願(149)/哀楽(139)/哀しみ(138)/哀愁(134)/哀悼(113)/仲哀(98)/哀し(96)/哀れみ(74)/哀(50)/哀しく(50)/哀切(50)/哀れむ(44)/哀れん(34)/哀惜(31)
1545	孝	3364	17.2228	97.092	孝(586)/孝行(334)/信孝(134)/孝治(118)/孝子(109)/不孝(103)/孝明(85)/孝史(80)/孝雄(77)/孝弟(73)/孝謙(62)/孝平(55)/忠孝(54)/孝夫(53)/孝太郎(52)/孝允(50)/義孝(50)/孝信(45)/孝一(42)/藤孝(42)
1546	粋	3364	17.2228	97.098	純粋(2022)/粋(501)/抜粋(423)/国粋(133)/生粋(103)/小粋(64)/無粋(42)/不粋(14)/粋人(13)/精粋(10)/文粋(9)/粋筋(7)/生っ粋(6)/粋筆(4)/粋狂(3)/粋紅(3)/粋族(2)/至粋(2)/破粋(1)/粋すじ(1)
1547	舟	3361	17.2074	97.104	舟(1184)/海舟(308)/小舟(301)/雪舟(182)/鉄舟(82)/浮舟(75)/方舟(57)/湯舟(56)/木舟(46)/助け舟(45)/箱舟(41)/舟橋(41)/舟運(40)/舟艇(35)/渡し舟(33)/舟遊び(33)/川舟(27)/舟木(27)/べか舟(25)/舟形(24)
1548	拾	3358	17.1920	97.109	拾っ(1004)/拾い(405)/収拾(307)/拾う(267)/拾い上げ(166)/拾わ(126)/拾(113)/拾遺(103)/拾い集め(96)/拾得(83)/拾いあげ(74)/命拾い(59)/拾え(51)/拾おう(51)/ごみ拾い(48)/拾い上げる(46)/拾い読み(33)/ゴミ拾い(31)/拾い出し(31)/拾える(27)
1549	秩	3354	17.1716	97.115	秩序(2959)/秩父(336)/秩父宮(36)/東秩父(4)/秩禄(4)/秩比(3)/平秩(2)/秩(2)/秩子(2)/叙天秩其(1)/秩嘉(1)/秩寮(1)/秩然(1)/秩父別(1)/秩録(1)
1550	豚	3351	17.1562	97.121	豚(1379)/豚肉(963)/豚汁(89)/養豚(88)/豚骨(83)/豚バラ(53)/黒豚(52)/酢豚(46)/子豚(44)/豚丼(37)/豚足(35)/河豚(30)/焼き豚(30)/豚まん(25)/豚カツ(25)/豚もも(24)/豚しゃぶ(20)/焼豚(19)/煮豚(19)/塩豚(14)
1551	浪	3344	17.1204	97.126	浪人(704)/放浪(407)/浪費(400)/浪士(304)/浮浪(277)/浪(166)/流浪(134)/小浪(120)/浪花(82)/波浪(72)/浪漫(72)/浪曲(66)/浪速(65)/楽浪(59)/浪岡(42)/立浪(38)/高浪(35)/浪華(33)/白浪(29)/松浪(25)
1552	酷	3344	17.1204	97.132	残酷(776)/酷い(541)/過酷(432)/冷酷(279)/苛酷(272)/酷(251)/酷く(192)/酷使(144)/酷似(143)/酷評(78)/酷薄(54)/酷暑(45)/酷寒(42)/酷かっ(37)/惨酷(11)/手酷い(8)/酷しい(6)/酷烈(6)/酷けれ(4)/酷吏(3)
1553	涼	3337	17.0845	97.138	涼しい(611)/涼子(563)/涼しく(394)/涼し(361)/清涼(271)/涼(185)/荒涼(162)/納涼(99)/涼風(77)/涼やか(67)/お涼(57)/夕涼み(52)/涼宮(45)/涼しかっ(39)/涼紀(35)/冷涼(33)/涼み(26)/涼ん(24)/涼太(24)/涼介(18)
1554	肪	3337	17.0845	97.143	脂肪(3334)/肪(3)
1555	冒	3334	17.0692	97.149	冒頭(1504)/冒険(1232)/冒さ(147)/冒し(147)/冒瀆(99)/感冒(68)/冒す(66)/冒(21)/冒涜(18)/冒とく(8)/冒頓(6)/冒せ(5)/冒襄(4)/冒そう(3)/冒用(3)/冒險(2)/衝冒(1)
1556	繊	3316	16.9770	97.155	繊維(2215)/繊細(909)/化繊(76)/合繊(43)/繊毛(30)/繊(23)/繊月(7)/繊弱(4)/巻繊(2)/人繊(1)/付繊(1)/分繊(1)/水繊(1)/繊切(1)/繊度(1)/繊手(1)
1557	雷	3279	16.7876	97.160	雷(1051)/魚雷(299)/地雷(264)/雷鳴(201)/機雷(161)/雷雨(158)/落雷(156)/水雷(113)/雷撃(83)/雷神(68)/雷雲(50)/雷電(48)/雷鳥(45)/迅雷(39)/雷太(35)/雷獣(34)/遠雷(32)/雷同(31)/殷雷(30)/雷帝(28)
1558	燥	3263	16.7057	97.166	乾燥(3078)/焦燥(166)/喧燥(3)/燥(3)/枯燥(2)/高燥(2)/燥い(1)/燥がしく(1)/燥ぎ立っ(1)/燥く(1)/燥ゃぎ(1)/燥土(1)/燥湿(1)/燥荻(1)/狂燥(1)
1559	謀	3258	16.6801	97.171	参謀(952)/陰謀(547)/無謀(422)/謀略(212)/謀反(196)/共謀(148)/謀叛(110)/首謀(110)/策謀(88)/謀(69)/謀殺(64)/権謀(59)/謀議(56)/謀る(26)/謀り(25)/深謀(24)/謀っ(20)/主謀(16)/通謀(14)/智謀(11)
1560	粘	3255	16.6647	97.177	粘膜(818)/粘土(803)/粘り(283)/粘液(229)/粘着(188)/粘り強く(130)/粘っ(128)/粘度(93)/粘性(92)/粘り強い(71)/粘る(63)/粘(38)/粘り気(38)/粘り強(36)/粘稠(23)/粘っこい(22)/粘れ(15)/粘れる(15)/粘ら(14)/粘つい(13)
1561	邸	3244	16.6084	97.182	邸(1442)/官邸(601)/邸宅(391)/藩邸(140)/邸内(121)/豪邸(120)/公邸(99)/別邸(82)/私邸(75)/自邸(59)/邸跡(39)/本邸(25)/宮邸(11)/邸館(11)/旧邸(9)/新邸(5)/邸町(4)/邸外(3)/邸地(2)/各邸(1)
1562	漬	3221	16.4906	97.187	漬け(990)/漬物(431)/塩漬け(226)/漬(189)/漬け物(182)/茶漬け(149)/漬ける(92)/漬け込ん(85)/漬けもの(80)/茶漬(67)/漬け汁(55)/酢漬け(53)/浅漬け(50)/漬け込む(46)/漬かっ(41)/浸漬(40)/漬け込み(40)/ぬか漬け(39)/しば漬け(27)/糠漬け(27)
1563	裸	3220	16.4855	97.193	裸(1586)/全裸(283)/裸足(268)/裸体(248)/裸身(122)/素っ裸(105)/赤裸々(76)/丸裸(73)/裸婦(60)/半裸(54)/裸地(47)/裸眼(41)/素裸(36)/裸子(22)/真っ裸(20)/裸木(17)/赤裸(16)/すっ裸(13)/裸女(12)/裸麦(12)
1564	挿	3214	16.4548	97.198	挿入(1947)/挿し(341)/挿絵(301)/挿話(105)/挿し木(86)/挿す(81)/挿管(74)/挿画(30)/挿し絵(29)/挿図(25)/挿れ(21)/挿(14)/挿花(14)/外挿(13)/挿さ(13)/挿し芽(12)/挿せ(11)/挿ん(8)/挿し穂(7)/抜き挿し(6)
1565	徐	3209	16.4292	97.204	徐々(2614)/徐(187)/徐行(85)/徐州(45)/緩徐(41)/徐脈(39)/徐福(38)/徐徐(22)/徐寧(20)/徐に(15)/徐放(13)/徐晃(12)/徐珍(9)/則徐(8)/徐庶(8)/徐季(7)/徐生(5)/徐冷(4)/徐家匯(4)/徐波(4)
1566	狩	3201	16.3882	97.209	狩猟(1001)/狩り(694)/狩野(274)/石狩(139)/狩人(138)/狩(100)/鷹狩り(55)/猪狩(52)/狩衣(47)/狩る(44)/狩矢(41)/狩谷(41)/人狩り(32)/狩っ(31)/狩場(31)/赤狩り(31)/巻狩(26)/紅葉狩り(26)/首狩り(25)/鷹狩(24)
1567	俊	3198	16.3729	97.215	俊輔(247)/俊(207)/俊介(189)/俊彦(182)/俊一(170)/俊也(170)/俊二(106)/俊平(92)/俊明(85)/俊夫(79)/俊哉(77)/高俊(66)/俊敏(58)/俊雄(55)/俊成(54)/俊樹(51)/俊子(48)/俊太郎(45)/俊足(45)/俊之(41)
1568	俳	3187	16.3166	97.220	俳優(1775)/俳句(855)/俳諧(193)/俳人(160)/俳壇(32)/俳画(30)/俳号(24)/俳(18)/俳誌(16)/俳聖(8)/俳友(7)/俳書(7)/俳論(7)/俳譜(7)/古俳(6)/俳文(4)/俳歴(4)/俳体(3)/俳味(3)/歌俳(3)
1569	噂	3181	16.2859	97.225	噂(3010)/噂話(147)/噂真(12)/噂好き(9)/噂ばなし(3)
1570	寸	3181	16.2859	97.231	寸(891)/寸前(798)/寸法(719)/一寸(192)/寸分(81)/寸断(58)/採寸(53)/寸劇(44)/原寸(36)/実寸(34)/寸暇(31)/寸評(30)/寸志(21)/寸止め(18)/寸時(17)/寸胴(15)/方寸(14)/寸鉄(11)/燐寸(10)/寸刻(9)
1571	虐	3179	16.2756	97.236	虐待(1807)/虐殺(600)/残虐(308)/自虐(139)/暴虐(78)/虐げ(75)/虐め(44)/嗜虐(24)/被虐(14)/加虐(12)/淫虐(10)/虐げる(10)/陵虐(9)/弑虐(7)/虐(7)/虐政(6)/悪虐(4)/虐める(4)/受虐(2)/悦虐(2)
1572	滝	3172	16.2398	97.241	滝(1502)/滝沢(313)/滝川(273)/大滝(102)/滝口(78)/滝本(63)/滝壺(52)/滝汗(49)/白滝(49)/滝頭(43)/滝井(39)/小滝(36)/滝田(35)/滝子(30)/滝野川(30)/滝山(25)/清滝(24)/滝上(24)/滝谷(21)/王滝(19)
1573	剰	3170	16.2295	97.247	過剰(2257)/余剰(505)/剰余(382)/剰(4)/剰員(4)/剰え(2)/剰す(2)/剰っ(2)/剰へ(2)/剰る(2)/相剰(2)/餘剰(2)/剰さ(1)/剰つ(1)/剰り(1)/剰スノミナリシモ(1)
1574	乏	3163	16.1937	97.252	貧乏(1459)/乏しい(754)/欠乏(332)/乏しく(283)/窮乏(145)/乏しかっ(73)/乏(52)/乏し(32)/耐乏(16)/乏血(4)/乏しかつ(3)/乏しかろう(3)/乏しけれ(3)/乏しき(2)/乏しから(1)/缺乏(1)
1575	穏	3158	16.1681	97.257	穏やか(1736)/平穏(500)/不穏(283)/穏健(179)/穏便(86)/安穏(81)/静穏(69)/穏和(68)/穏当(49)/穏代(36)/穏(28)/心穏やか(24)/穏か(18)/穏し(1)
1576	綿	3155	16.1528	97.263	綿(981)/木綿(497)/綿密(291)/海綿(140)/綿棒(131)/石綿(115)/綿花(113)/連綿(104)/綿毛(77)/綿糸(71)/綿入れ(68)/綿布(68)/綿貫(67)/真綿(52)/中綿(29)/綿々(26)/綿業(26)/綿矢(16)/綿繰り(16)/綿壁(15)
1577	潔	3130	16.0248	97.268	清潔(1184)/簡潔(683)/不潔(299)/潔(178)/潔癖(155)/潔く(128)/潔白(112)/純潔(109)/高潔(102)/潔い(43)/潔し(34)/潔斎(26)/貞潔(15)/廉潔(12)/潔め(10)/潔彦(8)/潔かっ(6)/潔き(3)/潔司(3)/潔明(3)
1578	姓	3126	16.0043	97.273	百姓(1081)/姓(893)/小姓(280)/姓名(162)/同姓(153)/別姓(152)/旧姓(151)/素姓(59)/改姓(45)/姓氏(32)/本姓(24)/氏姓(13)/授姓(12)/易姓(12)/国姓爺(9)/源姓(7)/九姓(6)/俗姓(6)/異姓(5)/種姓(5)
1579	拓	3116	15.9531	97.279	開拓(1472)/拓(236)/干拓(222)/拓哉(139)/拓也(124)/拓銀(96)/拓郎(86)/拓く(59)/拓海(58)/拓殖(51)/切り拓い(50)/切り拓く(44)/拓本(39)/拓い(37)/拓人(37)/拓巳(37)/拓か(32)/拓け(28)/拓造(22)/拓き(15)
1580	凝	3094	15.8404	97.284	凝っ(466)/凝視(457)/凝らし(442)/凝固(417)/凝縮(365)/凝集(184)/凝り(121)/凝らす(83)/肩凝り(60)/凝る(59)/凝灰(59)/凝結(58)/凝り固まっ(50)/凝らさ(38)/凝然(28)/凝ら(23)/凝血(23)/凝(22)/凝り性(22)/凝視め(17)
1581	壇	3091	15.8251	97.289	仏壇(548)/祭壇(466)/花壇(450)/壇(262)/文壇(206)/壇上(157)/教壇(143)/演壇(112)/土壇場(104)/歌壇(77)/基壇(68)/壇ノ浦(68)/戒壇(68)/論壇(50)/画壇(49)/独壇(46)/登壇(35)/俳壇(32)/天壇(27)/詩壇(21)
1582	缶	3076	15.7483	97.294	缶(1860)/缶詰(604)/空き缶(223)/アルミ缶(61)/缶入り(45)/缶汁(44)/空缶(43)/缶詰め(38)/缶切り(22)/薬缶(22)/桃缶(19)/流し缶(12)/カニ缶(10)/缶づめ(9)/あき缶(7)/製缶(7)/かに缶(6)/鮭缶(6)/缶内(5)/鯖缶(5)
1583	霧	3076	15.7483	97.299	霧(1378)/霧島(431)/沙霧(185)/霧子(150)/夕霧(107)/朝霧(97)/濃霧(93)/霧吹き(85)/霧雨(82)/噴霧(69)/霧散(41)/霧消(35)/霧ヶ峰(28)/霧丸(26)/雲霧(25)/霧山(25)/霧中(23)/夜霧(21)/煙霧(21)/霧笛(20)
1584	猛	3066	15.6971	97.305	猛烈(708)/猛(654)/猛暑(193)/勇猛(150)/猛威(134)/猛然(131)/猛獣(122)/猛攻(116)/獰猛(116)/猛毒(90)/猛虎(79)/猛禽(66)/猛者(63)/猛将(53)/猛進(52)/猛々しい(33)/猛火(33)/猛打(30)/猛々しく(21)/猛省(18)
1585	穂	3064	15.6868	97.310	穂(348)/赤穂(271)/美穂(250)/瑞穂(227)/穂高(192)/穂先(137)/佐穂(133)/高千穂(111)/稲穂(107)/志穂子(86)/穂積(70)/美穂子(70)/玉穂(65)/苗穂(60)/一穂(49)/花穂(45)/菜穂子(43)/菜穂(40)/水穂(37)/穂木(36)
1586	征	3060	15.6664	97.315	征服(789)/遠征(763)/征伐(224)/出征(195)/征討(130)/征夷(99)/征(93)/東征(84)/征人(80)/征四郎(78)/征爾(44)/征韓(44)/長征(34)/征長(30)/征治(26)/征く(23)/親征(21)/征一(17)/征威(15)/征次(15)
1587	漂	3053	15.6305	97.320	漂っ(863)/漂う(679)/漂流(320)/漂わ(319)/漂白(215)/漂い(212)/漂着(201)/漂泊(71)/漂砂(20)/漂民(18)/漂(14)/漂わす(14)/漂馬(14)/漂ふ(11)/漂ひ(7)/漂浪(7)/漂い出(4)/漂い去っ(4)/漂海(4)/浮かび漂っ(3)
1588	虎	3042	15.5742	97.325	虎(874)/虎之助(213)/景虎(191)/白虎(140)/虎ノ門(82)/虎長(82)/猛虎(79)/虎造(75)/高虎(69)/虎王(68)/竹虎(63)/虎視(62)/和虎(60)/老虎(54)/大虎(52)/虎丸(40)/虎の門(38)/虎尾(38)/虎の子(35)/飛虎(34)
1589	粗	3037	15.5486	97.330	粗末(540)/粗(452)/粗大(182)/粗い(179)/粗暴(166)/粗鬆(164)/粗く(123)/粗悪(121)/粗野(121)/粗しょう(100)/粗熱(91)/粗相(78)/粗雑(74)/粗油(54)/粗品(50)/粗食(43)/粗びき(40)/粗製(40)/粗忽(33)/粗利(30)
1590	鉢	3033	15.5281	97.335	鉢(1273)/鉢植え(327)/火鉢(194)/小鉢(138)/すり鉢(120)/托鉢(83)/鉢巻(83)/鉢合わせ(75)/鉢巻き(50)/摺鉢(45)/木鉢(37)/鉢底(35)/鉢物(34)/鉢土(31)/大鉢(30)/衣鉢(25)/乳鉢(24)/根鉢(24)/水鉢(21)/手水鉢(19)
1591	濯	3031	15.5179	97.341	洗濯(2994)/濯ぎ(17)/濯(6)/濯い(5)/濯ぐ(3)/濯う(2)/夜濯(1)/永濯(1)/洗い濯ぐ(1)/濯が(1)
1592	呆	3029	15.5077	97.346	痴呆(1029)/呆れ(611)/呆然(591)/阿呆(184)/呆け(137)/呆気(126)/呆れる(121)/呆れ顔(44)/呆気なく(33)/呆れ返っ(22)/呆(21)/呆気ない(20)/寝呆け(15)/遊び呆け(12)/呆れ返る(7)/呆れかえっ(6)/呆れかえる(6)/呆気な(5)/眠り呆け(4)/呆ける(3)
1593	帽	3021	15.4667	97.351	帽子(1993)/帽(521)/烏帽子(128)/脱帽(110)/僧帽(67)/制帽(40)/軍帽(27)/赤帽(24)/角帽(21)/無帽(17)/鉄帽(15)/学帽(6)/帽し(6)/黄帽(6)/おかま帽(4)/かんかん帽(4)/略帽(4)/破帽(4)/丸帽(3)/夏帽(3)
1594	斉	3005	15.3848	97.356	一斉(1383)/斉藤(549)/斉(307)/斉唱(109)/斉昭(96)/斉明(79)/斉彬(62)/斉美(52)/家斉(35)/均斉(30)/斉家(28)/不斉(20)/斉射(20)/斉田(18)/斉一(17)/斉軍(16)/安斉(13)/斉民(12)/斉王(12)/叔斉(10)
1595	噴	2998	15.3490	97.361	噴火(855)/噴出(479)/噴水(359)/噴き出し(217)/噴煙(160)/噴射(156)/噴い(87)/噴き出す(74)/噴霧(69)/噴き(57)/噴く(52)/噴きだし(47)/噴流(39)/噴き上げ(26)/噴き出(25)/直噴(25)/噴気(24)/噴き上がっ(22)/噴き上げる(20)/噴飯(18)
1596	遭	2991	15.3131	97.366	遭遇(977)/遭っ(619)/遭難(589)/遭う(234)/遭わ(230)/遭い(229)/遭わさ(41)/出遭っ(19)/出遭う(8)/遭え(7)/遭おう(7)/出遭い(6)/遭ふ(6)/遭(5)/出遭わ(2)/遭逢(2)/出遭える(1)/出遭つ(1)/行き遭え(1)/行き遭っ(1)
1597	鎮	2980	15.2568	97.371	鎮静(430)/鎮痛(414)/鎮圧(280)/鎮守(209)/鎮座(189)/鎮(161)/鎮め(157)/重鎮(130)/鎮魂(116)/鎮める(105)/鎮西(65)/鎮護(63)/鎮増(50)/地鎮(46)/鎮撫(41)/鎮火(38)/鎮まっ(33)/鎮まる(27)/鎮定(27)/鎮海(25)
1598	潤	2973	15.2210	97.376	利潤(652)/潤(389)/潤い(306)/浸潤(212)/潤滑(183)/湿潤(119)/潤ん(117)/潤一郎(104)/潤沢(94)/潤し(87)/潤う(70)/潤っ(66)/松潤(60)/潤す(50)/同潤(49)/膨潤(48)/潤子(47)/潤ま(42)/潤一(41)/潤み(34)
1599	癒	2964	15.1749	97.381	癒し(771)/治癒(689)/癒さ(497)/癒着(289)/癒す(239)/癒え(101)/癒やし(57)/癒合(39)/平癒(37)/癒える(31)/癒やさ(31)/快癒(28)/癒る(26)/癒やす(24)/癒(17)/癒そう(17)/癒せ(11)/癒り(9)/癒っ(8)/癒し猫(7)
1600	掌	2963	15.1698	97.386	掌(800)/掌握(549)/合掌(472)/車掌(373)/所掌(228)/管掌(148)/掌中(76)/分掌(63)/職掌(50)/両掌(31)/手掌(31)/掌理(31)/左掌(14)/右掌(12)/掌屈(10)/掌る(9)/掌帆(9)/雑掌(9)/掌編(7)/掌紋(6)
1601	漫	2954	15.1237	97.391	漫画(1999)/漫才(378)/漫然(129)/爛漫(106)/浪漫(72)/散漫(68)/放漫(35)/漫談(31)/漫遊(26)/漫(12)/漫録(12)/瀰漫(11)/冗漫(10)/漫稿(7)/漫筆(7)/漫ろ(6)/漫研(6)/漫々(5)/漫錄(4)/漫歩(3)
1602	誉	2944	15.0725	97.396	名誉(2030)/誉め(263)/栄誉(250)/誉れ(89)/誉める(64)/誉(53)/誉め言葉(31)/道誉(27)/誉田(25)/毀誉(19)/行誉(11)/誉士夫(10)/増誉(6)/承誉(4)/誉めたたえ(4)/誉め称え(4)/誉田別(4)/遠誉野(4)/梅児誉美(3)/誉めたたえる(3)
1603	拭	2943	15.0674	97.401	拭い(700)/拭き(401)/払拭(272)/拭く(264)/拭っ(239)/手拭い(133)/手拭(107)/拭う(102)/清拭(74)/拭き取る(63)/拭き取っ(53)/拭え(50)/拭き取り(47)/拭け(42)/拭か(38)/尻拭い(28)/拭き拭き(28)/水拭き(23)/窓拭き(23)/拭きとる(17)
1604	撤	2941	15.0571	97.406	撤退(1093)/撤廃(571)/撤去(537)/撤回(479)/撤収(176)/撤兵(72)/解撤(7)/撤し(3)/撤(1)/撤する(1)/撤性(1)
1605	愚	2934	15.0213	97.411	愚か(762)/愚痴(638)/愚(214)/愚か者(108)/愚者(77)/愚弄(75)/愚行(74)/愚痴っ(70)/愚哲(64)/愚鈍(64)/愚劣(57)/愚直(49)/愚かしい(47)/愚管(46)/愚連(39)/暗愚(35)/愚問(31)/愚民(27)/愚図愚図(26)/愚痴る(26)
1606	睡	2913	14.9138	97.416	睡眠(1871)/熟睡(216)/爆睡(150)/昏睡(145)/睡魔(145)/睡蓮(105)/一睡(103)/午睡(44)/睡(25)/睡っ(16)/睡り(16)/睡る(11)/醒睡笑(10)/睡気(8)/微睡み(6)/睡れ(6)/睡く(5)/睡い(4)/睡た(4)/睡ら(4)
1607	袖	2910	14.8984	97.421	袖(1238)/半袖(268)/長袖(266)/小袖(202)/袖口(165)/振袖(127)/袖ケ浦(98)/領袖(58)/振り袖(56)/両袖(39)/袖ヶ浦(36)/袖廊(33)/留袖(31)/筒袖(29)/片袖(28)/袖の下(19)/袖丈(19)/袖下(18)/左袖(15)/袖ぐり(13)
1608	濡	2908	14.8882	97.426	濡れ(1795)/濡らし(310)/濡れる(185)/ずぶ濡れ(100)/濡らす(78)/びしょ濡れ(72)/濡れ衣(41)/濡らさ(32)/濡れそぼっ(26)/濡(20)/濡れ場(20)/水濡れ(19)/濡れ手(19)/濡れ濡れ(18)/濡れ縁(16)/ぐしょ濡れ(14)/泣き濡れ(11)/濡縁(11)/濡れ鼠(10)/ズブ濡れ(8)
1609	衡	2908	14.8882	97.430	均衡(1800)/平衡(461)/行衡(85)/衡平(76)/清衡(50)/秀衡(46)/禰衡(43)/衡(35)/度量衡(32)/連衡(30)/重衡(29)/衡量(27)/朝衡(25)/権衡(20)/仇衡(18)/基衡(17)/永衡(14)/泰衡(12)/立衡(10)/衡州(10)
1610	克	2906	14.8779	97.435	克服(1412)/克明(171)/克(135)/克彦(125)/克己(108)/克也(106)/克哉(85)/克郎(67)/克徳(66)/相克(49)/超克(40)/克久(32)/克喜(28)/克美(28)/克典(24)/克安(24)/克巳(23)/克人(22)/克子(19)/下克上(18)
1611	紋	2902	14.8575	97.440	指紋(919)/紋(407)/紋章(246)/波紋(209)/小紋(150)/紋様(148)/家紋(108)/定紋(52)/衣紋(50)/紋切り(45)/斑紋(36)/蛇紋(33)/代紋(29)/紋切(28)/替え紋(27)/地紋(25)/横紋(23)/流紋(23)/菊紋(22)/紋所(19)
1612	酬	2899	14.8421	97.445	報酬(2684)/応酬(173)/酬(14)/酬い(11)/酬いる(8)/献酬(2)/酬いよう(2)/酬わ(2)/酬恩(2)/酬れ(1)
1613	貞	2893	14.8114	97.450	義貞(264)/貞子(191)/童貞(189)/貞(133)/不貞(117)/貞観(116)/貞夫(103)/貞享(85)/貞成(83)/貞操(75)/貞盛(65)/貞任(63)/貞治(57)/貞吉(55)/貞心(55)/貞奴(46)/貞男(44)/光貞(40)/貞淑(40)/貞親(40)
1614	惨	2889	14.7909	97.455	悲惨(1042)/惨め(381)/惨状(194)/惨事(192)/惨敗(175)/無惨(155)/凄惨(140)/惨劇(132)/惨憺(106)/惨殺(97)/陰惨(82)/惨禍(48)/惨(32)/惨害(17)/惨澹(14)/惨い(12)/惨たん(12)/惨酷(11)/惨たらしい(8)/惨忍(8)
1615	架	2889	14.7909	97.460	架(741)/架空(556)/高架(312)/架橋(220)/架け(150)/担架(126)/架かる(119)/書架(101)/架かっ(60)/架線(58)/架け橋(50)/架ける(38)/除架(33)/架構(31)/架設(30)/架け替え(29)/架台(27)/開架(21)/架装(20)/配架(16)
1616	賠	2888	14.7858	97.465	賠償(2630)/自賠責(173)/自賠(29)/税賠(23)/国賠(22)/賠責(6)/賠(3)/損賠(2)
1617	扶	2884	14.7653	97.470	扶養(1681)/扶助(809)/扶桑(127)/扶持(125)/扶余(25)/扶代子(22)/扶け(16)/扶善(10)/扶植(10)/扶(9)/相扶(6)/扶翼(5)/扶餘(5)/扶ける(3)/扶殖(3)/扶風(3)/義扶(3)/扶南(2)/扶壁(2)/扶清(2)
1618	炒	2883	14.7602	97.474	炒め(1489)/炒める(568)/炒め物(170)/炒めもの(96)/炒飯(89)/炒っ(63)/炒り(57)/炒め合わせる(56)/炒め煮(44)/炒り卵(31)/炒め合わせ(30)/炒る(18)/油炒め(17)/炒め油(14)/炒り煮(14)/から炒り(11)/塩炒め(11)/炒(9)/焙炒(7)/釜炒り(7)
1619	寧	2879	14.7397	97.479	丁寧(2098)/寧ろ(133)/安寧(86)/遼寧(71)/寧道(62)/甘寧(61)/寧(55)/寧波(44)/寧夏(22)/徐寧(20)/産寧(17)/寧々(14)/大寧(13)/尚寧(13)/建寧(12)/選寧(11)/南寧(10)/寧辺(10)/会寧(9)/武寧(9)
1620	桃	2879	14.7397	97.484	桃(906)/桃山(287)/扁桃(185)/桃色(172)/桃太郎(161)/桃子(161)/桃介(111)/桃源(110)/胡桃(107)/桃井(98)/桃花(56)/白桃(51)/桃水(42)/桜桃(33)/桃園(32)/桃生(31)/桃缶(19)/黄桃(16)/仙桃(14)/山桃(14)
1621	酢	2875	14.7192	97.489	酢(1448)/酢酸(215)/ポン酢(160)/甘酢(145)/酢の物(124)/酢水(80)/黒酢(74)/木酢(65)/酢漬け(53)/合わせ酢(50)/米酢(47)/酢豚(46)/酢飯(40)/梅酢(38)/酢のもの(36)/食酢(36)/竹酢(30)/すし酢(20)/もろみ酢(16)/辛子酢(14)
1622	酵	2873	14.7090	97.494	酵素(1355)/発酵(1039)/酵母(429)/醗酵(23)/醱酵(21)/酵(3)/はっ酵(1)/酵熟(1)/酵系(1)
1623	縫	2862	14.6527	97.499	縫っ(355)/縫う(302)/縫合(260)/縫い(241)/縫製(184)/裁縫(174)/縫い目(117)/縫い代(96)/縫(83)/縫い合わせ(73)/縫い合わせる(70)/縫いつけ(67)/お縫(58)/縫いしろ(57)/縫いぐるみ(49)/縫いつける(47)/端縫い(33)/縫わ(33)/縫い物(31)/手縫い(28)
1624	溜	2854	14.6117	97.503	溜まっ(553)/溜息(456)/溜め息(309)/溜め(285)/溜まり(179)/溜まる(143)/溜池(117)/水溜り(59)/溜っ(59)/溜め込ん(52)/溜り(51)/溜飲(43)/溜める(37)/蒸溜(35)/溜(33)/溜まり場(31)/日溜まり(26)/水溜まり(26)/溜め込む(23)/溜まら(18)
1625	蓮	2854	14.6117	97.508	蓮(349)/日蓮(343)/蓮如(343)/蓮華(339)/蓮池(110)/睡蓮(105)/蓮根(104)/紅蓮(82)/蓮沼(72)/蓮香(63)/蓮月(60)/蓮見(59)/金蓮(59)/青蓮(55)/小蓮(49)/木蓮(37)/蓮花(35)/翠蓮(32)/蓮實(32)/蓮舫(32)
1626	衰	2854	14.6117	97.513	衰え(842)/衰退(751)/衰弱(355)/減衰(231)/盛衰(156)/衰える(146)/老衰(97)/衰微(59)/衰亡(52)/五衰(22)/瘦せ衰え(21)/衰(16)/やせ衰え(15)/衰へ(14)/衰滅(11)/衰運(11)/痩せ衰え(8)/必衰(7)/病み衰え(7)/衰頽(7)
1627	慰	2851	14.5963	97.518	慰め(782)/慰謝(474)/慰安(309)/慰霊(259)/慰める(217)/慰労(206)/慰問(133)/弔慰(107)/自慰(80)/慰藉(69)/慰撫(35)/慰み(25)/慰めよう(25)/慰留(17)/安慰(10)/慰む(8)/手慰み(6)/慰み者(5)/慰め合う(5)/慰め合っ(5)
1628	瞳	2835	14.5144	97.523	瞳(2540)/瞳子(137)/瞳孔(135)/縮瞳(6)/黒瞳(5)/妖瞳(4)/散瞳(3)/どんぐり瞳(1)/愛瞳(1)/来瞳(1)/瞳径(1)/蒼瞳(1)
1629	澄	2827	14.4735	97.527	澄ん(618)/最澄(277)/澄み(263)/真澄(255)/澄まし(162)/香澄(100)/澄ま(99)/澄子(92)/清澄(79)/直澄(73)/研ぎ澄まさ(63)/澄ます(60)/澄(52)/澄む(47)/澄田(44)/上澄み(40)/深澄(40)/川澄(38)/澄江(36)/信澄(21)
1630	坐	2820	14.4376	97.532	坐っ(1055)/坐り(272)/坐る(222)/坐禅(179)/坐像(152)/坐(113)/坐ら(70)/坐骨(50)/坐し(49)/坐薬(49)/坐りこん(38)/坐れ(38)/坐り直し(34)/坐り込ん(34)/趺坐(34)/胡坐(32)/坐す(28)/坐つ(21)/坐らさ(17)/正坐(17)
1631	循	2815	14.4120	97.537	循環(2789)/因循(8)/循(6)/循ひ(2)/循化(2)/循行(2)/循っ(1)/循つ(1)/循は(1)/循ふ(1)/循守(1)/良循(1)
1632	憎	2808	14.3762	97.542	憎悪(528)/憎しみ(518)/憎ん(301)/憎ま(223)/憎む(215)/憎い(158)/生憎(103)/憎み(95)/憎め(90)/愛憎(77)/憎らしい(59)/憎(58)/憎々し(54)/憎たらしい(45)/憎く(41)/心憎い(32)/憎し(23)/憎らしく(23)/憎き(17)/憎かっ(16)
1633	棟	2797	14.3199	97.546	棟(1317)/病棟(767)/棟梁(206)/棟居(120)/別棟(85)/上棟(39)/棟方(25)/棟田(22)/南棟(19)/北棟(18)/棟数(16)/棟木(16)/寄棟(15)/棟上げ(15)/西棟(14)/各棟(11)/棟内(10)/棟割(8)/棟札(8)/住棟(7)
1634	炊	2795	14.3096	97.551	炊飯(461)/炊い(350)/炊く(330)/炊事(255)/炊き(223)/雑炊(170)/自炊(138)/炊き込み(132)/炊きたて(65)/炊き上がっ(62)/炊け(56)/炊き出し(54)/炊ける(45)/水炊き(36)/煮炊き(27)/炊き上がり(25)/大炊(21)/炊きあがっ(20)/大炊頭(19)/炊き上げ(18)
1635	尚	2786	14.2636	97.556	尚(680)/和尚(605)/高尚(127)/尚更(118)/恵尚(96)/尚子(93)/尚早(88)/尚書(72)/慶尚(65)/尚武(64)/尚且つ(47)/尚美(47)/尚侍(41)/尚人(38)/尚徳(32)/尚志(31)/尚友(22)/尚平(22)/呂尚(18)/尚香(18)
1636	捉	2786	14.2636	97.561	捉え(1528)/捉える(674)/捕捉(224)/択捉(65)/捉えよう(64)/捉われ(41)/捉えれ(31)/捉え直す(20)/捉え直し(19)/捉えどころ(17)/把捉(15)/捉(13)/捉われる(9)/捉へ(8)/捉え返さ(6)/捉え返す(6)/捉まえ(6)/捉まっ(6)/捉えなおす(5)/捉えなおし(4)
1637	斬	2783	14.2482	97.565	斬り(349)/斬新(331)/斬っ(319)/斬る(255)/斬ら(253)/斬首(108)/斬(67)/斬りつけ(61)/斬れ(60)/斬殺(52)/辻斬り(49)/人斬り(40)/斬り合い(40)/斬れる(38)/斬り込ん(35)/斬り捨て(31)/斬り込み(30)/斬撃(29)/斬罪(27)/斬り殺さ(23)
1638	駒	2783	14.2482	97.570	駒(511)/生駒(373)/産駒(287)/駒田(153)/お駒(147)/駒込(128)/駒場(111)/駒井(97)/駒ヶ岳(93)/駒沢(86)/駒大(71)/駒形(50)/駒子(46)/駒ガ岳(41)/駒ケ岳(33)/駒澤(31)/持ち駒(30)/栗駒(24)/駒野(24)/駒吉(23)
1639	拘	2757	14.1151	97.575	拘束(1538)/拘禁(231)/拘ら(213)/拘置(213)/拘留(153)/拘わら(114)/拘泥(65)/拘縮(51)/拘り(40)/拘る(40)/拘(33)/拘っ(23)/拘引(12)/拘わり(7)/拘わる(6)/拘わっ(2)/拘泥り(2)/拘ろう(1)/拘われ(1)/拘ハラズ(1)
1640	嘆	2754	14.0997	97.579	感嘆(400)/嘆き(398)/嘆い(391)/驚嘆(254)/嘆く(248)/嘆願(219)/悲嘆(182)/嘆息(174)/嘆かわしい(57)/讃嘆(45)/嘆き悲しむ(44)/慨嘆(42)/嘆か(41)/賛嘆(38)/嘆声(31)/詠嘆(23)/嘆き悲しん(22)/嘆じ(20)/嘆(18)/愁嘆(17)
1641	籠	2754	14.0997	97.584	籠(477)/駕籠(260)/旅籠(162)/籠城(155)/灯籠(146)/籠っ(116)/燈籠(79)/籠もっ(67)/旅籠屋(63)/参籠(57)/籠め(55)/印籠(50)/籠り(49)/鳥籠(43)/籠手(35)/妻籠(34)/屑籠(33)/籠絡(33)/籠る(28)/堀籠(26)
1642	盾	2753	14.0946	97.589	矛盾(2219)/盾(411)/後ろ盾(97)/後盾(8)/盾形(4)/うしろ盾(3)/盾突く(2)/茅盾(2)/天磐盾(1)/擁盾(1)/盾夫(1)/盾突こう(1)/盾組(1)/覆其盾於地、…切而啗之。(1)/隠盾(1)
1643	盆	2745	14.0537	97.593	盆(1234)/盆地(434)/盆栽(326)/盆踊り(239)/盆休み(137)/盂蘭盆(55)/新盆(35)/初盆(34)/三盆(33)/盆綱(28)/盆暮れ(20)/盆棚(18)/水盆(13)/旧盆(11)/海盆(11)/盆略(11)/迎え盆(11)/盆ざる(8)/膿盆(8)/盆暮(6)
1644	胆	2737	14.0127	97.598	大胆(1293)/落胆(333)/魂胆(153)/胆汁(137)/胆囊(114)/胆(107)/胆石(87)/胆管(72)/胆道(54)/胆嚢(43)/豪胆(43)/胆のう(39)/胆沢(31)/胆振(28)/胆力(25)/嘗胆(23)/肝胆(22)/度胆(20)/心胆(19)/熊の胆(16)
1645	潟	2728	13.9666	97.602	新潟(2284)/干潟(166)/潟(150)/月潟(42)/象潟(14)/平潟(11)/八郎潟(10)/潟湖(10)/大潟(9)/波潟(6)/潟東(5)/白潟(5)/佐潟(3)/巴潟(2)/潟上(2)/前潟(1)/吐潟(1)/小平潟(1)/後潟(1)/新　潟(1)
1646	翻	2728	13.9666	97.607	翻訳(1954)/翻弄(255)/翻し(158)/翻っ(66)/翻案(56)/翻刻(50)/翻す(47)/虞翻(26)/翻意(21)/翻(15)/翻る(15)/翻さ(11)/翻って(8)/羽翻(7)/翻り(7)/翻然(4)/翻転(4)/翩翻(3)/翻波(3)/翻経(3)
1647	疫	2725	13.9513	97.612	免疫(1878)/疫病(283)/疫学(189)/検疫(178)/防疫(102)/悪疫(42)/疫(20)/疫神(16)/疫痢(8)/獣疫(5)/厄疫(2)/疫癘(2)
1648	喉	2708	13.8642	97.616	喉(1792)/咽喉(330)/喉頭(226)/喉元(140)/喉仏(44)/喉もと(30)/喉越し(28)/喉笛(22)/喉ごし(21)/喉奥(13)/咽喉もと(8)/喉輪(7)/喉首(7)/咽喉元(5)/喉風邪(5)/喉許(4)/喉音(4)/喉ぼとけ(3)/喉飴(3)/摩喉羅伽(3)
1649	阻	2708	13.8642	97.621	阻害(1093)/阻止(1081)/阻ま(137)/阻む(120)/阻ん(78)/阻却(63)/悪阻(43)/阻もう(20)/阻喪(20)/険阻(18)/阻み(15)/阻(7)/阻塞(3)/阻碍(3)/阻め(2)/阻上(2)/阻礙(1)/阻血(1)/阻隔(1)
1650	慌	2697	13.8079	97.625	慌て(1647)/恐慌(507)/慌てる(99)/慌ただしく(96)/大慌て(62)/慌ただしい(62)/慌しく(51)/慌しい(48)/慌てふためい(31)/慌ただし(20)/慌てふためく(17)/慌し(11)/慌てふためき(11)/慌しかっ(6)/慌ただしかっ(5)/驚き慌て(5)/慌惚(4)/慌て者(3)/慌てれ(2)/おお慌て(1)
1651	爪	2697	13.8079	97.630	爪(1823)/爪先(336)/橋爪(78)/鉤爪(48)/爪切り(45)/爪母(21)/付け爪(20)/爪とぎ(20)/巻き爪(19)/自爪(15)/蹴爪(15)/爪痕(14)/爪跡(14)/深爪(13)/爪弾き(13)/爪甲(13)/抜爪(11)/生爪(10)/つけ爪(9)/爪紅(9)
1652	覗	2690	13.7721	97.634	覗い(935)/覗く(349)/覗き込ん(286)/覗か(227)/覗き(221)/覗き込む(156)/覗きこん(128)/覗き見(73)/覗き込み(72)/覗きこむ(45)/覗け(31)/覗きこみ(24)/覗き見る(18)/覗き窓(16)/覗き穴(14)/覗ける(14)/覗こう(14)/覗(10)/覗き込ま(9)/覗き込もう(8)
1653	貝	2689	13.7669	97.639	貝(981)/貝塚(409)/貝殻(258)/貝類(98)/貝柱(68)/貝がら(45)/巻貝(42)/小貝(40)/貝原(37)/貝割れ菜(35)/赤貝(34)/巻き貝(31)/池貝(31)/磯貝(31)/貝島(27)/稚貝(25)/魚貝(22)/母貝(21)/干し貝(20)/貝貨(20)
1654	陳	2689	13.7669	97.643	陳(670)/陳述(505)/陳列(390)/陳情(307)/新陳(230)/陳腐(182)/開陳(86)/陳謝(68)/陳寿(31)/陳重(21)/陳平(13)/陳都(13)/出陳(10)/陳皮(10)/陳吾(9)/宗陳(7)/陳べ(6)/陳操(6)/陳殿(6)/陳勝(5)
1655	匠	2686	13.7516	97.648	師匠(1111)/意匠(591)/匠(291)/巨匠(239)/内匠(173)/宗匠(81)/番匠(37)/鷹匠(29)/名匠(28)/工匠(28)/匠魂(12)/茶匠(10)/金匠(8)/鵜匠(8)/学匠(6)/刀匠(5)/剛匠(5)/菌匠(3)/匠太(2)/匠明(2)
1656	澤	2669	13.6646	97.652	小澤(319)/黒澤(278)/宮澤(228)/中澤(158)/澤田(120)/澤(92)/西澤(86)/大澤(74)/柳澤(72)/米澤(71)/金澤(54)/寺澤(48)/長澤(47)/澁澤(45)/吉澤(38)/相澤(38)/福澤(37)/深澤(33)/目々澤(32)/駒澤(31)
1657	冠	2665	13.6441	97.657	冠(922)/王冠(165)/冠婚(160)/冠し(134)/冠名(104)/冠水(90)/戴冠(87)/冠詞(79)/冠者(74)/栄冠(68)/樹冠(52)/衣冠(49)/弱冠(46)/冠状(45)/花冠(42)/無冠(38)/宝冠(36)/冠山(35)/冠する(32)/冠位(31)
1658	苗	2652	13.5775	97.661	苗(899)/苗字(351)/早苗(274)/種苗(274)/苗木(162)/育苗(106)/猪苗代(86)/苗穂(60)/香苗(48)/苗代(45)/真苗(43)/苗場(33)/苗床(29)/花苗(24)/採苗(23)/豆苗(20)/佳苗(17)/苗づくり(13)/札苗(12)/東苗穂(11)
1659	梨	2636	13.4956	97.666	山梨(853)/梨(311)/高梨(124)/梨沙(95)/亀梨(74)/梨花(71)/梨乃(63)/梨子(61)/梨絵(61)/梨香(56)/洋梨(54)/名梨(51)/由梨(46)/絵梨子(46)/梨枝(44)/梨紗(42)/梨園(34)/汐梨(34)/花梨(34)/江梨子(33)
1660	嵐	2632	13.4751	97.670	嵐(1677)/嵐山(305)/五十嵐(283)/砂嵐(84)/山嵐(62)/大嵐(35)/青嵐(33)/嵐晶(30)/嵐が丘(19)/晴嵐(13)/夜嵐(11)/嵐電(9)/嵐雪(8)/紅嵐(8)/香嵐(8)/渓嵐(5)/雨嵐(5)/雪嵐(5)/嵐ヶ丘(4)/夢嵐(3)
1661	蓋	2623	13.4291	97.675	蓋(1167)/頭蓋(463)/蓋然(185)/天蓋(123)/口蓋(113)/膝蓋(57)/蓋し(51)/火蓋(47)/目蓋(37)/蓋置き(34)/蓋表(26)/裏蓋(22)/蓋裏(20)/晁蓋(19)/無蓋(15)/落とし蓋(15)/瘡蓋(14)/上蓋(13)/円蓋(13)/黄蓋(13)
1662	侍	2617	13.3983	97.679	侍(1025)/侍女(372)/侍従(296)/内侍(153)/侍医(103)/地侍(55)/近侍(45)/若侍(42)/尚侍(41)/脇侍(33)/侍所(31)/典侍(29)/常侍(24)/侍る(22)/侍ら(21)/侍り(21)/侍臣(21)/侍っ(20)/田舎侍(20)/侍し(19)
1663	暦	2617	13.3983	97.684	暦(679)/西暦(390)/旧暦(251)/延暦(232)/還暦(216)/宝暦(120)/新暦(114)/明暦(102)/暦年(83)/陰暦(78)/万暦(49)/暦法(25)/暦運(19)/元暦(18)/建暦(18)/梅暦(16)/和暦(15)/暦学(15)/陽暦(15)/暦日(14)
1664	槽	2616	13.3932	97.688	水槽(997)/槽(947)/浴槽(526)/歯槽(74)/油槽(20)/増槽(16)/湯槽(11)/貯槽(7)/電槽(5)/上槽(4)/槽類(2)/脳槽(2)/馬槽(2)/宇気槽(1)/槽口(1)/糞槽(1)
1665	妥	2610	13.3625	97.692	妥当(1607)/妥協(881)/妥結(116)/妥(3)/妥彰(2)/妥子(1)
1666	塁	2606	13.3420	97.697	本塁(431)/塁(411)/二塁(313)/三塁(217)/満塁(203)/一塁(198)/盗塁(153)/２塁(118)/土塁(106)/出塁(80)/走塁(48)/一、二塁(40)/一、三塁(38)/塁打(29)/進塁(28)/二、三塁(27)/堡塁(21)/石塁(15)/一二塁(14)/塁間(13)
1667	廻	2591	13.2652	97.701	廻っ(379)/廻り(343)/廻し(217)/輪廻(205)/廻る(123)/見廻し(110)/廻船(81)/廻(53)/廻す(53)/馬廻(46)/廻ら(45)/見廻り(40)/見廻す(31)/身の廻り(27)/廻さ(24)/廻り越し(23)/見廻(23)/馬廻り(22)/廻つ(21)/廻国(21)
1668	奨	2590	13.2601	97.706	奨励(1019)/推奨(537)/奨学(435)/奨め(245)/勧奨(196)/報奨(103)/選奨(16)/奨(14)/奨める(10)/琴奨菊(9)/奨之進(2)/奨太(1)/奨導(1)/奨忠(1)/奨忠洞(1)
1669	矛	2586	13.2396	97.710	矛盾(2219)/矛先(131)/矛(130)/銅矛(68)/蛇矛(8)/瓊矛(7)/旗矛(6)/鎚矛(6)/鉄矛(3)/八千矛(2)/矛槍(2)/天之日矛(1)/木矛(1)/槌矛(1)/金矛(1)
1670	此	2581	13.2140	97.714	此(1131)/此の(481)/此処(381)/此れ(144)/此方(126)/小此木(46)/此度(44)/此の頃(42)/此奴(33)/此の世(27)/此岸(22)/此花(20)/如此(18)/此所(18)/彼方此方(12)/此の方(7)/此下(5)/其処此処(4)/彼此(4)/此土(4)
1671	笠	2579	13.2038	97.719	小笠原(634)/笠(427)/笠原(178)/笠井(164)/三笠(154)/衣笠(92)/笠岡(90)/日笠(88)/笠間(61)/笠置(52)/三笠宮(49)/笠木(43)/編笠(41)/笠戸(39)/笠松(37)/菅笠(33)/花笠(23)/笠山(20)/山笠(18)/笠取(18)
1672	巧	2576	13.1884	97.723	巧み(988)/巧妙(515)/技巧(268)/精巧(197)/巧(182)/巧く(94)/巧い(82)/巧者(55)/巧拙(28)/巧緻(25)/巧ま(23)/悪巧み(20)/利巧(17)/巧言(17)/悧巧(8)/機巧(8)/巧打(7)/巧かっ(5)/乞巧(4)/巧手(3)
1673	昌	2575	13.1833	97.727	昌幸(298)/昌浩(203)/昌(139)/繁昌(121)/昌子(98)/義昌(65)/徳昌(61)/昌平(54)/南昌(52)/高昌(47)/紀昌(46)/昌弘(45)/昌景(43)/源昌房(43)/昌也(42)/昌男(40)/昌守(33)/昌行(30)/昌高(29)/武昌(26)
1674	逸	2569	13.1526	97.732	逸脱(459)/逸話(313)/逸品(241)/逸し(190)/秀逸(130)/逸らし(109)/逸れ(85)/散逸(81)/逸(74)/逸材(67)/独逸(60)/逸らす(60)/逸勢(46)/逸失(41)/逸見(38)/逸ら(33)/逸らさ(33)/逸平(30)/都々逸(30)/逸する(29)
1675	糧	2567	13.1424	97.736	食糧(2040)/糧(282)/兵糧(103)/糧食(77)/糧秣(21)/糧道(13)/馬糧(6)/銭糧(5)/平糧台(4)/糧米(4)/軍糧(3)/油糧(2)/糧票(2)/口糧(1)/神糧(1)/糧券(1)/糧油(1)/衣糧(1)
1676	幌	2562	13.1167	97.740	札幌(2283)/幌(148)/幌別(30)/美幌(22)/上士幌(12)/南幌(11)/野幌(10)/幌筵(7)/士幌(6)/幌尻(5)/上野幌(4)/幌北(4)/幌延(4)/羽幌(4)/幌内(3)/幌加内(3)/幌受け(2)/内幌(1)/幌受(1)/幌蚊帳(1)
1677	畜	2555	13.0809	97.745	家畜(912)/畜産(654)/畜生(343)/牧畜(205)/鬼畜(80)/農畜産(71)/畜(36)/人畜(31)/畜舎(27)/と畜(24)/畜肉(23)/屠畜(19)/畜養(17)/種畜(11)/養畜(11)/農・畜産(10)/患畜(7)/成畜(7)/有畜(6)/畜力(6)
1678	禅	2555	13.0809	97.749	禅(727)/禅師(344)/中禅寺(194)/坐禅(179)/禅宗(177)/禅寺(129)/禅僧(105)/座禅(98)/友禅(93)/禅定(69)/南禅(55)/参禅(41)/禅譲(32)/修禅(17)/禅的(17)/禅秀(17)/禅院(14)/泰禅(13)/禅竹(13)/禅門(11)
1679	疎	2550	13.0553	97.753	過疎(577)/疎開(495)/疎外(330)/疎通(282)/疎遠(156)/疎い(109)/疎明(87)/疎水(62)/空疎(55)/疎(51)/疎ら(46)/疎ま(44)/疎か(43)/疎ましく(37)/疎く(27)/疎林(26)/疎んじ(25)/疎漏(9)/疎石(9)/疎隔(9)
1680	遍	2550	13.0553	97.758	普遍(1320)/遍(454)/遍歴(203)/遍路(189)/一遍(167)/遍在(60)/万遍(32)/満遍(32)/遍照(29)/遍く(13)/遍行(13)/遍昭(10)/遍満(10)/良遍(6)/遍数(4)/明遍(2)/正遍(2)/光遍(1)/周遍(1)/遍界(1)
1681	鼓	2549	13.0502	97.762	太鼓(1292)/鼓動(378)/鼓膜(240)/鼓舞(161)/鼓(107)/舌鼓(73)/鼓吹(61)/鼓笛(37)/鼓室(16)/小鼓(15)/鼓腹(15)/豆鼓(12)/鉦鼓(12)/大鼓(11)/腹鼓(10)/鼓楼(10)/張鼓(8)/羯鼓(8)/鼓し(7)/鼓手(7)
1682	潰	2548	13.0451	97.766	潰瘍(589)/潰し(404)/潰れ(399)/潰さ(158)/潰す(129)/潰れる(97)/押し潰さ(78)/潰滅(52)/潰え(29)/押し潰し(27)/潰せ(26)/潰走(26)/暇潰し(23)/潰(20)/叩き潰す(17)/潰そう(17)/踏み潰し(17)/叩き潰し(16)/踏み潰す(16)/丸潰れ(14)
1683	塞	2544	13.0246	97.770	梗塞(725)/閉塞(511)/要塞(314)/塞い(170)/塞栓(112)/城塞(107)/塞が(100)/塞ぐ(88)/塞ぎ(72)/塞がっ(54)/塞(42)/逼塞(30)/塞がり(23)/立ち塞がっ(22)/塞がら(20)/塞翁(18)/優婆塞(15)/塞き止め(13)/塞がる(12)/塞げ(10)
1684	弓	2538	12.9939	97.775	弓(705)/真弓(394)/弓子(202)/弓矢(168)/亜弓(105)/弓道(89)/胡弓(54)/弓なり(51)/弓香(51)/弓削(46)/弓恵(41)/弓形(37)/眞弓(37)/弓術(29)/弓張(26)/弓状(25)/弓歩(22)/椎弓(22)/弓福(21)/弓生(20)
1685	亭	2537	12.9887	97.779	亭主(860)/亭(766)/料亭(452)/三遊亭(79)/蘭亭(42)/迷亭(39)/笑福亭(38)/二葉亭(35)/春風亭(31)/菊亭(21)/柳亭(17)/蘭亭序(13)/敬亭(12)/曲亭(12)/式亭(11)/旗亭(11)/席亭(10)/月亭(9)/柏亭(7)/茶亭(7)
1686	縛	2535	12.9785	97.783	縛ら(569)/束縛(450)/縛っ(259)/縛り(202)/呪縛(199)/縛りつけ(174)/縛る(132)/捕縛(93)/金縛り(79)/縛り上げ(48)/縛りあげ(32)/縛り付け(32)/緊縛(30)/縛(28)/縛りつける(27)/縛め(24)/自縛(20)/縛り首(19)/地縛(15)/縛り付ける(15)
1687	召	2533	12.9683	97.788	召集(391)/召し(258)/召使い(243)/召さ(208)/召喚(202)/召使(150)/召(94)/召し上がっ(83)/召し上がり(68)/召し上がれ(60)/思し召し(56)/召命(51)/召還(39)/召し上がる(33)/召し使い(33)/召し抱え(33)/召す(31)/召しあがっ(28)/召し上げ(28)/応召(28)
1688	眉	2528	12.9427	97.792	眉(1523)/眉間(343)/眉毛(239)/眉根(109)/焦眉(37)/眉唾(33)/白眉(21)/眉山(21)/片眉(18)/眉尻(16)/眉目(13)/愁眉(12)/眉輪(12)/柳眉(11)/眉墨(9)/眉下(7)/眉村(7)/眉頭(7)/峨眉(6)/眉子(6)
1689	卸	2523	12.9171	97.796	卸売(1450)/卸(270)/棚卸(257)/卸し(98)/卸問屋(75)/棚卸し(49)/たな卸(43)/仲卸(42)/卸売り(31)/卸店(30)/卸値(27)/卸商(22)/卸す(20)/荷卸し(18)/卸さ(17)/卸業(16)/積卸(10)/積卸し(10)/卸屋(6)/たな卸し(5)
1690	峰	2521	12.9068	97.800	峰(959)/蘇峰(209)/連峰(126)/高峰(97)/巨峰(61)/大峰(57)/峰子(54)/峰崎(49)/峰々(43)/金峰(40)/霊峰(36)/岩峰(35)/早池峰(34)/長峰(33)/峰山(29)/霧ヶ峰(28)/白峰(27)/横峰(26)/三峰(24)/主峰(24)
1691	搭	2521	12.9068	97.805	搭載(1922)/搭乗(576)/搭(13)/搭傷(4)/寺搭(1)/掛搭(1)/搭ず(1)/搭せ(1)/搭導(1)/配搭(1)
1692	瓶	2517	12.8864	97.809	瓶(1449)/花瓶(297)/小瓶(90)/瓶詰め(68)/水瓶(57)/酒瓶(57)/鉄瓶(54)/空き瓶(52)/鶴瓶(50)/大瓶(47)/釣瓶(39)/瓶詰(36)/土瓶(33)/金瓶(20)/三瓶(18)/瓶子(17)/薬瓶(15)/空瓶(13)/華瓶(10)/尿瓶(9)
1693	痴	2514	12.8710	97.813	痴呆(1029)/愚痴(638)/痴漢(206)/音痴(180)/愚痴っ(70)/白痴(54)/痴ほう(47)/痴話(31)/乱痴気(26)/愚痴る(26)/痴愚(22)/愚痴り(19)/愚痴ら(18)/痴情(17)/痴態(17)/酔い痴れ(14)/桜痴(13)/痴人(12)/情痴(11)/痴(11)
1694	枯	2502	12.8096	97.817	枯れ(803)/枯渇(241)/枯葉(114)/枯れる(111)/枯(97)/枯れ葉(82)/枯死(82)/枯れ木(79)/枯木(74)/枯草(70)/木枯らし(66)/枯れ草(62)/枯らし(54)/枯野(48)/枯れ枝(39)/冬枯れ(37)/栄枯(35)/立ち枯れ(28)/木枯し(21)/枯山(21)
1695	噌	2496	12.7789	97.822	味噌(2491)/噌漉(3)/噌煮(1)/塩噌(1)
1696	乃	2493	12.7635	97.826	乃(289)/乃木(272)/綾乃(173)/乃至(151)/貴乃花(149)/志乃(118)/秋乃(108)/菊乃(103)/信乃(82)/雪乃(81)/火乃香(65)/梨乃(63)/吉乃(53)/留乃(50)/乃ち(49)/若乃花(47)/芳乃(43)/琴乃(42)/水乃(35)/乃煌(31)
1697	墳	2492	12.7584	97.830	古墳(1580)/墳(460)/墳丘(182)/墳墓(152)/円墳(46)/北墳(22)/方墳(22)/墳形(18)/墳頂(6)/墳裾(1)/斥墳(1)/盧墳(1)/黄墳(1)
1698	頰	2489	12.7430	97.834	頰(1968)/頰骨(63)/頰杖(55)/頰ずり(38)/頰張っ(35)/両頰(34)/片頰(30)/左頰(25)/頰張り(22)/頰っぺた(21)/右頰(20)/頰ばっ(14)/頰笑ん(14)/頰被り(13)/頰かむり(12)/頰ばり(11)/頰張る(11)/頰かぶり(9)/頰づえ(9)/頰笑み(8)
1699	宴	2488	12.7379	97.838	宴(1130)/宴会(767)/酒宴(135)/祝宴(128)/宴席(119)/饗宴(104)/小宴(14)/遊宴(12)/招宴(10)/球宴(9)/雅宴(9)/狂宴(7)/夜宴(5)/宴台(5)/祭宴(5)/賀宴(4)/開宴(4)/別宴(3)/宴遊(3)/範宴(3)
1700	陶	2488	12.7379	97.843	陶器(492)/陶芸(483)/陶磁器(257)/陶(200)/陶酔(191)/陶子(118)/鬱陶しい(91)/陶冶(62)/陶磁(62)/薫陶(59)/陶工(54)/陶板(47)/陶製(43)/製陶(39)/作陶(33)/陶然(32)/陶片(22)/陶謙(22)/陶土(19)/鬱陶しく(17)
1701	鋼	2485	12.7225	97.847	鉄鋼(946)/鋼(518)/鋼鉄(230)/鋼板(131)/製鋼(115)/鋼材(109)/鋼管(98)/形鋼(47)/棒鋼(45)/鋼製(40)/粗鋼(30)/軟鋼(28)/鋼線(27)/帯鋼(17)/神鋼(16)/鋼次(14)/鋼業(9)/鋼橋(9)/鋼船(9)/鋼鈑(9)
1702	壮	2467	12.6304	97.851	壮大(606)/壮年(214)/壮絶(161)/悲壮(128)/壮観(121)/壮麗(113)/勇壮(107)/強壮(98)/壮太(78)/壮語(77)/壮(74)/壮士(61)/壮助(56)/壮行(56)/豪壮(51)/壮一(50)/壮烈(41)/少壮(37)/青壮年(37)/壮健(29)
1703	尺	2466	12.6252	97.855	尺(1079)/尺度(756)/尺八(220)/縮尺(146)/曲尺(31)/長尺(28)/尺貫(22)/巻尺(16)/八尺(15)/巻き尺(15)/間尺(13)/鯨尺(13)/尺骨(12)/尺玉(9)/尺取(8)/尺余(7)/短尺(7)/着尺(6)/恵尺(5)/肘尺(5)
1704	緯	2465	12.6201	97.859	経緯(1849)/緯度(282)/北緯(163)/緯糸(38)/緯(32)/讖緯(31)/南緯(25)/赤緯(24)/緯国(9)/緯線(7)/練緯(4)/李緯(1)
1705	肢	2464	12.6150	97.863	肢(1301)/四肢(290)/下肢(272)/肢体(187)/上肢(168)/義肢(90)/前肢(70)/後肢(49)/患肢(9)/分肢(7)/多肢(6)/中肢(5)/指肢(3)/肢骨(3)/幻肢(1)/手肢(1)/肢巻(1)/肢肉(1)
1706	錯	2459	12.5894	97.868	錯覚(856)/錯誤(712)/交錯(322)/錯綜(184)/錯乱(151)/倒錯(103)/介錯(35)/錯(24)/錯視(20)/錯体(17)/錯雑(11)/錯語(8)/錯塩(3)/錯角(3)/錯簡(2)/失錯(1)/繁錯(1)/錯そう(1)/錯倒(1)/錯出(1)
1707	叔	2436	12.4717	97.872	叔父(1310)/叔母(820)/叔宝(73)/叔文(31)/大叔母(29)/大叔父(25)/鮑叔(24)/伯叔(15)/皇叔(12)/叔斉(10)/管叔(9)/蔡叔(9)/叔孫(7)/叔父貴(7)/叔卿(6)/叔父叔母(6)/康叔(4)/公叔(3)/叔(3)/叔悦(3)
1708	嘘	2418	12.3795	97.876	嘘(2147)/嘘つき(169)/大嘘(34)/嘘言(28)/嘘っぱち(17)/嘘偽り(14)/嘘いつわり(3)/嘘泣き(3)/嘘はったり(1)/嘘吐き(1)/嘘読(1)
1709	蹴	2412	12.3488	97.880	蹴っ(482)/蹴り(388)/蹴る(198)/蹴ら(137)/一蹴(107)/蹴鞠(101)/蹴飛ばし(86)/蹴散らし(64)/蹴り上げ(55)/足蹴(45)/蹴り飛ばし(35)/蹴(28)/膝蹴り(25)/蹴とばし(19)/蹴り上げる(19)/蹴上(19)/蹴飛ばさ(19)/蹴落とし(18)/蹴蹴(18)/蹴飛ばす(17)
1710	婆	2403	12.3027	97.884	婆(1048)/老婆(600)/麻婆(104)/娑婆(98)/産婆(90)/塔婆(57)/卒塔婆(48)/婆あ(32)/鬼婆(28)/比婆(23)/王婆(22)/お転婆(19)/婆ア(19)/頻婆娑羅(19)/優婆塞(15)/婆や(13)/婆心(13)/湯婆婆(10)/妖婆(9)/婆娑羅(9)
1711	飽	2394	12.2566	97.888	飽き(1163)/飽和(360)/飽きる(211)/飽食(111)/飽き飽き(84)/飽く(78)/飽き足ら(45)/見飽き(43)/飽くまで(42)/塩飽(39)/飽か(35)/飽きたら(24)/聞き飽き(20)/飽(16)/見飽きる(15)/飽い(13)/飽き足り(13)/飽海(9)/食べ飽き(8)/飽く迄(8)
1712	拳	2388	12.2259	97.892	拳(1100)/拳銃(934)/鉄拳(73)/拳法(57)/握り拳(49)/拳骨(38)/拳闘(25)/拳士(20)/右拳(16)/左拳(15)/空拳(13)/帝拳(6)/拳々(6)/拳固(6)/裏拳(5)/両拳(4)/手拳(4)/南拳(2)/拳大(2)/拳次(2)
1713	披	2384	12.2054	97.896	披露(2088)/披露目(126)/披瀝(73)/披裂(31)/披針(13)/披見(8)/披講(8)/開披(8)/披い(5)/披(3)/披く(3)/披歴(3)/披き(2)/披克(2)/披髪(2)/突き披け(2)/披唄(1)/披帛(1)/披片(1)/披読(1)
1714	殴	2376	12.1645	97.900	殴ら(608)/殴っ(473)/殴る(254)/殴り(151)/殴りつけ(119)/殴打(92)/殴り合い(89)/殴りかかっ(50)/殴(41)/殴り込み(36)/殴り倒し(32)/横殴り(31)/ぶん殴っ(28)/殴り殺し(27)/ぶん殴ら(24)/殴りつける(24)/殴りかかる(17)/殴れ(16)/殴ろう(16)/殴り合っ(15)
1715	跳	2371	12.1389	97.904	跳ね(316)/跳び(272)/跳躍(193)/跳ん(117)/跳ねる(86)/縄跳び(75)/跳梁(66)/跳ね返っ(65)/跳ぶ(65)/跳ね上がっ(63)/高跳び(58)/跳ね上がる(51)/飛び跳ね(50)/跳ね上がり(46)/跳ね上げ(36)/飛び跳ねる(35)/跳ね起き(34)/幅跳び(33)/跳び上がっ(32)/跳(29)
1716	喧	2366	12.1133	97.908	喧嘩(1910)/喧騒(166)/喧伝(129)/喧噪(88)/喧しい(23)/喧しく(18)/喧々(10)/口喧しい(4)/口喧しく(3)/喧燥(3)/喧(2)/喧し(2)/喧しき(2)/喧擾(2)/口喧ましかっ(1)/喧しかっ(1)/喧突(1)/喧華(1)
1717	於	2356	12.0621	97.912	於(1331)/於い(266)/於け(249)/照於(109)/於大(76)/於継(52)/朝於(51)/於ける(26)/於保(24)/於市(20)/於菟吉(20)/於ね(12)/玲於奈(10)/於兎丸(9)/於き(7)/於雪(7)/於梅居(6)/於綱(5)/神於(5)/於ケル(4)
1718	刃	2351	12.0365	97.916	刃(970)/刃物(439)/刃先(121)/自刃(89)/白刃(86)/両刃(65)/出刃(54)/刃傷(54)/刃渡り(49)/刃刺(43)/刃筋(35)/刃こぼれ(23)/片刃(23)/諸刃(23)/刃向かう(22)/飛刃(16)/焼刃(15)/替え刃(14)/凶刃(13)/刃引(13)
1719	塾	2351	12.0365	97.920	塾(1687)/義塾(214)/塾生(100)/塾長(78)/私塾(77)/塾通い(49)/村塾(23)/塾頭(22)/家塾(17)/入塾(12)/適塾(10)/塾代(9)/松塾(8)/通塾(8)/画塾(7)/開塾(6)/退塾(5)/塾帰り(4)/塾中(2)/塾舎(2)
1720	惜	2332	11.9392	97.924	惜しい(389)/惜しま(327)/惜しく(200)/惜しむ(183)/惜しん(171)/惜し(137)/口惜し(108)/惜しみなく(104)/口惜しい(80)/惜しみ(68)/惜しかっ(65)/負け惜しみ(47)/名残惜し(34)/惜敗(33)/出し惜しみ(32)/口惜しく(32)/哀惜(31)/惜しみない(30)/惜別(29)/口惜しかっ(25)
1721	伐	2331	11.9341	97.928	伐採(650)/間伐(457)/討伐(307)/征伐(224)/殺伐(103)/北伐(61)/伐り(60)/伐る(46)/伐期(43)/伐っ(42)/皆伐(39)/伐ら(35)/乱伐(28)/伐倒(28)/伐(24)/択伐(19)/伐出(18)/除伐(16)/主伐(15)/禁伐(12)
1722	蘭	2322	11.8880	97.932	蘭(606)/蘭子(205)/蘭学(162)/室蘭(135)/蘭馬(94)/お蘭(70)/蘭丸(59)/鈴蘭(59)/盂蘭盆(55)/楼蘭(42)/蘭亭(42)/仏蘭西(36)/阿蘭陀(36)/春蘭(32)/蘭城(30)/英蘭(28)/蘭州(28)/蘭書(27)/蘭剣(25)/蘭世(24)
1723	羊	2320	11.8778	97.936	羊(888)/山羊(205)/羊毛(203)/羊飼い(146)/羊羹(109)/羊水(98)/羊肉(92)/子羊(76)/羊皮(69)/仔羊(32)/羊歯(31)/牡羊(29)/羊膜(28)/羊蹄(28)/小羊(27)/山羊座(25)/牧羊(22)/山羊男(11)/羊革(11)/緬羊(9)
1724	乙	2319	11.8727	97.939	乙(678)/乙女(552)/早乙女(150)/乙羽(92)/乙姫(86)/乙種(84)/乙葉(62)/甲乙(59)/乙彦(57)/乙女座(35)/乙次郎(29)/乙戸(26)/乙左衛門(24)/乙部(22)/乙女心(20)/乙名(19)/乙巳(19)/乙号(17)/乙武(17)/乙牟漏(16)
1725	欺	2319	11.8727	97.943	詐欺(1818)/欺瞞(200)/欺く(67)/欺い(61)/欺き(45)/欺か(42)/欺罔(20)/欺さ(18)/欺し(14)/欺(5)/欺こう(5)/詐欺ら(5)/欺す(4)/欺ける(3)/欺まん(3)/欺満(2)/欺け(1)/欺せ(1)/欺まさ(1)/欺岡(1)
1726	漠	2316	11.8573	97.947	砂漠(1284)/漠然(757)/沙漠(98)/漠(67)/茫漠(34)/広漠(21)/土漠(13)/索漠(10)/漠北(7)/空漠(6)/荒漠(5)/漠々(4)/漠南(3)/礫漠(3)/漠漠(2)/漠山(1)/漠様(1)
1727	諦	2310	11.8266	97.951	諦め(1648)/諦める(308)/要諦(67)/諦念(49)/諦観(45)/諦(42)/諦めよう(39)/諦めろ(19)/諦め顔(12)/滅諦(10)/集諦(10)/真諦(9)/苦諦(9)/諦三(8)/道諦(8)/諦めれ(6)/諦成(5)/円諦(3)/四諦(3)/妙諦(3)
1728	喪	2308	11.8163	97.955	喪失(1426)/喪服(156)/喪(153)/喪中(124)/喪主(115)/喪っ(56)/服喪(46)/大喪(25)/得喪(20)/阻喪(20)/喪わ(18)/喪家(14)/喪乱(13)/喪う(12)/喪明け(12)/沮喪(12)/喪い(11)/喪葬(11)/喪章(9)/喪神(7)
1729	符	2305	11.8010	97.959	切符(809)/符(498)/符号(379)/音符(192)/符合(138)/護符(59)/官符(54)/符丁(50)/符牒(20)/割符(17)/呪符(14)/休符(11)/天符(9)/符節(7)/罰符(6)/勅符(5)/声符(5)/御符(4)/意符(4)/白符(3)
1730	宛	2302	11.7856	97.963	宛(1006)/宛て(571)/宛名(355)/宛先(270)/名宛(22)/宛て先(11)/宛て名(11)/宛字(10)/宛行状(5)/宛てがわ(4)/宛てる(4)/宛然(4)/宛行い(4)/宛行わ(4)/宛かも(3)/宛てがう(3)/宛平(3)/宛てがっ(2)/宛て字(2)/宛行(2)
1731	李	2301	11.7805	97.967	李(1356)/李朝(90)/行李(87)/李白(52)/李徴(48)/李績(41)/李箱(40)/李斯(36)/李逵(35)/李子(31)/李春(31)/李忠(30)/李傕(29)/李粛(27)/李儒(21)/李陵(18)/李鵬(18)/李厳(15)/李密(15)/李英(15)
1732	謎	2299	11.7703	97.971	謎(2162)/謎解き(98)/謎かけ(16)/謎々(11)/謎掛け(5)/謎とき(3)/謎遊び(2)/謎文(1)/謎爆(1)
1733	癖	2297	11.7600	97.974	癖(1382)/口癖(290)/潔癖(155)/性癖(114)/難癖(55)/悪癖(41)/習癖(34)/寝癖(33)/酒癖(25)/嗜癖(24)/一癖(16)/癖毛(13)/女癖(9)/抱き癖(9)/癖っ毛(8)/二癖(7)/怠け癖(7)/手癖(7)/盗癖(7)/さく癖(6)
1734	葛	2295	11.7498	97.978	葛藤(783)/葛城(262)/葛西(234)/葛飾(195)/諸葛(180)/葛(142)/葛原(57)/葛山(39)/葛野(38)/葛根(37)/葛木(36)/葛粉(27)/玉葛(26)/葛巻(23)/葛湯(17)/葛尾(15)/葛生(15)/葛岡(12)/葛籠(11)/葛葉(11)
1735	譜	2281	11.6781	97.982	譜(560)/系譜(495)/楽譜(444)/譜面(139)/譜代(115)/譜例(102)/年譜(86)/家譜(47)/新譜(45)/棋譜(35)/暗譜(32)/本譜(20)/採譜(19)/族譜(18)/図譜(13)/牌譜(13)/音譜(12)/画譜(8)/記譜(8)/俳譜(7)
1736	儲	2276	11.6525	97.986	儲け(800)/儲かる(360)/金儲け(263)/儲かっ(188)/儲ける(185)/大儲け(99)/儲から(89)/儲かり(77)/儲けよう(49)/儲け話(29)/ボロ儲け(17)/一儲け(15)/ぼろ儲け(13)/儲かれ(13)/儲けもの(13)/カネ儲け(10)/丸儲け(8)/儲(5)/儲け口(4)/くたびれ儲け(3)
1737	彰	2274	11.6423	97.990	表彰(1260)/彰(332)/顕彰(205)/彰子(98)/彰義(82)/彰晃(44)/彰人(20)/彰考(20)/一彰(19)/彰彦(19)/彰一(8)/彰夫(8)/彰宏(8)/彰洋(8)/柴彰(7)/英彰(7)/彰仁(6)/彰布(6)/彰信(5)/彰英(5)
1738	嬢	2268	11.6115	97.994	嬢(2039)/令嬢(181)/キャバ嬢(17)/老嬢(17)/嬢嬢(10)/嬢女(2)/愛嬢(2)
1739	蛇	2268	11.6115	97.998	蛇(974)/蛇口(292)/蛇行(135)/大蛇(124)/蛇足(122)/長蛇(115)/毒蛇(42)/双蛇(35)/蛇紋(33)/蛇の目(30)/蛇頭(30)/蛇腹(29)/白蛇(21)/蛇神(21)/水蛇(19)/蛇笏(16)/海蛇(15)/蛇川(15)/蛇穴(15)/蛇姫(12)
1740	濁	2263	11.5860	98.001	汚濁(822)/濁っ(287)/濁り(176)/濁し(130)/白濁(95)/濁音(80)/混濁(67)/濁流(64)/油濁(61)/濁す(47)/濁水(45)/濁(42)/濁点(38)/濁る(36)/懸濁(29)/清濁(29)/濁ら(27)/濁度(16)/半濁(15)/濁酒(15)
1741	珠	2262	11.5808	98.005	真珠(686)/数珠(194)/珠(171)/珠玉(118)/宝珠(71)/珠子(71)/曼珠沙華(63)/有珠(62)/珠世(59)/珠代(51)/珠樹(48)/珠名(47)/珠洲(46)/丘珠(42)/珠光(41)/珠江(36)/珠美(35)/擬宝珠(29)/満珠(26)/珠希(25)
1742	剛	2260	11.5706	98.009	剛(642)/金剛(464)/剛性(239)/剛毛(59)/剛太(56)/剛立(56)/剛志(55)/剛毅(53)/剛健(41)/剛直(40)/忠剛(40)/剛二郎(38)/剛平(31)/剛の者(27)/正剛(24)/剛勇(20)/剛士(19)/剛太郎(19)/金剛寺(19)/剛史(17)
1743	冗	2259	11.5655	98.013	冗談(2152)/冗長(58)/冗舌(15)/冗漫(10)/冗費(10)/冗(4)/冗員(4)/冗着(2)/冗官(1)/冗慢(1)/冗歌(1)/冗語(1)
1744	妨	2259	11.5655	98.017	妨害(938)/妨げ(823)/妨げる(427)/妨(33)/妨げよう(13)/乱妨(8)/不妨(3)/妨げん(3)/通妨(3)/公妨(2)/妨ぐる(2)/妨クルモノアルトキハ(1)/妨於(1)/濫妨(1)/無妨(1)
1745	恒	2252	11.5296	98.020	恒例(545)/恒久(320)/恒星(310)/恒常(250)/恒(140)/恒子(67)/恒雄(64)/恒温(51)/安恒(50)/恒夫(42)/恒存(38)/恒興(33)/恒貞(22)/恒三(21)/恒産(20)/恒等(18)/有恒(16)/恒彦(14)/恒次(9)/恒河沙(9)
1746	孔	2244	11.4887	98.024	孔(561)/孔子(524)/孔明(236)/瞳孔(135)/孔雀(115)/鼻孔(115)/穿孔(97)/多孔(39)/正孔(30)/秘孔(29)/気孔(27)/円孔(23)/響孔(23)/瘻孔(21)/小孔(20)/裂孔(20)/有孔(17)/鈕孔(16)/孔秀(14)/傍孔(13)
1747	幣	2238	11.4580	98.028	貨幣(1226)/紙幣(537)/造幣(138)/幣原(119)/幣(58)/例幣(34)/御幣(28)/奉幣(19)/金幣(13)/幣帛(12)/官幣(10)/法幣(8)/幣舞(7)/幣伊(4)/幣制(4)/幣竹(4)/国幣(2)/幣束(2)/幣殿(2)/歳幣(2)
1748	舶	2236	11.4477	98.032	船舶(2098)/舶来(68)/舶用(35)/舶載(28)/舶(7)
1749	穫	2233	11.4324	98.036	収穫(2169)/穫れ(22)/穫れる(13)/穫っ(7)/穫り(6)/穫り入れ(4)/穫る(3)/秋穫(2)/穫れれ(2)/穫れ高(2)/收穫(1)/穫(1)/穫れよう(1)
1750	薩	2229	11.4119	98.039	薩摩(947)/菩薩(871)/薩長(151)/大菩薩(52)/薩(44)/薩軍(27)/薩州(15)/薩英(15)/薩藩(13)/会薩(9)/肥薩(9)/薩人(8)/薩南(8)/薩埵(8)/薩次(6)/薩派(6)/討薩(5)/薩土(4)/薩閥(4)/薩隅(4)
1751	郊	2228	11.4068	98.043	郊外(1417)/近郊(724)/西郊(24)/南郊(19)/郊昔(13)/北郊(9)/東郊(7)/月郊(3)/柏郊(2)/郊(2)/郊祭(2)/断郊(1)/袁郊(1)/郊区(1)/郊原(1)/郊祀(1)/郊野(1)
1752	芳	2226	11.3965	98.047	芳香(301)/芳(130)/芳子(127)/芳しく(102)/芳賀(95)/芳太郎(76)/芳幸(62)/芳醇(61)/蘇芳(56)/正芳(44)/芳乃(43)/芳しい(42)/芳恵(41)/芳山(38)/芳野(36)/芳美(35)/芳正(33)/芳行(30)/芳郎(29)/芳三(27)
1753	朗	2223	11.3812	98.051	朗読(609)/明朗(116)/朗(103)/朗報(95)/朗らか(85)/朗々(75)/一朗(68)/朗詠(65)/喜朗(56)/哲朗(53)/春朗(52)/十朗(48)/朗誦(40)/慈吾朗(35)/朗人(31)/太朗(30)/直太朗(30)/四朗(29)/朗唱(29)/史朗(23)
1754	呪	2219	11.3607	98.054	呪文(534)/呪い(378)/呪術(322)/呪縛(199)/呪わ(142)/呪(101)/呪詛(101)/呪っ(59)/呪力(55)/呪う(41)/呪法(40)/呪怨(31)/呪具(30)/呪符(14)/呪物(13)/呪的(13)/呪医(11)/呪札(11)/呪わしい(10)/呪ひ(9)
1755	軌	2215	11.3402	98.058	軌道(1478)/軌跡(380)/軌(131)/常軌(93)/軌条(29)/広軌(21)/軌間(21)/狭軌(18)/友軌(10)/儀軌(9)/軌範(9)/仁軌(3)/不軌(2)/方軌(2)/軌音(2)/両軌(1)/張軌(1)/正軌(1)/誠軌(1)/越軌(1)
1756	据	2214	11.3351	98.062	据え(802)/見据え(449)/据える(151)/据え置き(112)/据置(105)/見据える(66)/据わっ(60)/据え置か(57)/据付(46)/据え付け(42)/据えつけ(41)/据え置く(29)/据(22)/据え置い(20)/据え膳(20)/打ち据え(19)/据わり(18)/睨み据え(16)/引き据え(13)/据え付ける(13)
1757	叱	2209	11.3095	98.065	叱ら(744)/叱っ(318)/叱る(289)/叱り(222)/叱咤(192)/叱責(188)/叱りつけ(84)/叱りつける(37)/叱言(22)/叱れ(19)/叱(16)/叱正(14)/叱声(9)/叱り付け(5)/叱ろう(5)/叱咜(5)/叱り付ける(4)/叱り飛ばし(4)/叱り飛ばす(4)/叱りとばす(3)
1758	枕	2208	11.3044	98.069	枕(1028)/枕元(286)/枕もと(85)/歌枕(81)/枕木(68)/夢枕(63)/枕詞(61)/枕許(58)/帯枕(39)/氷枕(37)/膝枕(34)/腕枕(31)/抱き枕(27)/枕頭(25)/草枕(23)/枕崎(21)/木枕(20)/枕辺(20)/手枕(17)/北枕(15)
1759	蘇	2206	11.2941	98.073	蘇我(317)/蘇生(253)/阿蘇(237)/蘇っ(212)/蘇峰(209)/蘇(110)/蘇る(103)/蘇州(96)/蘇ら(77)/江蘇(74)/蘇り(68)/紫蘇(66)/蘇芳(56)/蘇護(44)/屠蘇(28)/耶蘇(25)/蘇秦(23)/蘇民(19)/蘇悉地(11)/蘇鉄(10)
1760	腎	2204	11.2839	98.077	腎(813)/腎臓(638)/副腎(263)/腎炎(132)/肝腎(129)/腎症(50)/腎盂(42)/腎性(30)/腎癌(29)/腎虚(17)/腎経(9)/左腎(6)/腎精(6)/補腎(5)/水腎(4)/肺腎(4)/腎兪(4)/腎管(4)/腎節(4)/腎気(3)
1761	湧	2191	11.2173	98.080	湧い(676)/湧く(216)/湧水(183)/湧き(143)/湧か(103)/湧き上がっ(97)/湧き出(86)/湧き水(81)/湧き出る(57)/湧き起こっ(45)/湧き上がる(44)/湧き出し(42)/湧出(32)/湧(31)/湧きあがっ(25)/湧き起こる(24)/湧き上がり(22)/湧泉(22)/湧き出す(18)/湧出し(18)
1762	轄	2186	11.1917	98.084	管轄(1226)/直轄(507)/所轄(367)/統轄(76)/提轄(4)/総轄(2)/〓轄簠(1)/分轄(1)/總轄(1)/轄官(1)
1763	埼	2181	11.1661	98.088	埼玉(1938)/埼京(68)/神埼(51)/埼(44)/黒埼(25)/犬吠埼(23)/南埼玉(10)/埼葛(6)/埼スタ(5)/北埼玉(4)/埼南(2)/埼山(1)/小埼(1)/江埼(1)/部埼(1)/魹ヶ埼(1)
1764	泡	2180	11.1610	98.091	泡(716)/発泡(389)/泡立て(303)/気泡(109)/泡盛(90)/水泡(89)/泡立てる(72)/泡立ち(58)/水の泡(46)/泡沫(44)/泡立つ(44)/泡立っ(35)/泡だて(32)/泡風呂(13)/泡だつ(12)/一泡(9)/泡切れ(9)/泡状(9)/泡立(9)/泡坂(8)
1765	胡	2179	11.1559	98.095	胡椒(364)/胡麻(352)/胡(281)/胡蝶(179)/胡散(115)/胡瓜(110)/胡桃(107)/胡弓(54)/胡座(47)/胡同(44)/二胡(39)/胡坐(32)/大胡(29)/胡粉(29)/胡乱(26)/胡衣(24)/五胡(22)/胡子(18)/胡堂(17)/柴胡(15)
1766	隙	2175	11.1354	98.099	隙間(1203)/隙(725)/間隙(126)/空隙(64)/手間隙(16)/隙見(7)/天隙(5)/隙き間(5)/地隙(4)/孔隙(4)/風隙(4)/手隙(3)/細隙(3)/裂隙(3)/填隙(1)/林隙(1)/鄱陽甜隙(1)
1767	班	2173	11.1252	98.102	班(1755)/首班(105)/班田(73)/両班(41)/班給(40)/班長(27)/班超(26)/班固(24)/班彪(18)/胡班(14)/各班(12)/別班(5)/班会(5)/同班(4)/班昭(4)/西班牙(4)/班がえ(3)/黄班(3)/班年(2)/文班(1)
1768	媒	2170	11.1098	98.106	媒体(780)/媒介(609)/触媒(290)/溶媒(130)/冷媒(89)/霊媒(76)/媒質(64)/媒酌(53)/媒(35)/媒染(15)/媒妁(6)/親媒(6)/媒熔(5)/虫媒(4)/風媒(3)/媒人(2)/中媒(1)/媒液(1)/媒立(1)
1769	曇	2163	11.0740	98.110	曇り(647)/曇っ(410)/曇り空(247)/曇(162)/曇ら(134)/曇天(109)/曇る(72)/安曇野(64)/薄曇り(41)/安曇(35)/南安曇(23)/曇鸞(21)/曇り日(16)/曇雨(11)/花曇(11)/曇らさ(10)/薄曇(10)/うす曇り(9)/花曇り(9)/曇り止め(8)
1770	款	2161	11.0637	98.113	定款(885)/借款(545)/約款(446)/款(218)/落款(23)/附款(20)/款項(12)/存款(2)/付款(1)/同款(1)/庚款(1)/本款(1)/条款(1)/次款(1)/款名(1)/款待(1)/款状(1)/茲ニ左ノ条款ヲ締約セリ(1)
1771	猿	2160	11.0586	98.117	猿(1104)/猿楽(70)/猿田彦(69)/猿助(57)/猿人(53)/猿轡(37)/白猿(35)/猿投(34)/野猿(34)/猿払(33)/犬猿(31)/猿飛(24)/猿楽町(21)/猿ぐつわ(20)/猿橋(20)/猿之助(19)/猿子(19)/海猿(18)/猿芝居(18)/わら猿(17)
1772	朱	2151	11.0125	98.121	朱(610)/朱雀(195)/朱子(163)/朱色(124)/朱印(94)/朱華(89)/朱塗り(55)/朱緒(45)/朱鷺(45)/美朱(42)/朱砂(36)/十朱(34)/朱儁(30)/朱美(30)/朱仝(28)/朱門(26)/後朱雀(25)/朱書(25)/朱野(25)/朱肉(23)
1773	鈍	2147	10.9921	98.124	鈍化(486)/鈍い(402)/鈍感(275)/鈍く(259)/鈍っ(108)/鈍(96)/愚鈍(64)/鈍重(58)/鈍る(54)/鈍行(43)/鈍り(40)/鈍ら(38)/鈍かっ(37)/鈍痛(30)/鈍色(29)/鈍器(16)/鈍麻(12)/鈍的(11)/遅鈍(7)/鈍牛(7)
1774	稽	2143	10.9716	98.128	稽古(1451)/滑稽(522)/無稽(115)/会稽(36)/稽(12)/稽首(3)/稽留(2)/稽ふる(1)/稽照(1)
1775	鉛	2139	10.9511	98.132	鉛筆(869)/鉛(580)/亜鉛(267)/鉛直(130)/黒鉛(103)/鉛色(65)/鉛鉱(23)/鉛管(17)/鉛製(12)/鉛玉(11)/鉛板(10)/無鉛(9)/測鉛(8)/鉛版(6)/鉛白(5)/鉛基(4)/鉛山(4)/鉛弾(4)/鉛印(2)/鉛球(2)
1776	憩	2137	10.9409	98.135	休憩(1774)/憩い(212)/憩室(52)/憩う(33)/憩(25)/小憩(7)/憩ひ(5)/憩ふ(5)/中憩(4)/憩え(4)/少憩(3)/憩っ(3)/憩わ(3)/憩ん(2)/悦び憩う(1)/憩へ(1)/憩ま(1)/憩み(1)/憩む(1)
1777	搬	2134	10.9255	98.139	運搬(895)/搬送(478)/搬入(343)/搬出(236)/伝搬(91)/可搬(52)/搬器(23)/搬ぶ(3)/搬び(2)/搬ん(2)/搬運(2)/搬(1)/搬ば(1)/搬ヒ(1)/搬化(1)/搬柴(1)/搬機(1)/搬納(1)
1778	殻	2127	10.8897	98.142	殻(910)/地殻(350)/貝殻(258)/吸い殻(72)/甲殻(69)/吸殻(66)/抜け殻(60)/外殻(55)/攻殻(47)/籾殻(39)/卵殻(36)/茶殻(21)/カキ殻(11)/内殻(11)/燃え殻(11)/脱け殻(10)/もみ殻(9)/紅殻(8)/船殻(7)/耳殻(6)
1779	憂	2111	10.8078	98.146	憂鬱(549)/憂慮(288)/憂い(247)/一憂(122)/憂き目(95)/杞憂(88)/憂(77)/憂え(73)/憂うつ(62)/憂愁(56)/物憂(55)/憂う(45)/憂国(40)/憂欝(27)/憂える(26)/憂さ(26)/憂さ晴らし(25)/内憂(22)/憂悶(18)/先憂(16)
1780	馴	2106	10.7821	98.149	馴染み(593)/馴れ(440)/馴染ん(152)/馴染め(91)/馴染ま(87)/幼馴染(66)/幼馴染み(61)/馴染む(58)/馴れ馴れしく(50)/馴染(43)/馴れる(40)/馴れ合い(40)/馴れ馴れしい(30)/顔馴染み(26)/馴染み深い(25)/馴致(23)/手馴れ(22)/馴らさ(19)/馴化(18)/馴れ馴れし(14)
1781	詐	2103	10.7668	98.153	詐欺(1818)/詐称(139)/詐取(48)/詐術(30)/詐害(28)/詐偽(9)/詐り(6)/詐欺ら(5)/詐(4)/詐話(4)/詐る(3)/詐僞(2)/兵不厭詐(1)/詐っ(1)/詐つ(1)/詐佯(1)/詐病(1)/詐謀(1)/譎詐(1)
1782	懲	2100	10.7514	98.157	懲役(834)/懲戒(570)/懲り(231)/懲罰(220)/懲らしめ(72)/懲らしめる(44)/性懲り(30)/懲悪(28)/膺懲(16)/懲りる(12)/懲り懲り(12)/懲(11)/懲らしめよう(6)/懲治(5)/懲らし(3)/懲らす(1)/懲らせ(1)/懲りずま(1)/懲りよう(1)/懲りれ(1)
1783	妖	2089	10.6951	98.160	妖精(581)/妖怪(524)/妖(156)/妖しい(127)/妖術(98)/妖気(84)/妖艶(72)/妖しく(56)/妖し(48)/妖之介(42)/妖魔(38)/妖糸(29)/妖狐(23)/妖異(23)/面妖(22)/妖女(19)/妖物(17)/妖力(14)/妖婦(12)/妖かし(11)
1784	覇	2082	10.6593	98.164	那覇(468)/連覇(429)/制覇(421)/覇権(321)/覇者(134)/覇気(88)/覇(82)/覇王(39)/与那覇原(19)/争覇(17)/我那覇(13)/覇砂羅(12)/覇道(12)/征覇(6)/味覇(5)/覇府(4)/覇業(4)/五覇(3)/覇耕(2)/斥覇(1)
1785	訂	2075	10.6234	98.167	訂正(1158)/改訂(728)/校訂(44)/訂(42)/新訂(37)/補訂(21)/訂し(13)/全訂(12)/増訂(10)/修訂(4)/再訂(3)/刪訂(1)/訂す(1)/重訂(1)
1786	猟	2070	10.5978	98.171	狩猟(1001)/猟師(220)/猟(180)/猟犬(126)/猟銃(100)/猟奇(93)/密猟(73)/猟友(38)/猟区(36)/猟法(24)/猟場(23)/渉猟(18)/猟具(18)/銃猟(14)/猟期(12)/禁猟(11)/猟獲(9)/猟人(8)/猟官(8)/入猟(7)
1787	誓	2070	10.5978	98.174	誓い(525)/誓っ(505)/宣誓(234)/誓う(213)/誓約(213)/誓願(64)/誓い合っ(37)/誓(33)/誓わ(32)/誓文(27)/誓紙(25)/誓詞(22)/誓書(17)/誓え(14)/誓いあっ(13)/誓言(11)/誓える(10)/誓い合う(7)/誓子(7)/誓い合い(6)
1788	庄	2067	10.5825	98.178	庄(400)/新庄(282)/庄内(222)/庄屋(175)/庄司(141)/本庄(138)/庄助(137)/庄九郎(58)/庄之助(42)/庄野(36)/庄川(33)/大庄(26)/庄左衛門(26)/北ノ庄(25)/庄八(24)/庄原(22)/庄兵衛(17)/庄吉(17)/庄村(17)/庄右衛門(15)
1789	茎	2064	10.5671	98.181	茎(1126)/歯茎(179)/陰茎(169)/花茎(132)/包茎(130)/茎葉(66)/根茎(55)/有茎(23)/肉茎(23)/塊茎(19)/球茎(16)/茎先(12)/鱗茎(11)/茎頂(9)/葉茎(9)/玉茎(8)/芋茎(8)/茎立ち(8)/水茎(7)/茎茶(7)
1790	薦	2063	10.5620	98.184	推薦(1162)/薦め(755)/薦める(43)/自薦(23)/他薦(20)/薦(20)/薦楠(11)/薦被り(9)/奏薦(7)/薦田(6)/スポ薦(2)/薦季直表(2)/荒薦(1)/薦かぶり(1)/薦めれ(1)
1791	沸	2056	10.5262	98.188	沸騰(769)/沸かし(266)/沸い(173)/沸点(108)/煮沸(81)/沸かす(74)/沸か(73)/沸く(73)/沸き(53)/沸き起こっ(33)/湯沸かし(31)/沸き立っ(28)/沸き立つ(26)/沸き上がっ(25)/沸(20)/沸々(17)/沸き上がる(16)/沸き起こる(16)/沸き起こり(14)/湯沸(14)
1792	呑	2054	10.5159	98.191	呑ん(396)/呑み(214)/呑む(180)/鵜呑み(159)/呑気(116)/呑ま(114)/呑み込ん(101)/呑み込ま(77)/湯呑み(58)/呑みこま(51)/呑みこん(38)/呑み込み(34)/呑め(33)/呑み込む(32)/剣呑(31)/呑み込め(26)/併呑(24)/呑みこむ(22)/湯呑(22)/呑み屋(20)
1793	撫	2053	10.5108	98.195	撫で(724)/愛撫(471)/撫でる(154)/巡撫(46)/撫でつけ(43)/撫で下ろし(43)/撫子(43)/鎮撫(41)/撫で回し(37)/慰撫(35)/逆撫で(33)/撫ぜ(29)/撫民(26)/撫でおろし(23)/撫順(19)/撫で撫で(18)/撫然(17)/猫撫で(16)/撫松(14)/撫台(13)
1794	迅	2036	10.4238	98.198	迅速(1817)/魯迅(88)/迅(52)/迅雷(39)/奮迅(25)/迅く(5)/迅い(4)/迅業(3)/〓迅公〓(1)/迅る(1)/迅疾(1)
1795	滴	2032	10.4033	98.202	滴(650)/点滴(609)/水滴(323)/滴り(55)/滴下(54)/滴定(48)/滴る(47)/滴り落ち(42)/滴ら(40)/雨滴(34)/滴っ(27)/滴り落ちる(21)/防滴(18)/油滴(9)/小滴(7)/滴れ(5)/余滴(4)/液滴(4)/滴つ(4)/滴りおち(4)
1796	穀	2023	10.3572	98.205	穀物(913)/米穀(294)/雑穀(176)/穀類(135)/五穀(119)/脱穀(82)/穀(81)/穀倉(55)/穀屋(38)/穀田(34)/穀作(13)/新穀(11)/主穀(9)/穀象(7)/金穀(7)/穀粉(6)/穀潰し(4)/穀留(4)/防穀(4)/穀検(3)
1797	卑	2022	10.3521	98.209	卑怯(344)/卑劣(202)/卑屈(200)/卑弥呼(182)/卑猥(152)/卑しい(122)/卑下(109)/女卑(69)/鮮卑(65)/卑(56)/卑俗(53)/卑賤(53)/卑属(49)/野卑(48)/下卑(39)/卑近(39)/卑小(37)/尊卑(27)/卑し(23)/卑しく(21)
1798	餌	2022	10.3521	98.212	餌(1331)/餌食(159)/採餌(53)/給餌(49)/撒き餌(48)/餌付け(48)/食餌(41)/餌場(35)/餌料(27)/付餌(22)/餌やり(17)/生き餌(15)/摂餌(13)/餌代(13)/餌づけ(10)/餌台(10)/餌箱(10)/餌入れ(8)/練り餌(7)/まき餌(6)
1799	偵	2021	10.3470	98.215	探偵(1387)/偵察(478)/密偵(73)/水偵(40)/内偵(32)/偵(3)/偵知(2)/偵練(2)/偵使(1)/偵候(1)/偵十(1)/偵知スル(1)
1800	旋	2021	10.3470	98.219	旋回(417)/旋律(351)/斡旋(281)/凱旋(249)/螺旋(221)/旋風(128)/旋盤(77)/周旋(67)/あっ旋(53)/回旋(37)/外旋(35)/内旋(28)/旋法(24)/旋(8)/旋網(6)/旋毛(5)/旋頭(4)/左旋(3)/旋削(3)/旋屋(2)
1801	股	2021	10.3470	98.222	股(630)/股間(445)/大股(168)/二股(152)/太股(118)/股下(74)/内股(66)/股上(55)/股引(31)/四股(28)/股肱(26)/ガニ股(15)/小股(15)/股ぐら(13)/三股(11)/猪股(11)/がに股(10)/控股(9)/股布(9)/股引き(9)
1802	喋	2020	10.3419	98.226	喋り(643)/喋っ(639)/喋る(344)/喋ら(152)/喋れ(95)/喋れる(47)/喋ろう(15)/喋々(10)/喋(5)/喋り合っ(5)/喋り男(5)/喋べる(4)/喋り声(4)/喋り言葉(4)/喋ん(4)/喋らさ(3)/喋りあっ(3)/喋り箱(3)/喋り疲れ(2)/喋れよ(2)
1803	壌	2016	10.3214	98.229	土壌(1695)/平壌(270)/壌(12)/壌土(7)/天壌(7)/撃壌(5)/原壌(3)/故国壌(3)/鼓腹撃壌(3)/砂壌(2)/糞壌(2)/壌二(1)/壌地(1)/壌太郎(1)/壌樹(1)/壌死(1)/熇壌(1)/狗壌(1)
1804	賭	2013	10.3060	98.232	賭け(924)/賭博(371)/賭ける(256)/賭(110)/賭場(100)/賭し(80)/賭け事(34)/賭け金(31)/賭事(21)/賭けごと(19)/賭金(17)/賭けよう(16)/賭碁(7)/賭け碁(4)/賭す(4)/賭けろ(3)/賭する(3)/賭けれ(2)/賭け手(2)/賭さ(2)
1805	椎	2006	10.2702	98.236	椎名(455)/脊椎(393)/椎間(182)/椎茸(174)/椎(165)/腰椎(158)/頚椎(67)/椎骨(58)/香椎(57)/椎体(51)/椎野(46)/頸椎(38)/胸椎(24)/椎弓(22)/椎葉(16)/仙椎(13)/椎村(12)/椎名町(6)/椎木(6)/椎谷(6)
1806	曹	2005	10.2651	98.239	曹操(477)/軍曹(285)/法曹(211)/曹長(148)/重曹(145)/曹洞(132)/曹(108)/御曹司(98)/兵曹(83)/飛曹(48)/曹丕(23)/曹達(16)/陸曹(16)/御曹子(13)/曹昂(13)/曹魏(13)/一曹(12)/曹洪(10)/曹仁(9)/海曹(8)
1807	碑	1999	10.2343	98.243	碑(1140)/石碑(219)/碑文(198)/墓碑(82)/歌碑(77)/句碑(66)/碑銘(37)/板碑(20)/建碑(19)/口碑(18)/碑文谷(18)/詩碑(14)/碑面(10)/碑石(7)/乙瑛碑(5)/古碑(5)/壺碑(5)/孔子廟堂碑(5)/張遷碑(5)/下碑(4)
1808	騰	1989	10.1831	98.246	沸騰(769)/高騰(748)/急騰(153)/暴騰(74)/騰貴(53)/騰落(48)/騰勢(18)/騰記(14)/騰(13)/反騰(10)/連騰(10)/騰がる(10)/馬騰(9)/騰々(8)/騰がっ(7)/騰蛇(7)/奔騰(6)/騰がり(6)/曹騰(4)/騰り(3)
1809	砕	1988	10.1780	98.249	砕い(237)/砕け(224)/粉砕(219)/火砕(175)/破砕(142)/玉砕(116)/砕か(86)/砕く(78)/砕ける(75)/砕石(65)/打ち砕か(60)/砕き(59)/砕け散っ(59)/打ち砕い(41)/打ち砕く(35)/砕け散る(28)/砕氷(19)/腰砕け(18)/嚙み砕い(17)/砕けろ(17)
1810	鍛	1987	10.1729	98.253	鍛え(757)/鍛える(333)/鍛冶(206)/鍛錬(155)/鍛冶屋(101)/鍛造(76)/鍛練(73)/鍛え上げ(50)/鍛治(30)/刀鍛冶(26)/鍛冶町(19)/鍛えよう(18)/鍛えあげ(15)/鍛(14)/鍛えれ(14)/鍛え直し(11)/鍛鉄(11)/鍛え直す(10)/鍛金(10)/鍛冶場(9)
1811	呈	1985	10.1627	98.256	呈し(573)/呈する(333)/贈呈(290)/露呈(257)/呈示(158)/進呈(158)/献呈(51)/呈さ(22)/呈子(21)/呈出(18)/奉呈(18)/呈す(13)/捧呈(12)/呈茶(11)/呈味(8)/呈(7)/呈せ(5)/呈色(5)/謹呈(4)/呈すれ(3)
1812	塊	1983	10.1524	98.259	塊(922)/団塊(466)/肉塊(65)/塊り(63)/山塊(47)/金塊(45)/一塊(42)/氷塊(30)/卵塊(29)/岩塊(29)/塊状(26)/気塊(24)/土塊(21)/食塊(21)/塊茎(19)/石塊(19)/地塊(14)/陸塊(13)/水塊(11)/銀塊(9)
1813	貌	1976	10.1166	98.263	変貌(511)/美貌(387)/容貌(297)/風貌(274)/全貌(175)/貌(132)/相貌(81)/顔貌(36)/外貌(35)/面貌(26)/異貌(5)/状貌(3)/地貌(2)/夕貌(2)/變貌(2)/貌だち(2)/醜貌(2)/体貌(1)/形貌(1)/白貌(1)
1814	擁	1974	10.1064	98.266	擁護(1081)/抱擁(222)/擁し(219)/擁立(203)/擁する(167)/擁壁(55)/擁(15)/擁さ(4)/擁す(3)/擁き(1)/擁盾(1)/擁蒋(1)/擁蔽(1)/維擁(1)
1815	傘	1972	10.0961	98.269	傘(1222)/傘下(399)/日傘(110)/雨傘(59)/こうもり傘(20)/傘寿(17)/番傘(17)/洋傘(16)/傘立て(15)/傘屋(12)/蝙蝠傘(12)/傘子(10)/コウモリ傘(8)/傘蓋(8)/傘松(7)/古傘(6)/傘かしげ(5)/鉄傘(5)/傘紙(4)/傘加(3)
1816	泰	1971	10.0910	98.273	安泰(252)/泰(173)/泰子(125)/泰平(75)/泰然(59)/泰山(53)/泰三(42)/泰盛(37)/泰成(35)/泰時(33)/泰淳(33)/泰年(30)/泰史(28)/泰介(27)/泰愚(26)/泰生(26)/泰彦(25)/泰男(24)/泰輔(24)/泰造(23)
1817	癌	1971	10.0910	98.276	癌(1263)/乳癌(142)/胃癌(111)/肺癌(78)/抗癌(51)/腸癌(46)/発癌(40)/腺癌(36)/肝癌(30)/癌研(29)/腎癌(29)/膵癌(20)/頸癌(15)/体癌(13)/癌原(11)/舌癌(10)/癌化(9)/制癌(7)/前癌(7)/担癌(7)
1818	賊	1968	10.0756	98.279	海賊(791)/賊(307)/盗賊(288)/山賊(141)/逆賊(62)/馬賊(53)/烏賊(39)/空賊(33)/国賊(30)/賊軍(29)/匪賊(27)/賊徒(18)/木賊(17)/賊兵(13)/賊将(9)/奸賊(8)/流賊(8)/野賊(8)/女賊(7)/烏賊崎(7)
1819	怠	1964	10.0551	98.283	怠っ(327)/倦怠(267)/怠慢(201)/怠る(174)/怠ら(170)/怠惰(166)/怠け者(147)/怠け(128)/怠り(124)/懈怠(38)/怠(25)/怠ける(25)/過怠(23)/気怠(22)/怠れ(18)/怠業(14)/怠学(13)/勤怠(10)/怠け心(9)/怠けもの(8)
1820	柴	1956	10.0142	98.286	柴田(704)/羽柴(215)/柴(178)/柴犬(116)/冬柴(113)/柴崎(83)/柴辻(56)/柴咲(51)/柴山(48)/柴又(45)/柴三郎(31)/柴進(28)/内柴(23)/真柴(22)/柴垣(19)/豆柴(19)/柴原(18)/柴﨑(18)/柴胡(15)/楢柴(14)
1821	爵	1948	9.9732	98.289	伯爵(594)/公爵(446)/男爵(345)/侯爵(234)/子爵(133)/爵位(75)/爵(30)/授爵(23)/陞爵(18)/勲爵(9)/官爵(8)/叙爵(5)/爵禄(5)/襲爵(5)/天爵(4)/封爵(4)/人爵(3)/士爵(3)/女爵(1)/有爵(1)
1822	擦	1946	9.9630	98.292	摩擦(1000)/擦り(138)/擦っ(115)/擦れ(66)/擦る(57)/擦り傷(41)/擦り切れ(38)/擦ら(31)/擦れる(28)/擦過(23)/擦れ違う(19)/擦り寄っ(18)/擦れ合う(18)/擦り合わせ(17)/擦れ違っ(17)/衣擦れ(15)/擦り付け(13)/擦り抜け(13)/擦文(13)/上擦っ(11)
1823	謙	1946	9.9630	98.296	謙虚(490)/謙信(354)/謙(203)/謙遜(169)/謙譲(165)/孝謙(62)/謙一(42)/謙介(40)/謙三郎(37)/謙太郎(36)/謙三(35)/謙人(32)/陶謙(22)/于謙(20)/謙二(15)/謙吉(15)/謙次郎(14)/謙二郎(13)/謙治(13)/謙維(13)
1824	胎	1943	9.9476	98.299	胎児(788)/胎内(144)/胎盤(144)/堕胎(133)/受胎(113)/胎動(112)/胎(71)/母胎(68)/胎生(53)/多胎(52)/胎蔵(47)/懐胎(25)/胚胎(24)/胎芽(19)/胎教(16)/在胎(14)/胎嚢(14)/双胎(12)/奪胎(12)/胎脂(12)
1825	凡	1941	9.9374	98.302	平凡(899)/凡人(121)/凡(112)/凡庸(109)/非凡(101)/凡そ(95)/凡夫(91)/凡例(76)/凡退(70)/凡て(67)/凡俗(22)/凡々(21)/凡百(15)/凡眼(12)/大凡(12)/凡打(11)/凡下(9)/凡将(9)/凡情(9)/凡ゆる(8)
1826	堤	1934	9.9016	98.306	堤(792)/堤防(686)/突堤(74)/堰堤(68)/土堤(66)/築堤(65)/桜堤(20)/破堤(20)/堤下(11)/赤堤(11)/霞堤(11)/堤体(10)/大堤(10)/墨堤(8)/堤内(7)/堤外(6)/稲田堤(6)/えん堤(5)/囲堤(4)/堤塘(4)
1827	逢	1931	9.8862	98.309	逢い(358)/逢っ(264)/逢う(204)/逢え(147)/出逢い(123)/出逢っ(108)/逢坂(103)/逢える(90)/逢(66)/逢瀬(63)/逢わ(60)/逢ふ(33)/出逢う(32)/逢着(26)/逢ひ(24)/逢は(22)/出逢え(21)/逢おう(16)/逢引き(13)/逢引(12)
1828	餅	1931	9.8862	98.312	餅(1085)/煎餅(142)/餅つき(72)/尻餅(66)/鏡餅(50)/桜餅(36)/餅屋(36)/ぼた餅(23)/わらび餅(22)/草餅(22)/焼き餅(19)/餅鉄(18)/餅米(17)/丸餅(15)/柏餅(15)/餅原(15)/切り餅(14)/焼餅(13)/月餅(12)/牡丹餅(12)
1829	璧	1928	9.8708	98.315	完璧(1850)/双璧(49)/璧(12)/合璧(7)/拱璧(4)/雲璧(4)/国璧(1)/霊璧(1)
1830	浩	1923	9.8452	98.319	浩(325)/浩二(213)/昌浩(203)/浩一(164)/浩子(122)/浩司(52)/浩介(50)/浩平(45)/浩之(42)/浩宮(34)/浩紀(31)/浩輔(31)/浩瀚(30)/浩美(29)/浩志(28)/浩史(27)/浩市(27)/貴浩(27)/主浩(23)/正浩(18)
1831	忌	1922	9.8401	98.322	禁忌(266)/忌(260)/忌避(257)/回忌(232)/周忌(121)/忌まわしい(108)/忌憚(69)/忌む(41)/年忌(39)/忌み嫌わ(33)/忌明け(32)/忌日(29)/忌み嫌う(26)/忌み(24)/忌わしい(23)/忌々し(22)/忌々しい(20)/忌み嫌っ(20)/服忌(20)/忌引(19)
1832	溝	1919	9.8248	98.325	溝(1043)/海溝(125)/側溝(120)/溝口(110)/横溝(47)/盧溝(37)/溝鼠(34)/地溝(30)/周溝(29)/溝呂木(28)/八溝(25)/大溝(22)/野溝(22)/溝辺(21)/黒溝台(21)/蘆溝(14)/溝跡(10)/深溝(8)/溝上(8)/溝川(8)
1833	頷	1918	9.8196	98.328	頷い(1143)/頷く(368)/頷き(261)/頷ける(39)/頷け(28)/頷か(23)/頷き返し(17)/頷き合っ(10)/頷きかえす(4)/頷きあい(3)/頷き合う(3)/頷き返す(3)/頷下(3)/頷(2)/頷こう(2)/頷聯(2)/頷腫(2)/頷きあう(1)/頷きあっ(1)/頷きかえし(1)
1834	閲	1915	9.8043	98.332	閲覧(1470)/検閲(273)/校閲(38)/観閲(31)/閲兵(23)/閲読(20)/査閲(13)/閲し(11)/閲(7)/閲歴(7)/巡閲(3)/羅閲(3)/羅閲祇(3)/道閲(3)/閲する(2)/披閲(1)/親閲(1)/閥閲(1)/閲す(1)/閲せ(1)
1835	后	1913	9.7940	98.335	皇后(1046)/皇太后(190)/后(172)/大后(125)/太后(114)/武后(80)/西太后(30)/午后(27)/后妃(21)/立后(19)/呂后(18)/母后(16)/准后(14)/王后(13)/天后(11)/三后(4)/后宮(3)/而后(3)/后渚(2)/夏后(2)
1836	嘩	1913	9.7940	98.338	喧嘩(1910)/嘩(2)/范嘩(1)
1837	腺	1913	9.7940	98.341	腺(1308)/乳腺(159)/腺腫(80)/胸腺(78)/性腺(65)/涙腺(58)/汗腺(47)/腺ガン(36)/腺癌(36)/腺がん(9)/腺病(8)/脂腺(6)/腺管(6)/胃腺(5)/蜜腺(5)/腸腺(3)/外腺(2)/臭腺(2)
1838	諾	1909	9.7736	98.344	承諾(1066)/受諾(338)/許諾(242)/快諾(71)/応諾(37)/諾々(30)/諾(22)/内諾(20)/認諾(13)/代諾(11)/諾成(9)/約諾(7)/伊弉諾(6)/諾否(6)/然諾(5)/諾か(4)/諾し(4)/諾う(3)/諾日朗(3)/伊奘諾(2)
1839	尉	1905	9.7531	98.348	大尉(733)/中尉(549)/少尉(315)/尉(118)/左衛門尉(37)/准尉(32)/校尉(15)/二尉(12)/陸尉(12)/一尉(11)/都尉(11)/尉官(10)/空尉(9)/太尉(8)/海尉(8)/廷尉(6)/三尉(4)/宙尉(4)/尉遅青(2)/衛尉(2)
1840	嶋	1900	9.7275	98.351	長嶋(420)/中嶋(196)/嶋(155)/嶋田(133)/松嶋(81)/嶋足(68)/高嶋(63)/大嶋(50)/水嶋(49)/宮嶋(44)/三嶋(39)/牛嶋(38)/小嶋(35)/田嶋(35)/川嶋(31)/西嶋(29)/豊嶋(28)/鹿嶋(27)/嶋崎(25)/嶋岡(23)
1841	昆	1898	9.7172	98.354	昆虫(978)/昆布(814)/昆明(34)/昆陽(18)/昆(17)/昆野(17)/昆山(11)/尚昆(7)/昆輝(1)/昆都侖(1)
1842	鬱	1883	9.6404	98.357	憂鬱(549)/鬱(329)/鬱病(166)/陰鬱(117)/鬱蒼(101)/鬱陶しい(91)/鬱屈(68)/鬱憤(65)/躁鬱(51)/鬱積(47)/鬱々(44)/鬱血(37)/沈鬱(35)/抑鬱(31)/抗鬱(24)/鬱陶しく(17)/暗鬱(16)/鬱陶し(15)/鬱金(10)/鬱陵(10)
1843	斐	1882	9.6353	98.360	甲斐(1054)/生き甲斐(186)/有斐(155)/甲斐性(60)/甲斐姫(46)/年甲斐(43)/やり甲斐(39)/揖斐(34)/不甲斐ない(33)/甲斐甲斐しく(32)/不甲斐な(27)/斐伊(24)/生甲斐(20)/揖斐川(16)/己斐(11)/頼り甲斐(11)/斐川(10)/不甲斐(8)/甲斐甲斐しい(8)/斐(7)
1844	釜	1878	9.6149	98.364	釜(754)/釜山(241)/釜石(146)/塩釜(67)/大釜(41)/内釜(38)/後釜(38)/初釜(35)/茶釜(32)/鍋釜(32)/釜無(31)/湯釜(30)/釜飯(27)/風呂釜(21)/釜めし(20)/釜揚げ(20)/釜ヶ崎(19)/釜本(19)/京釜(17)/御釜(15)
1845	某	1871	9.5790	98.367	某(1496)/某所(83)/某日(80)/某氏(45)/某国(41)/何某(29)/某月(24)/某市(13)/誰某(13)/某女(11)/某年(6)/李某(5)/某々(5)/某駅(5)/某党(4)/某寺(3)/某某(2)/某甲(2)/某区(1)/某君(1)
1846	祥	1865	9.5483	98.370	不祥(390)/発祥(382)/吉祥寺(232)/祥子(232)/吉祥(85)/祥(69)/祥瓊(48)/祥伝(31)/祥月(25)/吉祥寺本町(22)/祥介(20)/祥太郎(17)/清祥(14)/祥悟(14)/祥雄(14)/瑞祥(12)/祥三(12)/文祥(11)/嘉祥(10)/祥路(10)
1847	挟	1862	9.5329	98.373	挟ん(769)/挟ま(334)/挟む(225)/挟み(157)/挟まっ(73)/板挟み(35)/挟撃(34)/挟み込ん(29)/挟み撃ち(25)/挟み込む(21)/挟み込み(20)/挟め(16)/差し挟む(11)/差し挟ん(11)/挟(8)/挟まり(8)/差し挟ま(7)/挟まる(6)/挟み込ま(6)/挟める(6)
1848	刈	1858	9.5125	98.376	刈り(224)/稲刈り(134)/草刈り(132)/刈っ(103)/刈谷(98)/草刈(98)/刈る(68)/芝刈り(56)/刈ら(51)/刈り取っ(51)/刈り取り(47)/丸刈り(43)/刈羽(43)/刈田(41)/刈り入れ(37)/刈り上げ(34)/芦刈(33)/刈り取る(31)/下刈り(30)/刈(28)
1849	麺	1854	9.4920	98.379	麺(1171)/つけ麺(126)/麺類(83)/冷麺(81)/製麺(58)/素麺(57)/乾麺(44)/麺棒(28)/麺つゆ(24)/拉麺(20)/生麺(18)/ゆで麺(12)/甜麺醤(11)/ちぢれ麺(10)/蒸し麺(10)/卵麺(9)/太麺(8)/老麺(7)/削麺(6)/袋麺(5)
1850	恨	1846	9.4510	98.382	恨み(751)/恨ん(200)/恨む(121)/恨ま(102)/痛恨(81)/悔恨(75)/怨恨(67)/恨めし(64)/逆恨み(59)/遺恨(54)/恨めしい(34)/恨みがましい(30)/恨み言(29)/恨めしく(27)/恨(26)/恨みつらみ(25)/長恨(18)/恨みごと(11)/恨みがましく(9)/恨み節(9)
1851	戚	1846	9.4510	98.386	親戚(1665)/外戚(68)/縁戚(41)/姻戚(34)/戚姫(21)/戚(8)/国戚(4)/遠戚(3)/憂戚(1)/甯戚(1)
1852	凶	1838	9.4101	98.389	凶悪(478)/凶器(357)/凶暴(193)/元凶(159)/凶(141)/凶作(115)/吉凶(81)/凶行(44)/凶華(41)/大凶(26)/豊凶(23)/凶事(21)/凶々しい(15)/凶弾(14)/凶相(14)/凶刃(13)/凶兆(12)/凶星(8)/凶徒(7)/凶状(7)
1853	窮	1833	9.3845	98.392	窮屈(396)/困窮(319)/窮地(270)/窮乏(145)/窮し(128)/窮状(100)/貧窮(91)/窮迫(56)/窮極(43)/窮民(39)/窮する(34)/無窮(28)/窮奇(27)/窮余(25)/窮(20)/窮鼠(20)/窮境(12)/窮死(8)/窮すれ(7)/窮め(7)
1854	扇	1832	9.3793	98.395	扇(633)/扇風(274)/扇子(229)/団扇(102)/扇状(94)/扇動(78)/扇形(70)/扇谷(35)/扇情(22)/扇町(22)/扇面(19)/扇型(18)/扇雀(14)/扇橋(13)/鉄扇(13)/扇い(10)/扇ぎ(10)/扇ヶ浜(10)/白扇(10)/扇ヶ谷(8)
1855	磯	1821	9.3230	98.398	磯子(428)/磯(285)/磯村(119)/磯部(102)/磯野(102)/黒磯(94)/大磯(80)/磯吉(62)/小磯(57)/磯田(52)/磯辺(51)/磯崎(33)/磯貝(31)/磯遊び(28)/磯市(25)/磯釣り(25)/磯城(20)/磯山(20)/磯松(14)/荒磯(14)
1856	繋	1816	9.2974	98.401	繋がっ(355)/繋がり(295)/繋い(257)/繋がる(228)/繋ぐ(138)/繋がら(99)/繋げ(98)/繋ぎ(96)/繋が(61)/繋げる(42)/繋(28)/繋留(20)/繋ごう(14)/連繋(12)/繋がれ(8)/繋ぎ合わせ(8)/繋ぎ目(6)/陸繋(6)/繋げよう(5)/繋ぎとめる(4)
1857	勿	1815	9.2923	98.404	勿論(1456)/勿体(262)/勿れ(42)/勿(19)/勿来(16)/勿忘草(5)/奈勿(5)/勿怪(3)/勿かれ(2)/勿〜。(1)/勿ら(1)/勿吉(1)/勿干渉他人事(1)/急撃、勿失(1)
1858	隷	1814	9.2872	98.407	奴隷(1560)/隷属(106)/隷書(47)/直隷(25)/隷従(22)/隷下(21)/隷(10)/聖隷(6)/司隷(3)/隷民(3)/隷農(2)/古隷(1)/漢隷(1)/篆・隷(1)/篆隷書(1)/訓隷(1)/隷し(1)/隷書三言聯(1)/隷書八言聯(1)/隷書臨張遷碑册(1)
1859	幽	1811	9.2718	98.410	幽霊(886)/幽閉(141)/幽岳(82)/幽体(77)/幽玄(67)/幽谷(52)/幽斎(46)/幽か(44)/幽鬼(44)/幽学(37)/幽門(32)/玄幽(31)/幽(23)/探幽(21)/白幽(20)/幽州(17)/幽界(15)/幽冥(14)/幽々子(13)/幽王(11)
1860	菱	1811	9.2718	98.413	三菱(1406)/菱形(104)/菱(94)/菱川(51)/花菱(27)/黒菱(25)/五菱(12)/菱沼(10)/菱田(8)/菱餅(8)/菱間(6)/剣菱(5)/菱刈(5)/菱山(5)/山菱(4)/菱野(4)/丸菱(3)/菱友(3)/菱櫓(3)/菱環(3)
1861	懇	1806	9.2462	98.416	懇談(844)/懇願(299)/懇親(161)/懇話(103)/懇意(99)/懇切(83)/懇請(54)/懇(53)/昵懇(49)/懇ろ(20)/懇々(18)/懇望(11)/懇篤(5)/別懇(2)/懇到(2)/容懇(1)/懇情(1)/懇書(1)
1862	幡	1805	9.2411	98.419	八幡(1059)/小幡(113)/因幡(95)/近江八幡(63)/八幡平(56)/幡(47)/白幡(40)/幡多(33)/幡崎(33)/高幡(30)/太幡(29)/木幡(29)/幡ヶ谷(25)/八幡浜(20)/津幡(17)/幡随院(16)/八幡西(12)/一幡(10)/穴八幡(10)/幡豆(7)
1863	辻	1804	9.2360	98.422	辻(817)/辻元(79)/辻本(78)/和辻(75)/辻褄(72)/尾辻(61)/柴辻(56)/綾辻(56)/辻山(53)/辻村(51)/辻斬り(49)/辻堂(35)/辻内(34)/辻井(24)/辻々(20)/四辻(18)/高辻(15)/梅辻(13)/大辻(12)/辻名(12)
1864	撲	1798	9.2053	98.425	相撲(1153)/撲滅(244)/打撲(150)/相撲取り(47)/撲殺(33)/相撲部屋(21)/相撲場(16)/腕相撲(16)/女相撲(10)/撲っ(9)/撲ら(8)/紙相撲(8)/撲(7)/撲つ(6)/押し相撲(5)/撲る(5)/撲方(5)/一人相撲(4)/撲た(4)/撲り(4)
1865	崇	1797	9.2002	98.428	崇拝(577)/崇高(246)/崇(203)/崇め(116)/崇徳(85)/崇敬(73)/尊崇(65)/崇神(58)/崇める(44)/崇伝(40)/崇福(27)/崇史(24)/崇禎(20)/崇煥(19)/崇道(18)/崇峻(17)/崇仏(14)/崇咎(14)/崇光(11)/崇明(11)
1866	曽	1797	9.2002	98.431	木曽(491)/中曽根(469)/曽我(166)/曽根(121)/曽(112)/曽々木(53)/曽根崎(48)/曽我部(41)/曽野(25)/未曽有(25)/大曽根(24)/檜曽(19)/曽孫(17)/加曽利(14)/曽部(12)/伊曽保(10)/小曽根(10)/曽井(10)/南木曽(9)/曽良(9)
1867	瘍	1796	9.1950	98.434	腫瘍(1146)/潰瘍(589)/膿瘍(49)/かい瘍(3)/瘍(3)/瘍医(2)/瘍体(1)/瘍型(1)/瘍跡(1)/瘡瘍(1)
1868	篇	1789	9.1592	98.438	篇(1096)/短篇(292)/長篇(138)/詩篇(125)/中篇(22)/後篇(20)/本篇(19)/続篇(18)/前篇(13)/玉篇(12)/正篇(6)/各篇(5)/外篇(5)/小篇(4)/全篇(2)/初篇(2)/佳篇(1)/内篇(1)/掌篇(1)/獒篇(1)
1869	這	1786	9.1438	98.441	這わ(205)/這っ(200)/這う(191)/四つん這い(77)/這い(71)/夜這い(68)/這い上がっ(67)/腹這い(64)/横這い(62)/這い出し(60)/這入っ(48)/這いつくばっ(38)/這入つ(29)/這い上がる(27)/這い出(27)/這い上がり(23)/這入る(22)/這いあがっ(20)/這い出る(19)/這いだし(18)
1870	爺	1784	9.1336	98.444	爺(961)/洞爺(186)/親爺(167)/老爺(150)/爺い(60)/洞爺湖(52)/吉爺(37)/権爺(37)/富爺(24)/二爺(14)/王爺(13)/老仏爺(13)/国姓爺(9)/塩爺(8)/爺スギ(8)/爺婆(8)/爺ィ(7)/爺や(5)/爺イ(5)/ボケ爺(4)
1871	慈	1775	9.0875	98.447	慈悲(432)/慈善(248)/慈愛(132)/慈円(103)/久慈(87)/慈(84)/慈しみ(81)/慈禧(64)/慈恵(49)/大慈(43)/慈覚(40)/慈吾朗(35)/慈しむ(34)/慈恩(27)/慈眼(25)/慈海(22)/慈しん(21)/慈母(21)/沙慈(21)/慈光(15)
1872	戯	1772	9.0722	98.450	遊戯(408)/戯曲(335)/悪戯(275)/戯れ(194)/戯言(62)/戯(61)/戯画(61)/前戯(56)/戯れる(53)/戯作(52)/夜戯(36)/戯れ言(21)/児戯(19)/性戯(18)/戯文(13)/博戯(7)/悪戯好き(7)/戯け(6)/巫山戯(5)/悪戯心(5)
1873	庶	1755	8.9851	98.452	庶民(1414)/庶務(195)/庶子(51)/庶(21)/庶人(12)/衆庶(12)/庶流(11)/庶出(8)/徐庶(8)/庶政(5)/嫡庶(3)/庶吉(3)/庶幾(3)/士庶(2)/庶業(2)/臣庶(2)/庶家(1)/庶幾く(1)/本庶(1)
1874	歪	1747	8.9442	98.455	歪み(490)/歪ん(444)/歪め(397)/歪曲(172)/歪む(70)/歪ま(53)/歪める(53)/歪(47)/磁歪(4)/低歪み(3)/変歪(2)/歪みねじれ(2)/歪小(2)/熱歪(2)/ひき歪める(1)/引き歪め(1)/歪めれ(1)/歪もう(1)/歪（ゆが）ん(1)/電歪(1)
1875	絹	1746	8.9390	98.458	絹(917)/絹子(92)/絹糸(79)/絹代(59)/絹ごし(57)/絹香(53)/絹本(44)/絹さや(41)/絹枝(34)/平絹(32)/絹布(28)/絹製(25)/白絹(21)/絹織(15)/薄絹(15)/生絹(14)/絹村(14)/絹業(13)/絹江(13)/絹地(12)
1876	郭	1746	8.9390	98.461	輪郭(668)/郭(247)/城郭(188)/外郭(154)/郭清(97)/遊郭(76)/胸郭(67)/郭公(32)/一郭(29)/郭盛(24)/内郭(19)/郭汜(18)/主郭(16)/郭巨(13)/郭厳(10)/郭解(10)/郭除(9)/南郭(8)/郭内(8)/郭格(8)
1877	堪	1745	8.9339	98.464	堪能(691)/堪え(538)/堪忍(116)/堪ら(107)/堪える(85)/堪へ(53)/堪り(34)/持ち堪え(20)/堪(17)/堪っ(8)/堪えよう(7)/堪る(7)/堪え性(6)/堪え忍ぶ(5)/堪え忍ん(5)/不堪(4)/堪え忍ば(4)/堪え忍び(4)/堪まら(3)/堪ん(3)
1878	枢	1744	8.9288	98.467	中枢(1212)/枢密(190)/枢機(123)/枢軸(107)/枢要(44)/枢(28)/霊枢(20)/延枢(9)/枢府(3)/枢衣(3)/烏枢沙摩(2)/烏枢瑟摩(2)/周枢(1)
1879	墨	1735	8.8827	98.470	墨(535)/墨書(153)/墨田(94)/水墨(91)/入れ墨(62)/墨絵(54)/薄墨(53)/墨付け(47)/墨汁(47)/墨色(45)/淡墨(29)/墨つき(24)/墨付き(22)/墨守(21)/墨家(20)/墨染(20)/墨子(19)/墨染め(19)/入墨(18)/墨俣(18)
1880	甚	1734	8.8776	98.473	甚だ(263)/甚大(260)/激甚(251)/甚だしい(94)/甚右衛門(86)/甚市(86)/甚兵衛(65)/甚(64)/甚だしく(50)/甚八(43)/甚内(35)/深甚(29)/甚しい(29)/幸甚(28)/甚三郎(26)/甚左(25)/甚平(25)/甚しく(24)/甚助(23)/甚之助(18)
1881	暫	1731	8.8622	98.476	暫定(865)/暫く(629)/暫時(84)/暫し(57)/暫らく(45)/暫(44)/暫行(3)/暫廃(2)/暫ク(1)/暫狐(1)
1882	牡	1731	8.8622	98.479	牡丹(462)/牡馬(437)/牡(381)/牡蠣(224)/牡牛(84)/牡鹿(37)/牡羊(29)/牡丹餅(12)/生牡蠣(12)/牡牝(6)/牡蛎(6)/牡猫(5)/牝牡(4)/牡ギツネ(4)/牡駒(4)/牡鯨(4)/岩牡蠣(3)/牡蠣殻(3)/牡狐(2)/牡蠣ひび(2)
1883	噓	1726	8.8367	98.482	噓(1602)/噓つき(79)/大噓(15)/噓いつわり(8)/噓偽り(8)/噓言(6)/噓泣き(3)/噓話(3)/噓ツキ(1)/噓付き(1)
1884	嘉	1725	8.8315	98.485	嘉永(200)/嘉(108)/嘉手納(74)/美嘉(68)/比嘉(65)/嘉明(62)/嘉兵衛(61)/嘉右衛門(54)/嘉納(46)/嘉助(45)/嘉子(45)/嘉与子(44)/嘉門(41)/嘉次郎(36)/渡嘉敷(34)/名嘉(28)/嘉一(24)/嘉元(22)/嘉平治(22)/嘉彦(22)
1885	愉	1725	8.8315	98.488	愉快(1209)/愉しみ(122)/愉しい(64)/愉悦(58)/愉しん(56)/愉し(52)/愉しむ(51)/愉しく(33)/愉しま(25)/愉しめる(15)/愉楽(13)/愉しかっ(8)/愉しめ(6)/愉(3)/愉しもう(2)/愉決(2)/愉しまさ(1)/愉ん(1)/愉樂(1)/愉的(1)
1886	泌	1724	8.8264	98.491	分泌(1513)/泌尿(141)/泌乳(49)/泌(7)/鍾泌(7)/泌み(2)/泌みる(2)/泌みだし(1)/泌学(1)/科爾泌(1)
1887	綾	1723	8.8213	98.493	綾子(540)/綾(388)/綾乃(173)/綾瀬(128)/綾部(60)/綾辻(56)/綾香(56)/綾小路(44)/綾戸(36)/綾織(33)/綾瀬川(14)/真綾(13)/綾音(13)/綾波(10)/唐綾(9)/綾織り(9)/綾菜(9)/綾里(9)/紗綾(7)/綾取り(7)
1888	洲	1722	8.8162	98.496	満洲(347)/清洲(138)/洲(106)/徳洲(104)/大洲(100)/豊洲(93)/八重洲(77)/野洲(71)/中洲(70)/白洲(61)/青洲(53)/珠洲(46)/洲崎(45)/洲本(32)/欧洲(30)/洲浜(30)/天王洲(29)/洲内(25)/八洲夫(20)/砂洲(20)
1889	髄	1714	8.7752	98.499	脊髄(553)/骨髄(350)/髄(142)/真髄(119)/髄膜(91)/脳髄(80)/神髄(63)/延髄(57)/精髄(47)/髄液(29)/髄質(29)/頸髄(22)/髄節(15)/有髄(12)/胸髄(12)/仙髄(11)/腰髄(11)/長髄彦(11)/頚髄(11)/髄鞘(10)
1890	溢	1713	8.7701	98.502	溢れ(795)/溢れる(414)/満ち溢れ(69)/溢血(62)/溢れ出(49)/横溢(36)/溢れ出し(32)/溢れ出る(25)/溢れ出す(20)/溢流(20)/溢水(19)/充溢(18)/溢れかえっ(18)/溢れだし(17)/溢れん(16)/溢れ返っ(14)/溢るる(11)/満ち溢れる(9)/溢(7)/溢れかえる(6)
1891	吊	1711	8.7599	98.505	吊り上げ(281)/吊り(143)/吊るし(131)/吊っ(129)/吊り下げ(92)/吊し(90)/吊るさ(87)/吊り橋(66)/首吊り(45)/吊ら(44)/宙吊り(40)/吊るす(39)/吊る(38)/吊(34)/吊さ(34)/吊耳(32)/吊す(30)/吊りあげ(22)/吊り上げる(22)/吊橋(20)
1892	陵	1702	8.7138	98.508	丘陵(611)/陵(395)/陵墓(180)/王陵(49)/広陵(41)/青陵(39)/信陵君(33)/陵辱(33)/江陵(25)/夷陵(22)/山陵(22)/星陵(18)/李陵(18)/書陵(16)/武陵(14)/金陵(12)/陵王(12)/北陵(11)/鬱陵(10)/南陵(9)
1893	筑	1695	8.6779	98.511	筑波(495)/筑紫(387)/筑前(195)/筑後(194)/筑摩(173)/筑豊(78)/都筑(50)/筑(43)/筑紫野(18)/筑橋(16)/筑西(14)/筑肥(10)/筑邦(8)/東筑摩(3)/筑水(2)/道筑(2)/志筑(1)/甫筑(1)/筑井(1)/筑南(1)
1894	朴	1690	8.6523	98.514	素朴(1047)/朴(353)/純朴(76)/朴訥(59)/元朴(23)/抱朴子(23)/朴刀(16)/質朴(13)/朴念仁(12)/玄朴(12)/朴葉(11)/厚朴(8)/朴の木(7)/朴木(5)/朴沢(4)/朴徳(3)/古朴(2)/朴叟(2)/朴実(2)/淳朴(2)
1895	享	1687	8.6370	98.516	享受(640)/享保(301)/享楽(180)/享年(163)/貞享(85)/享和(57)/永享(46)/延享(43)/享け(40)/享(39)/享有(38)/享徳(8)/享子(7)/享禄(7)/享ける(6)/光享(5)/長享(5)/享一(3)/享太郎(2)/享栄(2)
1896	憧	1686	8.6319	98.519	憧れ(1351)/憧れる(163)/憧憬(155)/憧(9)/憧賢木厳之御魂天疎向津比売(2)/憧れ感(1)/憧憬れ(1)/憧景(1)/憧求め(1)/憧湖(1)/憧院(1)
1897	桂	1680	8.6012	98.522	桂(751)/桂子(140)/桂川(83)/桂木(80)/月桂(65)/三桂(62)/桂一郎(43)/桂浜(36)/桂成(30)/桂林(26)/同桂(23)/桂一(21)/桂馬(19)/桂冠(18)/桂月(18)/桂助(17)/肉桂(15)/桂枝(13)/桂花(13)/桂郎(11)
1898	殆	1680	8.6012	98.525	殆ど(1370)/殆んど(265)/危殆(20)/殆(18)/殆うから(2)/殆き(1)/殆し(1)/殆ント(1)/殆困(1)/殆（ほとん）ど(1)
1899	梁	1679	8.5960	98.528	梁(650)/棟梁(206)/橋梁(201)/梁平(97)/梁山(96)/高梁(73)/跳梁(66)/鼻梁(43)/大梁(24)/梁塵(20)/梁川(20)/脳梁(19)/張梁(18)/項梁(16)/脊梁(14)/梁間(12)/成梁(10)/梁田(8)/杞梁(7)/骨梁(7)
1900	或	1676	8.5807	98.531	或る(643)/或いは(421)/或は(351)/或(238)/或ひは(12)/或従(6)/或るいは(3)/或問(1)/高或(1)
1901	敢	1673	8.5653	98.533	勇敢(378)/敢えて(356)/果敢(282)/敢行(245)/取り敢えず(136)/敢然(75)/敢て(73)/敢闘(41)/敢(25)/敢へ(12)/取敢えず(9)/果敢な(5)/果敢ない(4)/敢えなく(3)/敢え無く(3)/敢テ(3)/敢死(3)/とり敢えず(2)/分敢(2)/敢ない(2)
1902	夷	1664	8.5192	98.536	蝦夷(505)/攘夷(407)/夷(142)/征夷(99)/焼夷(98)/夷狄(57)/東夷(56)/夷州(32)/辛夷(29)/夷隅(28)/夷陵(22)/華夷(19)/夷人(18)/魁夷(15)/伯夷(14)/夙夷(8)/四夷(7)/外夷(7)/夷俘(7)/蛮夷(7)
1903	遮	1662	8.5090	98.539	遮断(607)/遮っ(198)/遮る(171)/遮蔽(124)/遮ら(115)/遮光(110)/遮音(104)/遮へい(56)/遮り(41)/毘盧遮那(32)/遮二無二(26)/遮那(23)/遮熱(10)/盧遮那(6)/遮水(6)/遮ぎら(5)/遮ろう(5)/遮(4)/遮れ(3)/遮莫(3)
1904	坪	1655	8.4732	98.542	坪(1025)/坪井(172)/坪内(152)/小坪(71)/建坪(27)/坪田(25)/坪庭(24)/大坪(23)/坪谷(22)/坪野(20)/坪数(12)/後ろ坪(12)/坪尻(7)/坪川(7)/同坪(6)/地坪(6)/坪倉(4)/坪刈り(4)/北坪(3)/坪山(3)
1905	宰	1655	8.4732	98.545	主宰(506)/太宰(352)/宰相(339)/大宰府(170)/太宰府(123)/大宰(63)/宰(35)/宰領(26)/家宰(10)/宰平(9)/宰亮(6)/司宰(2)/宰予(2)/州宰(2)/冢宰(1)/宮宰(1)/宰判(1)/宰府(1)/宰臣(1)/宰輔(1)
1906	褒	1649	8.4424	98.547	褒め(759)/褒美(324)/褒める(158)/褒章(78)/褒賞(67)/褒め言葉(63)/褒貶(20)/褒子(19)/褒めたたえ(15)/褒めちぎっ(14)/褒め称え(14)/褒め称える(11)/褒めちぎる(9)/褒めそやし(8)/褒姒(8)/褒野(6)/べた褒め(5)/ベタ褒め(5)/褒めよう(5)/能褒野(4)
1907	昧	1648	8.4373	98.550	曖昧(1167)/三昧(362)/蒙昧(35)/愚昧(24)/昧(23)/不昧(19)/余昧(4)/三昧耶(3)/昧爽(3)/邪頭昧(3)/昧き(2)/あい昧(1)/昧し(1)/瞹昧(1)
1908	隻	1648	8.4373	98.553	隻(1506)/隻数(59)/隻手(26)/隻眼(16)/右隻(9)/左隻(9)/隻句(6)/隻語(6)/隻腕(5)/隻脚(4)/船隻(2)
1909	租	1645	8.4220	98.556	租税(940)/地租(218)/租界(107)/貢租(91)/租(87)/租借(66)/改租(31)/公租(30)/租鉱(22)/田租(9)/租特(9)/租法(7)/収租(6)/減租(6)/欠租(5)/租額(3)/租納(2)/免租(1)/出租汽〓朗(1)/定租(1)
1910	桐	1644	8.4168	98.559	桐(266)/片桐(198)/桐生(188)/桐子(127)/桐野(114)/桐原(110)/桐堂(97)/桐蔭(56)/桐壺(51)/桐院(48)/桐島(35)/桐枝(35)/桐谷(25)/桐山(21)/矢桐(21)/桐箱(20)/桐朋(17)/桐沢(17)/小田桐(15)/中桐(13)
1911	顎	1644	8.4168	98.561	顎(1318)/下顎(133)/上顎(50)/顎鬚(32)/顎髭(28)/顎ひげ(19)/顎骨(16)/顎先(13)/顎下(10)/顎たたき(6)/全顎(4)/右顎(3)/小顎(2)/癒顎(2)/顎紐(2)/唇顎(1)/大顎(1)/顎ヒゲ(1)/顎使(1)/顎足(1)
1912	肯	1637	8.3810	98.564	肯定(1298)/肯い(177)/首肯(44)/肯く(30)/肯き(13)/肯認(12)/肯か(7)/肯じ(6)/肯綮(6)/首肯い(6)/肯(5)/肯ける(5)/肯んじ(5)/肯ぜ(3)/肯わ(3)/肯否(2)/肯き合う(1)/肯け(1)/肯し(1)/肯っ(1)
1913	悠	1634	8.3656	98.567	悠々(253)/悠然(205)/悠由(164)/悠子(152)/悠長(108)/悠(106)/悠久(97)/悠太(73)/悠一(56)/悠二(55)/悠介(45)/悠志郎(30)/悠悠(30)/悠仁(25)/悠之介(22)/悠揚(20)/お悠(13)/悠木(13)/悠次(13)/悠舜(12)
1914	卿	1633	8.3605	98.570	卿(1281)/公卿(253)/真卿(48)/卿泰(10)/上卿(9)/右卿(9)/叔卿(6)/和卿(6)/頼卿(3)/貴卿(2)/六卿(1)/成卿(1)/潤卿(1)/秀卿(1)/群卿(1)/諸卿(1)
1915	鐘	1630	8.3452	98.572	鐘(882)/警鐘(144)/鐘楼(103)/早鐘(52)/鐘銘(48)/釣鐘(42)/梵鐘(40)/半鐘(31)/釣り鐘(24)/晩鐘(21)/鐘馗(20)/鐘つき(16)/時鐘(13)/鐘塔(12)/鐘紡(12)/吊鐘(9)/大鐘(8)/詩鐘(8)/鐘形(8)/鐘淵(8)
1916	堺	1628	8.3349	98.575	堺(1378)/堺屋(116)/小堺(73)/堺町(44)/阪堺(9)/堺湊(6)/堺本(1)/堺浦(1)
1917	呟	1626	8.3247	98.578	呟い(958)/呟く(344)/呟き(291)/呟か(13)/呟やい(6)/呟(4)/呟け(3)/呟やく(3)/呟き声(2)/呟き返す(1)/呟やき(1)
1918	祀	1618	8.2837	98.581	祭祀(579)/祀ら(305)/祀る(241)/祀っ(181)/合祀(141)/祀り(82)/祀(20)/奉祀(12)/分祀(11)/創祀(10)/淫祀(4)/祀れ(4)/神祀り(4)/祀ろう(3)/中祀(2)/宗祀(2)/祀廟(2)/移祀(2)/併せ祀ら(1)/併祀(1)
1919	寮	1610	8.2428	98.583	寮(1141)/寮生(77)/寮母(53)/全寮(45)/入寮(40)/寮費(33)/学寮(30)/寮長(28)/御寮人(23)/寮歌(19)/西寮(13)/退寮(11)/寮友(10)/寮舎(10)/茶寮(10)/寮父(9)/寮内(8)/御寮(8)/東寮(8)/馬寮(7)
1920	祐	1610	8.2428	98.586	祐也(125)/祐(114)/祐子(111)/祐助(86)/祐美(86)/祐介(64)/祐太(60)/祐之介(51)/祐真(51)/祐一(47)/祐三(40)/祐二(33)/祐美子(33)/祐貞(33)/祐司(29)/洋祐(27)/祐希(27)/祐輔(27)/上祐(25)/圭祐(25)
1921	峠	1608	8.2325	98.589	峠(1453)/峠道(48)/峠越え(34)/洞ヶ峠(16)/大峠(13)/蓬峠(11)/小峠(8)/峠下(5)/渋峠(5)/鶴峠(5)/扉峠(2)/洞が峠(2)/峠口(1)/峠巡り(1)/峠練(1)/栂峠(1)/芋峠(1)/陀峠(1)
1922	累	1596	8.1711	98.591	累積(694)/累計(383)/累進(172)/累々(56)/累(53)/累次(37)/累乗(29)/係累(25)/累増(25)/累代(21)/累犯(17)/累年(13)/累姫(10)/累ヶ淵(9)/累層(9)/累卵(8)/累累(8)/累重(8)/累加(6)/煩累(3)
1923	佳	1593	8.1557	98.594	佳子(166)/佳作(123)/由佳(114)/佳(99)/佳織(67)/美佳(67)/佳世子(55)/佳境(49)/佳奈子(48)/優佳(45)/葉留佳(41)/千佳子(39)/佳世(32)/佳人(28)/佳代子(28)/多佳子(27)/智佳(24)/千佳(23)/佳乃(19)/佳い(17)
1924	琴	1593	8.1557	98.597	琴(630)/真琴(127)/琴平(91)/馬琴(73)/竪琴(68)/琴光喜(64)/琴線(44)/琴乃(42)/琴欧州(36)/琴子(31)/雄琴(26)/琴音(24)/琴江(23)/琴絵(23)/琴代(18)/和琴(15)/新琴似(15)/木琴(12)/琴海(12)/東藻琴(10)
1925	洪	1591	8.1455	98.599	洪水(1189)/洪(116)/洪作(69)/洪武(42)/風洪(41)/洪庵(20)/洪清(14)/曹洪(10)/洪積(10)/洪塘(9)/善洪(6)/洪州(6)/葛洪(6)/洪文(5)/洪範(5)/洪湖(4)/洪万(3)/洪門(3)/元洪(2)/洪城(2)
1926	喰	1588	8.1301	98.602	喰っ(163)/喰わ(163)/喰い(145)/喰う(135)/漆喰(121)/喰(59)/喰べ(54)/喰らっ(49)/喰らう(41)/猪喰(36)/死喰い(29)/喰え(24)/喰べる(23)/喰らい(23)/馬喰町(23)/人喰い(17)/木喰(15)/喰つ(14)/喰らわせ(14)/喰いしばっ(13)
1927	呉	1587	8.1250	98.605	呉(890)/呉服(216)/呉れ(136)/余呉(35)/呉れる(33)/晋呉(32)/呉王(28)/呉用(28)/呉越(26)/呉淞(21)/呉音(17)/孫呉(17)/呉服町(13)/呉々(11)/呉須(11)/呉羽(8)/呉兢(7)/呉暁(7)/呉竹(7)/呉春(5)
1928	庵	1581	8.0943	98.608	庵(928)/草庵(116)/沢庵(62)/庵主(44)/庵治(26)/甫庵(26)/寂庵(24)/洪庵(20)/少庵(17)/隆庵(16)/休庵(14)/松庵(14)/源庵(14)/良庵(14)/魯庵(14)/庵室(13)/庵原(12)/慎庵(12)/庵野(11)/小庵(10)
1929	瓦	1577	8.0738	98.610	瓦(585)/煉瓦(370)/瓦礫(203)/瓦解(93)/瓦斯(53)/屋根瓦(49)/瓦町(23)/鬼瓦(21)/瓦屋根(19)/瓦版(17)/瓦葺(17)/軒瓦(17)/赤瓦(15)/青瓦(15)/瓦川(10)/いぶし瓦(8)/瓦ぶき(6)/瓦葺き(6)/棧瓦(5)/瓦れき(5)
1930	禄	1567	8.0226	98.613	元禄(528)/永禄(272)/貫禄(166)/禄(129)/文禄(111)/禄山(60)/家禄(43)/禄高(39)/俸禄(25)/福禄寿(18)/微禄(14)/禄存(14)/余禄(12)/司禄(11)/小禄(11)/高禄(11)/長禄(10)/福禄(9)/天禄(8)/身禄(8)
1931	嚙	1561	7.9919	98.615	嚙ん(343)/嚙み(162)/嚙みしめ(144)/嚙む(140)/嚙ま(97)/嚙みつい(57)/嚙みしめる(49)/嚙み締め(48)/嚙み合わ(47)/嚙み殺し(45)/嚙みつく(41)/嚙みつか(26)/嚙め(24)/歯嚙み(23)/嚙み締める(21)/嚙みつき(18)/嚙みつぶし(17)/嚙み砕い(17)/嚙まさ(14)/嚙み合っ(14)
1932	芋	1549	7.9305	98.618	芋(654)/里芋(166)/山芋(145)/じゃが芋(84)/焼き芋(70)/長芋(50)/芋虫(42)/芋煮(40)/焼芋(27)/芋掘り(27)/山の芋(19)/とろろ芋(18)/種芋(17)/紫芋(15)/芋づる(15)/芋畑(13)/ジャガ芋(11)/芋川(10)/芋粥(10)/小芋(9)
1933	唆	1548	7.9253	98.621	示唆(1428)/教唆(58)/唆し(22)/唆す(15)/唆さ(9)/唆ら(6)/唆る(4)/唆っ(2)/唆かし(1)/唆かす(1)/唆のかそう(1)/唆り(1)
1934	錠	1539	7.8793	98.623	錠(763)/手錠(253)/錠剤(188)/施錠(128)/錠前(83)/開錠(45)/錠口(13)/解錠(12)/差し錠(9)/錠司(9)/膣錠(8)/錠太郎(6)/尾錠(5)/カバン錠(4)/半錠(4)/錠破り(3)/錠治(2)/内錠(1)/旋錠(1)/謙錠(1)
1935	筈	1537	7.8690	98.626	筈(1410)/手筈(104)/角筈(10)/筈見(9)/矢筈(2)/弓筈(1)/矢筈ヶ森(1)
1936	陀	1534	7.8537	98.628	阿弥陀(683)/弥陀(216)/仏陀(154)/南無阿弥陀仏(143)/曼陀羅(46)/宇陀(36)/阿蘭陀(36)/陀羅尼(31)/陀羅(20)/お陀仏(15)/頭陀(11)/佛陀(10)/佐陀(9)/達陀(9)/補陀落(8)/補陀洛(7)/大宇陀(6)/摩訶陀(6)/軍陀利(6)/難陀(6)
1937	謡	1525	7.8076	98.631	歌謡(464)/民謡(441)/童謡(227)/謡曲(133)/謡(92)/謡う(30)/俗謡(26)/謡い(25)/謡わ(20)/謡っ(14)/古謡(10)/地謡(10)/俚謡(8)/謡つ(5)/謡ひ(5)/小謡(4)/神謡(2)/謡いおさめ(2)/里謡(2)/朗謡(1)
1938	辰	1524	7.8025	98.634	辰(201)/辰巳(199)/戊辰(155)/辰三(86)/辰五郎(82)/辰次郎(62)/辰雄(52)/辰年(42)/辰吉(41)/北辰(35)/辰次(34)/辰四郎(32)/茂辰(31)/辰男(30)/辰野(29)/辰弥(28)/辰夫(26)/辰造(23)/星辰(21)/辰徳(21)
1939	妄	1512	7.7410	98.636	妄想(1122)/せん妄(106)/迷妄(72)/妄執(40)/妄動(29)/妄(26)/虚妄(23)/妄言(21)/妄念(19)/妄信(14)/妄語(12)/妄り(10)/妄説(5)/譫妄(3)/妄作(2)/妄断(2)/妄覚(2)/妄評(2)/妄誕(2)
1940	醸	1508	7.7206	98.639	醸造(376)/吟醸(339)/醸成(327)/醸し出す(116)/醸し出し(110)/醸し(64)/醸す(56)/醸し出さ(29)/醸(11)/醸さ(11)/銘醸(10)/醸しだし(9)/醸しだす(8)/増醸(7)/自醸(3)/醸し出せる(3)/造醸(2)/醸しださ(2)/醸し出そう(2)/醸せ(2)
1941	妃	1506	7.7103	98.641	妃(745)/王妃(389)/貴妃(91)/美妃(33)/一妃(30)/公妃(30)/皇妃(29)/同妃(21)/后妃(21)/春妃(19)/正妃(17)/閔妃(8)/妲妃(7)/寵妃(7)/天妃(6)/妃登美(6)/愛妃(6)/妃嬪(5)/妃選び(5)/香妃(4)
1942	剥	1505	7.7052	98.644	剥離(301)/剥い(168)/剥がれ(111)/剥奪(110)/剥がし(92)/剥き出し(71)/剥け(71)/剥き(53)/剥く(52)/剥がす(44)/剥げ(41)/剥製(32)/剥がさ(28)/剥ぐ(25)/剥ぎ(17)/剥がれる(16)/剥ぎ取っ(16)/剥ける(14)/剥落(14)/剥か(13)
1943	馳	1505	7.7052	98.646	馳走(838)/馳せ(209)/馳(206)/馳せる(63)/馳せ参じ(34)/宇馳(23)/背馳(20)/馳せ参じる(10)/馳せつけ(8)/馳道(7)/馳け(6)/馳せ参ずる(6)/遅れ馳せ(4)/奔馳(3)/馳せつける(3)/馳せれ(3)/馳せ寄っ(3)/馳せ帰っ(3)/馳夫(3)/馳駆(3)
1944	膳	1500	7.6796	98.649	膳(509)/薬膳(126)/左膳(117)/主膳(115)/典膳(93)/膳立て(88)/大膳(67)/配膳(52)/烈膳(50)/食膳(43)/供膳(21)/膳部(21)/据え膳(20)/膳所(19)/箱膳(16)/祐膳(15)/内膳(14)/上げ膳(9)/膳司(8)/膳臣(7)
1945	陛	1500	7.6796	98.651	陛下(1495)/陛(3)/納陛(1)/陛…下(1)
1946	綻	1499	7.6745	98.654	破綻(1404)/綻び(50)/綻ば(18)/綻ん(12)/綻ばし(4)/綻(3)/綻びかけ(3)/綻ぶ(3)/綻びる(2)
1947	赴	1499	7.6745	98.656	赴任(813)/赴く(241)/赴い(219)/赴き(156)/赴か(32)/赴こう(10)/赴夫(7)/赴け(6)/赴(5)/赴〓(1)/赴カシメタリ(1)/赴其(1)/赴去(1)/赴屠能瀰哆磨(1)/赴役(1)/赴戦(1)/赴援(1)/赴警(1)/赴雄(1)
1948	鷹	1498	7.6694	98.659	鷹(317)/三鷹(208)/鷹揚(111)/鷹晃(87)/鷹野(77)/鷹狩り(55)/鷹司(45)/飛鷹(43)/鷹島(33)/白鷹(29)/鷹匠(29)/鷹四(29)/鷹也(26)/鷹狩(24)/夜鷹(22)/鷹取(19)/禿鷹(18)/御巣鷹(16)/鷹の巣(16)/鷹人(16)
1949	蜂	1490	7.6284	98.661	蜂(436)/蜂起(296)/蜂蜜(229)/蜂の巣(110)/蜜蜂(91)/蜂須賀(83)/働き蜂(63)/蜂田(37)/養蜂(25)/蜂屋(20)/蜂岡(12)/雄蜂(12)/蜂谷(7)/蜂球(6)/蜂群(6)/死蜂(5)/蜂矢(5)/地蜂(4)/熊蜂(4)/蜂女(4)
1950	猪	1488	7.6182	98.664	猪木(398)/猪(238)/猪熊(120)/猪苗代(86)/猪口(73)/猪部(62)/猪瀬(56)/猪突(54)/猪狩(52)/猪喰(36)/猪牙(28)/猪之吉(25)/猪俣(22)/猪野(21)/猪平(20)/猪首(18)/猪子(15)/猪山(13)/猪谷(13)/猪一郎(12)
1951	笛	1479	7.5721	98.667	笛(583)/口笛(232)/汽笛(97)/警笛(55)/笛吹(49)/魔笛(49)/角笛(45)/鼓笛(37)/横笛(33)/笛吹き(29)/縦笛(28)/喉笛(22)/笛子(20)/霧笛(20)/草笛(18)/指笛(12)/笛比べ(11)/号笛(9)/忍び笛(9)/竹笛(9)
1952	槍	1476	7.5567	98.669	槍(1049)/槍ヶ岳(58)/槍玉(39)/刀槍(33)/竹槍(31)/槍術(28)/横槍(25)/長槍(25)/槍先(20)/槍投げ(15)/手槍(14)/鉄槍(13)/投げ槍(11)/投槍(11)/天日槍(9)/槍持ち(6)/槍隊(6)/真槍(5)/突き槍(5)/槍持(4)
1953	翔	1465	7.5004	98.671	翔(571)/飛翔(218)/雨翔(97)/翔子(85)/翔太(52)/大翔(42)/翔ん(34)/翔び(29)/翔ぶ(24)/翔平(22)/翔鶴(18)/晴翔(12)/翔太朗(11)/翔宇(11)/高翔(11)/翔ける(10)/翔け(9)/翔泳(9)/翔洋(9)/裕翔(8)
1954	閥	1460	7.4748	98.674	派閥(548)/財閥(505)/軍閥(132)/閥(97)/藩閥(55)/学閥(40)/門閥(38)/閨閥(13)/長閥(8)/閥族(8)/官閥(5)/閥間(5)/薩閥(4)/県閥(1)/閥閲(1)
1955	辱	1457	7.4595	98.676	屈辱(572)/侮辱(395)/恥辱(123)/雪辱(68)/辱め(60)/凌辱(57)/陵辱(33)/汚辱(32)/辱しめ(23)/辱(22)/国辱(20)/辱める(20)/忍辱(9)/辱しめる(6)/栄辱(4)/辱知(3)/辱かしめ(2)/辱めよう(2)/いたぶり辱しめ(1)/寵辱(1)
1956	腔	1451	7.4287	98.679	口腔(626)/腔(182)/鼻腔(180)/腹腔(146)/胸腔(91)/内腔(88)/体腔(39)/管腔(28)/腔内(27)/死腔(12)/満腔(12)/耳腔(10)/腔腸(7)/滑腔(3)
1957	茨	1450	7.4236	98.681	茨城(1236)/茨木(84)/茨(73)/北茨城(18)/茨急(11)/茨田(9)/野茨(7)/東茨城(4)/茨島(4)/棘茨(1)/茆茨不翦(1)/茨線(1)/西茨城(1)
1958	苛	1447	7.4082	98.684	苛立ち(323)/苛酷(272)/苛立っ(176)/苛々(96)/苛ま(93)/苛烈(70)/苛め(68)/苛立たし(62)/苛立つ(53)/苛立た(45)/苛性(34)/苛つい(18)/苛める(16)/苛立たしい(12)/苛(9)/苛む(9)/苛斂(8)/苛責(8)/苛だち(7)/苛つく(6)
1959	贅	1443	7.3878	98.686	贅沢(1299)/贅(74)/贅肉(63)/贅澤(2)/贅言(2)/儈贅(1)/疣贅(1)/贅評(1)
1960	倭	1441	7.3775	98.689	倭(461)/倭人(378)/倭国(274)/倭寇(88)/倭館(46)/倭王(37)/倭姫(28)/倭京(17)/倭習(14)/倭軍(12)/倭名(11)/倭乱(10)/倭比売(6)/南倭(6)/倭文(5)/倭系(5)/来倭(5)/倭建(4)/倭語(4)/倭兵(3)
1961	宏	1441	7.3775	98.691	宏(482)/和宏(74)/宏之(72)/宏一(35)/宏美(35)/明宏(35)/幸宏(26)/隆宏(25)/宏大(24)/宏也(23)/宏保(23)/康宏(22)/昌宏(19)/宏壮(17)/宏樹(15)/宏司(14)/宏治(14)/正宏(13)/政宏(12)/智宏(12)
1962	崖	1439	7.3673	98.693	崖(810)/断崖(324)/崖っぷち(82)/崖下(45)/崖崩れ(43)/懸崖(21)/崖くずれ(16)/急崖(12)/磨崖(10)/崖道(9)/石崖(9)/崖地(7)/崖錐(5)/崖っ縁(4)/崖縁(4)/冬崖(3)/崖ぶち(3)/崖側(3)/摩崖(3)/芳崖(3)
1963	惚	1438	7.3622	98.696	惚れ(667)/恍惚(203)/自惚れ(67)/惚れ惚れ(66)/惚れ込ん(63)/惚れる(58)/見惚れ(49)/惚け(40)/惚れこん(28)/聞き惚れ(22)/惚れぼれ(17)/見惚れる(13)/惚(9)/惚れ込み(9)/惚気(9)/聴き惚れ(9)/岡惚れ(8)/自惚(8)/己惚れ(7)/聞き惚れる(7)
1964	渦	1437	7.3571	98.698	渦(569)/渦中(186)/渦巻い(154)/渦巻き(143)/渦巻く(129)/渦刺(80)/渦巻(76)/渦糸(21)/渦状(19)/渦潮(17)/渦まく(8)/渦まい(7)/渦流(6)/浜渦(4)/渦文(4)/渦動(3)/渦紋(3)/戦渦(2)/人渦(1)/惨渦(1)
1965	零	1433	7.3366	98.701	零(711)/零細(419)/零下(83)/零れ(50)/零し(37)/零落(37)/零れる(15)/零れ落ち(14)/零士(12)/零封(12)/零れ落ちる(8)/零さ(5)/零余子(4)/零す(3)/零点(3)/丁零(2)/零る(2)/零るる(2)/零れ出(2)/零墨(2)
1966	狼	1432	7.3315	98.703	狼(657)/狼狽(353)/狼藉(69)/狼煙(43)/狼牙(41)/狼男(38)/狼狽え(25)/人狼(24)/魔狼(20)/子狼(13)/狼森(13)/餓狼(11)/天狼(10)/次狼(10)/狼群(10)/狼城(9)/虎狼(8)/金狼(8)/豺狼(7)/龍狼(7)
1967	淳	1426	7.3007	98.706	淳(574)/淳一(229)/淳子(207)/淳之介(65)/泰淳(33)/淳仁(24)/淳和(23)/淳史(21)/淳二(18)/淳斎(18)/淳太(13)/淳美(13)/淳平(12)/卓淳(11)/淳雄(10)/淳行(9)/淳一郎(8)/淳于(7)/淳夫(7)/香淳(7)
1968	妬	1424	7.2905	98.708	嫉妬(1144)/妬み(99)/妬ん(34)/妬い(27)/妬ましい(26)/妬ま(22)/妬ましく(13)/妬む(11)/妬く(10)/妬心(9)/妬ける(5)/妬き(4)/妬け(4)/妬まし(4)/妬か(3)/妬(2)/妬きゃあ(1)/妬っかん(1)/妬ましかっ(1)/妬み荒れ(1)
1969	斗	1424	7.2905	98.710	北斗(441)/斗(287)/海斗(86)/斗煥(79)/漏斗(64)/抽斗(49)/先斗町(37)/斗南(36)/絶斗(33)/熨斗(27)/斗真(22)/魔裟斗(21)/修斗(20)/泰斗(18)/斗志八(13)/魔娑斗(12)/炭斗(10)/阿斗(10)/熨斗袋(9)/南斗(8)
1970	悦	1421	7.2751	98.713	悦子(442)/悦び(163)/悦(147)/満悦(86)/悦楽(72)/喜悦(62)/光悦(60)/愉悦(58)/法悦(41)/悦ば(31)/悦ん(30)/宗悦(29)/悦ぶ(22)/悦司(13)/悦一郎(12)/恐悦(9)/悦江(9)/悦蔵(9)/宅悦(7)/悦三郎(7)
1971	汰	1420	7.2700	98.715	沙汰(926)/淘汰(273)/新汰(117)/汰一(91)/左右汰(4)/平汰(4)/とう汰(1)/汰久治(1)/汰板(1)/汰桶(1)/汰物(1)
1972	醤	1420	7.2700	98.718	醤油(1262)/豆板醤(90)/醤(35)/甜麺醤(11)/魚醤(11)/梅醤(5)/テンメン醤(2)/辣醤(2)/炸醤(1)/麻醤(1)
1973	唄	1419	7.2649	98.720	唄(631)/小唄(120)/唄っ(119)/長唄(90)/唄う(70)/唄い(63)/わらべ唄(49)/唄わ(36)/鼻唄(36)/島唄(20)/地唄(19)/美唄(17)/唄え(14)/唄声(13)/数え唄(12)/端唄(11)/馬子唄(9)/祝い唄(8)/舟唄(6)/踊り唄(6)
1974	痕	1418	7.2598	98.722	痕跡(536)/痕(400)/血痕(148)/傷痕(129)/瘢痕(53)/弾痕(31)/聖痕(20)/圧痕(17)/墨痕(15)/条痕(15)/爪痕(14)/疵痕(9)/ニキビ痕(8)/刀痕(4)/漣痕(4)/痘痕(4)/曳痕(2)/残痕(2)/葉痕(2)/創痕(1)
1975	菅	1418	7.2598	98.725	菅原(380)/菅(248)/菅野(234)/小菅(66)/菅谷(61)/菅沼(50)/菅井(45)/菅平(45)/菅本(35)/菅笠(33)/菅江(29)/菅生(29)/菅川(22)/菅田(20)/菅公(19)/菅波(13)/菅家(11)/菅彦(10)/菅間(10)/菅山(7)
1976	輔	1418	7.2598	98.727	大輔(385)/俊輔(247)/輔(89)/師輔(61)/少輔(46)/春輔(45)/走輔(33)/浩輔(31)/成輔(27)/祐輔(27)/六輔(26)/泰輔(24)/民輔(23)/洋輔(22)/諒輔(22)/輔佐(20)/輔弼(18)/啓輔(17)/政輔(15)/明輔(15)
1977	但	1415	7.2444	98.730	但し(816)/但書(182)/但馬(178)/但(140)/但し書き(57)/但し書(14)/播但(6)/但だ(5)/但書き(5)/但東(5)/但木(4)/但〜。(1)/但波(1)/但田(1)
1978	胴	1412	7.2291	98.732	胴(520)/胴体(415)/胴上げ(64)/胴部(46)/胴元(27)/胴衣(26)/胴着(25)/胴長(25)/胴径(21)/胴巻(17)/寸胴(15)/肉胴(14)/胴丸(14)/胴回り(14)/双胴(12)/胴間(11)/胴突き(10)/胴裏(10)/輪胴(10)/鏡胴(10)
1979	遷	1409	7.2137	98.734	変遷(582)/遷都(199)/遷移(144)/左遷(138)/遷(91)/遷宮(45)/東遷(35)/遷延(32)/遷し(21)/遷座(20)/遷さ(13)/遷化(8)/三遷(5)/張遷(5)/張遷碑(5)/移遷(5)/遷っ(5)/聖遷(4)/遷す(4)/遷喬(4)
1980	惹	1406	7.1983	98.737	惹か(777)/惹起(153)/惹きつけ(121)/惹きつける(97)/惹く(56)/惹き(54)/惹い(41)/惹き起こし(20)/惹き起こす(19)/惹こう(13)/惹句(10)/惹き寄せ(8)/惹き起こさ(8)/惹き起さ(4)/惹き起し(4)/惹き起す(4)/惹(3)/惹きおこし(3)/惹きつけよう(3)/惹きおこす(2)
1981	吟	1398	7.1574	98.739	吟味(550)/吟醸(339)/吟(87)/詩吟(86)/お吟(57)/吟遊(54)/呻吟(35)/吟じ(30)/閑吟(25)/吟行(23)/吟詠(19)/苦吟(14)/吟じる(9)/独吟(6)/龍吟(6)/吟誦(5)/吟香(5)/蟬吟(5)/吟ずる(4)/季吟(4)
1982	汽	1396	7.1471	98.741	汽車(940)/汽船(267)/汽笛(97)/汽水(33)/一汽(19)/蒸汽(14)/汽罐(9)/汽(8)/歙汽(2)/汽缶(2)/出租汽〓朗(1)/汽てき(1)/汽力(1)/汽艇(1)/汽鑵(1)
1983	姑	1391	7.1215	98.744	姑(1090)/姑息(122)/小姑(55)/嫁姑(53)/舅姑(29)/華仙姑(11)/姑娘(6)/姑獲鳥(6)/慈姑(5)/大姑(2)/姑く(2)/姑らく(2)/羅姑(2)/鬼姑(2)/麻姑(2)/姑母(1)/麻姑仙壇記(1)
1984	劉	1387	7.1011	98.746	劉備(408)/劉(367)/劉邦(258)/劉表(102)/劉璋(66)/劉輝(23)/劉焉(18)/劉全(12)/劉放(11)/劉琦(11)/劉彊(10)/劉琮(9)/劉生(9)/劉繇(9)/劉安(5)/劉禅(5)/劉勝(4)/劉延(4)/劉曜(4)/劉立(4)
1985	帆	1381	7.0704	98.748	帆(368)/帆船(240)/帆立(112)/美帆(97)/出帆(96)/満帆(60)/帆走(45)/帆布(35)/帆柱(31)/秋帆(26)/帆立て(24)/帆足(24)/真帆(18)/帆奈(16)/帆桁(14)/白帆(14)/帆かけ(13)/松帆(12)/夏帆(10)/志帆(10)
1986	弦	1381	7.0704	98.751	弦(679)/管弦(242)/弦楽(121)/正弦(73)/弦一郎(56)/弦間(37)/上弦(22)/下弦(20)/弦之丞(18)/弓弦(14)/撥弦(11)/弦巻(10)/調弦(10)/三弦(8)/管弦楽(8)/余弦(6)/鳴弦(6)/打弦(4)/擦弦(4)/弦斎(3)
1987	讃	1380	7.0652	98.753	讃岐(305)/讃え(175)/讃美(153)/讃歌(101)/賞讃(92)/讃える(82)/讃(49)/讃辞(48)/讃嘆(45)/礼讃(41)/和讃(39)/称讃(38)/土讃(24)/予讃(20)/讃仰(19)/讃歎(17)/備讃(15)/讃良(14)/自讃(11)/讃め(10)
1988	睨	1379	7.0601	98.755	睨ん(368)/睨みつけ(283)/睨み(161)/睨む(120)/睨ま(82)/睨みつける(65)/睨め(38)/睨み付け(35)/睥睨(33)/睨み合い(25)/睨み合っ(25)/睨み返し(19)/睨み据え(16)/睨みあっ(14)/睨み合う(11)/睨み返す(10)/睨み付ける(9)/睨みかえし(6)/睨みすえ(6)/睨み据える(6)
1989	飢	1379	7.0601	98.758	飢え(626)/飢餓(327)/飢饉(216)/飢え死に(62)/飢える(46)/飢(19)/飢ゑ(15)/聖飢魔Ⅱ(12)/飢死(6)/飢渇(6)/飢え死(5)/飢寒(5)/飢えれ(4)/飢え凍える(3)/飢凍(3)/餓飢(3)/飢えよう(2)/飢え疲れ(2)/飢え苦しん(2)/歉飢(1)
1990	箸	1377	7.0499	98.760	箸(967)/割り箸(122)/箸墓(53)/火箸(50)/菜箸(43)/箸置き(22)/箸休め(20)/割箸(17)/箸袋(13)/扱箸(10)/まな箸(8)/杉箸(6)/箸中(5)/箸先(4)/箸蔵(4)/とり箸(3)/丸箸(3)/寄せ箸(3)/竹箸(3)/箸吉(3)
1991	蒙	1376	7.0447	98.762	啓蒙(602)/蒙古(335)/満蒙(79)/蒙っ(74)/蒙(47)/蒙る(46)/蒙昧(35)/呂蒙(22)/蒙り(20)/蒙疆(19)/朱蒙(15)/蒙求(11)/外蒙(9)/童蒙(8)/蒙ら(7)/蒙兀(6)/訓蒙(5)/蒙恬(4)/蒙らし(2)/蒙ろう(2)
1992	錦	1374	7.0345	98.765	錦(453)/錦絵(113)/錦濤(74)/錦糸(73)/錦織(68)/錦戸(60)/錦町(60)/錦江(45)/錦帯(32)/玉錦(31)/錦小路(31)/錦鯉(29)/錦州(28)/栃錦(23)/小錦(16)/錦之助(15)/錦糸町(15)/錦司(14)/錦旗(14)/錦松(11)
1993	雀	1374	7.0345	98.767	麻雀(405)/雀(283)/朱雀(195)/孔雀(115)/雲雀(108)/後朱雀(25)/連雀(22)/雀荘(17)/四十雀(15)/雀躍(15)/扇雀(14)/枝雀(13)/雀士(9)/梅雀(8)/海雀(8)/雀斑(8)/寒雀(7)/小雀(7)/稲雀(6)/翫雀(6)
1994	厄	1371	7.0191	98.769	厄介(861)/災厄(127)/厄年(79)/厄除け(63)/厄(55)/厄払い(37)/前厄(16)/厄落とし(15)/厄よけ(14)/厄災(14)/後厄(12)/大厄(11)/本厄(11)/厄神(10)/厄難(10)/厄日(8)/厄除(8)/厄月(6)/厄病(4)/苦厄(3)
1995	杖	1371	7.0191	98.772	杖(1051)/錫杖(57)/頰杖(55)/仕込み杖(22)/杖立(18)/杖先(14)/頬杖(13)/竹杖(12)/司杖(11)/虎杖(10)/杖がわり(8)/杖代わり(7)/杖刀(7)/杖術(7)/毬杖(6)/禅杖(6)/呪杖(5)/御杖(5)/神杖(5)/㮶杖(4)
1996	硫	1371	7.0191	98.774	硫黄(631)/硫酸(480)/硫化(154)/脱硫(39)/硫安(17)/希硫(13)/南硫黄(12)/含硫(8)/浸硫(4)/加硫(3)/硫(3)/硫煙(3)/硫曹(2)/硫水(2)
1997	摑	1370	7.0140	98.776	摑ん(521)/摑み(247)/摑む(175)/摑め(83)/摑ま(81)/摑まっ(36)/摑もう(29)/摑まえ(28)/摑める(20)/わし摑み(13)/摑まり(10)/手摑み(9)/摑みどころ(8)/ひと摑み(7)/摑みかかっ(7)/摑みかかろう(7)/摑み合い(7)/摑まえる(6)/摑まさ(6)/摑みとっ(5)
1998	滋	1362	6.9731	98.779	滋賀(820)/滋子(144)/滋(123)/滋養(95)/滋味(51)/滋野(30)/京滋(27)/滋山(12)/滋代(8)/滋利(6)/滋水(5)/慶滋(4)/滋基(4)/滋生(4)/滋弥(3)/滋比古(3)/滋く(2)/滋夫(2)/滋潤(2)/滋男(2)
1999	裾	1355	6.9372	98.781	裾(969)/裾野(154)/山裾(76)/裾分け(43)/裾花(22)/裾部(18)/裾上げ(5)/裾板(5)/裾濃(5)/左裾(3)/裳裾(3)/裾切り(3)/裾回し(3)/裾綿(3)/裾長(3)/丘裾(2)/右裾(2)/後ろ裾(2)/肩裾(2)/裾しぼり(2)
2000	盲	1353	6.9270	98.783	盲目(309)/盲(222)/盲導(158)/盲人(125)/盲点(102)/盲腸(100)/色盲(68)/文盲(38)/盲信(33)/盲検(31)/全盲(29)/盲流(28)/盲ろう(19)/盲従(17)/夜盲(9)/半盲(8)/盲愛(8)/盲僧(5)/盲啞(5)/盲端(4)
2001	篤	1347	6.8963	98.785	篤姫(238)/篤(190)/重篤(184)/危篤(130)/篤志(105)/篤郎(51)/篤い(44)/篤史(39)/篤樹(38)/篤実(31)/篤胤(31)/実篤(28)/篤く(23)/信篤(18)/篤信(18)/正篤(17)/篤農(15)/篤子(13)/篤と(12)/篤二(11)
2002	淵	1338	6.8502	98.788	淵(406)/深淵(142)/田淵(90)/真淵(90)/淵源(55)/小淵沢(49)/淵田(45)/岩淵(38)/土淵(35)/信淵(28)/淵野辺(27)/馬淵(26)/淵明(25)/千鳥ヶ淵(23)/鯉淵(17)/川淵(14)/増淵(11)/釜ヶ淵(11)/南淵(9)/宗淵(9)
2003	憤	1332	6.8195	98.790	憤り(292)/憤慨(290)/憤怒(133)/憤然(106)/憤激(94)/憤懣(76)/鬱憤(65)/憤っ(60)/悲憤(52)/義憤(32)/憤る(24)/憤死(23)/憤(9)/憤まん(8)/公憤(7)/欝憤(6)/激憤(6)/痛憤(6)/発憤(6)/私憤(6)
2004	菩	1332	6.8195	98.792	菩薩(871)/菩提(384)/大菩薩(52)/求菩提(20)/菩堤(3)/菩(1)/菩庵(1)
2005	拙	1326	6.7888	98.794	拙者(232)/大拙(211)/拙著(173)/拙稿(126)/稚拙(83)/拙僧(79)/拙い(74)/拙速(73)/拙(61)/拙劣(40)/拙宅(31)/巧拙(28)/拙訳(21)/拙攻(16)/拙論(14)/拙齋(11)/拙く(10)/拙文(10)/拙作(8)/古拙(6)
2006	磐	1324	6.7785	98.797	常磐(338)/磐梯(208)/磐田(160)/磐音(85)/磐吉(63)/磐(55)/磐城(45)/磐渓(36)/磐石(35)/磐越(33)/北磐(31)/磐座(29)/磐井(25)/磐溪(25)/磐余(17)/赤磐(15)/常磐津(14)/常磐井(11)/磐境(10)/磐舟(10)
2007	窒	1324	6.7785	98.799	窒素(977)/窒息(269)/窒化(62)/脱窒(8)/日窒(2)/窒(2)/浸窒(1)/窒が(1)/窒ぐ(1)/窒扶斯(1)
2008	詠	1323	6.7734	98.801	詠ん(316)/詠ま(133)/詠(123)/詠み(98)/詠む(96)/詠唱(71)/朗詠(65)/詠子(42)/詠じ(31)/詠歌(30)/詠美(25)/詠嘆(23)/詠め(22)/吟詠(19)/詠草(19)/詠っ(16)/詠進(16)/詠わ(14)/雑詠(11)/歌詠み(10)
2009	咳	1316	6.7376	98.803	咳(672)/咳払い(201)/咳嗽(71)/咳き込ん(55)/咳止め(43)/咳ばらい(39)/咳き込む(34)/咳き込み(27)/咳きこん(19)/鎮咳(19)/咳い(13)/咳き(12)/空咳(12)/咳込み(10)/咳込ん(10)/咳こん(9)/謦咳(9)/咳きこみ(8)/咳く(8)/咳こむ(8)
2010	恭	1315	6.7324	98.805	恭子(370)/恭(100)/恭順(95)/恭介(89)/恭しく(79)/恭平(76)/恭司(68)/恭一(63)/允恭(48)/恭弥(22)/恭仁(19)/恭二(18)/恭助(18)/恭之助(14)/恭三(13)/恭敬(13)/恭王(12)/恭兵(10)/為恭(10)/悠恭(9)
2011	哉	1312	6.7171	98.808	直哉(151)/哉(145)/拓哉(139)/玄哉(129)/一哉(106)/克哉(85)/俊哉(77)/哲哉(62)/順哉(39)/達哉(35)/流哉(28)/也哉子(26)/快哉(23)/善哉(22)/夕哉(22)/侑哉(21)/和哉(19)/智哉(10)/伸哉(9)/晴哉(8)
2012	棲	1312	6.7171	98.810	同棲(461)/棲む(184)/棲息(127)/棲ん(98)/棲み(81)/隠棲(65)/棲み分け(55)/棲みつい(39)/水棲(28)/棲家(19)/両棲(14)/棲(14)/棲みつく(12)/棲み家(11)/棲め(10)/共棲(9)/棲ま(9)/棲みわけ(9)/海棲(9)/棲管(7)
2013	尼	1310	6.7069	98.812	尼(470)/尼崎(215)/尼僧(157)/尼子(105)/尼寺(84)/比丘尼(55)/牟尼(41)/陀羅尼(31)/僧尼(27)/尼尼(18)/摩尼(13)/禅尼(10)/尼姿(9)/尼ヶ崎(8)/尼公(8)/仲尼(7)/尼師今(6)/阿尼哥(6)/尼連禅(5)/老尼(5)
2014	稀	1310	6.7069	98.814	稀(744)/稀少(113)/稀有(112)/稀薄(89)/古稀(55)/稀代(46)/稀覯(29)/稀れ(20)/類い稀(19)/稀一(18)/瑞稀(17)/稀勢の里(17)/稀釈(6)/稀書(5)/稀本(4)/稀哲(3)/稀李弥(3)/未稀(2)/稀存(2)/凰稀(1)
2015	蒲	1308	6.6966	98.817	蒲団(324)/蒲生(200)/菖蒲(186)/蒲田(101)/蒲原(64)/蒲(60)/蒲郡(51)/蒲鉾(50)/蒲焼(32)/蒲焼き(30)/花菖蒲(27)/蒲圻(26)/北蒲原(24)/西蒲(14)/西蒲原(12)/蒲柳(11)/蒲刈(10)/目蒲(9)/菖蒲園(8)/蒲公英(7)
2016	艇	1307	6.6915	98.819	艇(702)/艦艇(287)/競艇(86)/船艇(70)/艇長(41)/舟艇(35)/艇内(30)/短艇(13)/艇庫(11)/艇首(11)/漕艇(7)/艇尾(7)/端艇(3)/帰艇(1)/救艇(1)/汽艇(1)/艇速(1)
2017	雌	1306	6.6864	98.821	雌(610)/雌雄(225)/雌牛(76)/雌花(51)/雌しべ(45)/雌犬(36)/雌性(33)/雌馬(30)/雌鳥(24)/雌伏(21)/雌株(21)/雄雌(20)/雌鶏(16)/雌猫(10)/雌阿寒(10)/雌ギツネ(6)/雌シベ(5)/雌羊(5)/雌鹿(5)/雌親(4)
2018	紐	1304	6.6761	98.823	紐(918)/腰紐(41)/紐帯(31)/革紐(31)/肩紐(28)/抱っこ紐(24)/靴紐(22)/紐解い(20)/麻紐(19)/紐解く(14)/胸紐(13)/組紐(12)/組み紐(10)/負紐(9)/紐育(8)/飾紐(8)/吊り紐(7)/下紐(6)/仮紐(6)/飾り紐(5)
2019	篠	1302	6.6659	98.825	篠原(320)/篠田(148)/篠(142)/篠塚(122)/長篠(103)/篠崎(97)/篠遠(83)/篠山(71)/秋篠宮(53)/篠ノ井(32)/秋篠(21)/篠井(16)/亀篠(14)/篠竹(13)/篠栗(9)/篠村(8)/篠笛(8)/三篠(6)/篠木(5)/篠津(5)
2020	逐	1302	6.6659	98.828	駆逐(520)/逐次(322)/逐一(165)/逐年(90)/放逐(56)/逐語(29)/逐条(24)/逐電(22)/角逐(19)/逐わ(9)/逐(7)/逐う(7)/逐っ(7)/逐い(4)/逐は(4)/日逐(2)/逐日(2)/巡逐(1)/捕逐(1)/撃逐(1)
2021	傑	1298	6.6454	98.830	傑作(876)/傑出(129)/豪傑(98)/傑(74)/女傑(31)/傑物(25)/英傑(21)/怪傑(15)/人傑(6)/溥傑(6)/傑れ(4)/傑僧(4)/仁傑(2)/俊傑(1)/傑士(1)/傑英(1)/傑誠(1)/十傑(1)/楊傑(1)/黄傑(1)
2022	桑	1298	6.6454	98.832	桑田(259)/桑(250)/桑原(152)/桑名(141)/扶桑(127)/桑畑(40)/桑園(25)/桑野(25)/桑子(24)/桑島(24)/桑山(21)/桑折(20)/桑取(18)/桑村(16)/高桑(16)/大桑(13)/桑実(12)/北桑田(7)/桑木(7)/桑迫(7)
2023	囚	1297	6.6403	98.834	囚人(519)/囚(318)/囚われ(197)/女囚(56)/捕囚(52)/囚徒(39)/俘囚(25)/虜囚(20)/囚われる(17)/幽囚(10)/囚獄(8)/死囚(8)/憂囚(5)/獄囚(4)/囚え(3)/囚はれ(3)/囚衣(2)/天囚(2)/狂囚(2)/免囚(1)
2024	峡	1296	6.6352	98.836	海峡(738)/峡(211)/峡谷(174)/三峡(45)/山峡(37)/峡部(23)/地峡(22)/峡子(18)/峡平(7)/峡湾(5)/長峡(4)/口峡(3)/巫峡(2)/竜ケ峡(2)/通峡(2)/古峡(1)/峡南(1)/峡間(1)
2025	蜜	1293	6.6198	98.838	蜜(444)/蜂蜜(229)/蜜柑(149)/蜜蜂(91)/黒蜜(55)/波羅蜜(41)/蜜月(38)/花蜜(33)/糖蜜(30)/吸蜜(20)/蜜牙古(20)/蜜液(17)/蜜糖(16)/蜜蠟(14)/蜜壺(11)/波羅蜜多(10)/水蜜(7)/貯蜜(6)/淫蜜(5)/蜜三郎(5)
2026	圭	1286	6.5840	98.841	圭介(269)/圭(249)/圭子(223)/圭一(159)/圭吾(72)/圭二郎(45)/圭一郎(35)/圭祐(25)/圭太(20)/圭三(17)/圭悟(16)/圭織(12)/尖圭(11)/圭司(9)/炳圭(8)/圭佑(6)/圭哉(6)/圭室(6)/圭鍾(6)/圭雄(5)
2027	捧	1283	6.5686	98.843	捧げ(692)/捧げる(354)/捧心(46)/捧ぐ(31)/捧(26)/捧げよう(22)/捧げ物(20)/捧げ持っ(19)/捧げもの(16)/捧呈(12)/捧げ持つ(9)/捧げれ(8)/捧持(7)/捧げ持ち(5)/捧げ銃(5)/捧ぐる(2)/捧げもっ(2)/捧げん(2)/捧げ餅(2)/捧げもつ(1)
2028	赦	1278	6.5430	98.845	容赦(761)/赦し(109)/恩赦(100)/赦免(87)/赦那(65)/赦さ(44)/特赦(30)/赦す(30)/大赦(27)/赦せ(10)/天赦(6)/赦(5)/赦せる(2)/赦せん(1)/赦そう(1)
2029	綴	1262	6.4611	98.847	綴り(220)/綴っ(218)/綴(152)/綴ら(122)/綴方(79)/綴る(77)/綴喜(68)/書き綴っ(56)/綴じ(53)/補綴(36)/綴り方(20)/綴じ込み(18)/綴字(12)/点綴(9)/書き綴る(8)/綴れ織り(8)/書き綴り(7)/和綴(6)/綴れ(6)/綴じる(5)
2030	賑	1262	6.4611	98.849	賑やか(468)/賑わい(279)/賑わっ(194)/賑わう(103)/賑わし(31)/大賑わい(26)/賑わせ(25)/賑わす(22)/賑か(17)/殷賑(14)/賑(12)/賑い(11)/賑々しく(7)/賑っ(5)/賑ひ(5)/賑々し(4)/賑う(4)/賑やかそう(4)/賑給(4)/咲き賑わう(3)
2031	笹	1260	6.4509	98.851	笹(303)/笹川(140)/笹原(68)/笹山(67)/笹井(59)/笹岡(48)/笹上(37)/熊笹(34)/青笹(32)/笹野(31)/笹崎(30)/笹倉(29)/笹田(24)/笹沢(22)/笹塚(21)/笹本(21)/小笹(20)/笹屋(19)/笹子(18)/笹島(16)
2032	芯	1255	6.4253	98.853	芯(1048)/花芯(51)/編み芯(12)/芯地(12)/恥芯(10)/女芯(9)/芯木(8)/鉄芯(8)/軸芯(7)/摘芯(6)/縦芯(6)/芯棒(6)/炉芯(5)/芯材(5)/芯芽(5)/華芯(5)/足芯(5)/丸芯(4)/横芯(4)/空芯(4)
2033	栃	1252	6.4099	98.856	栃木(1010)/栃(55)/栃東(54)/栃尾(34)/栃乃洋(23)/栃錦(23)/栃煌山(10)/栃の木(9)/栃光(7)/栃・若(5)/栃餅(5)/栃原(3)/栃憲(3)/栃栄(3)/栃王山(2)/栃窪(2)/栃の嵐(1)/栃ヶ森(1)/栃倉(1)/栃若(1)
2034	阜	1251	6.4048	98.858	岐阜(1188)/曲阜(32)/阜新(16)/阜(8)/泰阜(6)/阜部(1)
2035	伎	1249	6.3945	98.860	歌舞伎(926)/歌舞伎町(201)/伎(26)/伎倆(21)/歌舞伎踊り(14)/志々伎(11)/才伎(10)/伎楽(6)/女歌舞伎(6)/由伎子(6)/演伎(4)/伎人(3)/歌舞伎者(3)/雑伎(3)/伎癢(2)/伯伎(2)/宇万伎(2)/伎能(1)/伎芸(1)/那伎(1)
2036	渓	1248	6.3894	98.862	渓谷(431)/渓流(245)/渓(231)/雪渓(90)/磐渓(36)/北渓(30)/入渓(22)/渓子(20)/静渓(13)/古渓(8)/檀渓(8)/清渓(8)/盤渓(8)/天渓(7)/杉渓(6)/龍渓(6)/松渓(5)/柳渓(5)/渓嵐(5)/山渓(4)
2037	噛	1247	6.3843	98.864	噛ん(288)/噛む(203)/噛ま(138)/噛み(107)/噛みしめ(36)/噛み付い(35)/噛み合わせ(33)/噛み合っ(27)/噛みつく(26)/噛め(26)/噛みつい(21)/噛み合わ(21)/噛みつき(19)/甘噛み(18)/噛み砕い(16)/噛み締め(16)/噛み付く(14)/噛みしめる(12)/噛みつか(12)/歯噛み(12)
2038	痩	1243	6.3638	98.866	痩せ(839)/痩せる(166)/痩身(38)/痩せれ(34)/痩せ型(21)/痩せよう(20)/痩せこけ(14)/痩せ細っ(12)/痩(10)/痩せぎす(10)/痩せろ(9)/痩せ衰え(8)/激痩せ(5)/痩せっぽち(5)/痩軀(5)/腹痩せ(5)/痩せ日(4)/痩せれる(3)/痩せ細り(3)/痩せ馬(3)
2039	抹	1236	6.3280	98.868	抹茶(435)/抹消(372)/抹殺(267)/一抹(96)/塗抹(41)/抹香(19)/朱抹(5)/抹殺(1)
2040	蝶	1233	6.3126	98.870	蝶(637)/胡蝶(179)/蝶々(141)/蝶番(87)/蝶結び(26)/蝶丸(23)/お蝶(14)/蝶形(13)/蝶野(11)/彫蝶(10)/揚羽蝶(10)/蝶つがい(10)/蝶子(9)/孤蝶(7)/綺蝶(7)/黒蝶(7)/国蝶(6)/帰蝶(5)/一蝶(3)/凍蝶(3)
2041	賜	1231	6.3024	98.872	賜り(290)/賜物(180)/下賜(129)/賜っ(126)/賜(70)/賜わり(53)/賜る(49)/賜わっ(47)/置賜(46)/恩賜(44)/賜わる(25)/賜う(21)/賞賜(15)/賜杯(12)/賜れ(10)/賜ふ(9)/賜ひ(8)/西置賜(6)/賜い(6)/賜はり(6)
2042	紳	1229	6.2922	98.874	紳士(999)/紳助(120)/紳(21)/紳介(20)/連紳(11)/貴紳(10)/郷紳(9)/劣紳(8)/紳一(7)/紳一郎(7)/紳路(6)/松紳(3)/紳商(3)/紳竜(2)/田紳(1)/紳二(1)/紳佑(1)
2043	靖	1229	6.2922	98.877	靖国(607)/靖雄(125)/靖(101)/靖夫(96)/靖子(84)/靖志(38)/靖共(22)/嘉靖(14)/靖幸(13)/靖彦(9)/綏靖(7)/靖男(6)/恒靖(5)/長靖(5)/靖将(5)/靖波(5)/靖史(4)/史靖(3)/靖一(3)/靖兵(3)
2044	痺	1226	6.2768	98.879	麻痺(904)/痺れ(265)/痺れる(45)/痺(5)/痲痺(3)/攣痺(1)/痳痺(1)/痺る(1)/麻痺れ(1)
2045	骸	1225	6.2717	98.881	死骸(347)/残骸(231)/遺骸(172)/形骸(136)/骸(118)/亡骸(101)/骸骨(101)/屍骸(17)/殘骸(1)/船骸(1)
2046	喚	1223	6.2614	98.883	喚起(486)/召喚(202)/喚問(89)/喚声(75)/叫喚(66)/喚い(66)/喚き(47)/喚く(25)/喚き散らし(17)/喚き声(15)/喚び(11)/招喚(11)/喚ぶ(8)/喚きたて(7)/喚ば(7)/泣き喚く(7)/泣き喚い(6)/喚か(5)/喚き立て(5)/喚情(5)
2047	敦	1218	6.2358	98.885	敦(294)/敦子(288)/敦賀(190)/敦煌(109)/敦史(98)/倫敦(34)/敦盛(30)/敦夫(20)/敦己(15)/敦也(10)/敦康(10)/敦成(9)/敦良(9)/敦之(7)/高敦(6)/敦人(5)/敦彦(5)/敦明(5)/義敦(5)/敦志(4)
2048	畿	1218	6.2358	98.887	近畿(791)/畿内(316)/京畿(79)/畿(15)/畿外(7)/畿央(7)/王畿(3)
2049	桁	1213	6.2102	98.889	桁(877)/桁違い(64)/桁数(59)/橋桁(38)/井桁(34)/桁外れ(29)/衣桁(20)/桁はずれ(16)/桁行(16)/帆桁(14)/桁上がり(11)/石桁(11)/桁ちがい(4)/桁上げ(4)/桁組(3)/転桁索(3)/川桁(2)/頰桁(2)/主桁(1)/桁平(1)
2050	爽	1212	6.2051	98.891	爽やか(599)/爽快(326)/颯爽(142)/爽香(60)/爽(33)/爽か(8)/曹爽(7)/爽太(7)/爽涼(6)/清爽(4)/昧爽(3)/爽雨(3)/爽利(2)/爽平(2)/爽波(2)/爽風(2)/荀爽(2)/爽果(1)/爽秋(1)/豪爽(1)
2051	脊	1212	6.2051	98.893	脊髄(553)/脊椎(393)/脊柱(136)/脊索(33)/脊(21)/脊梁(14)/脊振(12)/猫脊(10)/脊中(9)/東脊振(8)/脊丈(3)/脊負っ(3)/脊山(2)/脊筋(2)/脊部(2)/脊骨(2)/腰脊(2)/脊乾鯨(1)/脊損(1)/脊板(1)
2052	諭	1206	6.1744	98.895	教諭(527)/諭吉(210)/諭し(133)/諭す(121)/諭さ(43)/諭(38)/説諭(32)/勅諭(17)/諭告(17)/諭旨(16)/示諭(10)/諭達(10)/教え諭す(7)/告諭(6)/訓諭(5)/神諭(4)/諷諭(4)/内諭(1)/教え諭さ(1)/正諭(1)
2053	嫉	1205	6.1693	98.897	嫉妬(1144)/嫉み(23)/嫉視(10)/嫉ましく(5)/嫉ん(5)/嫉ま(4)/嫉(3)/嫉い(3)/嫉悪(3)/嫉む(2)/嫉く(1)/嫉し(1)/怨嫉(1)
2054	猶	1205	6.1693	98.899	猶予(1012)/猶(131)/猶子(20)/猶太(15)/猶ほ(11)/猶更(6)/壮猶(1)/我思旧事猶惆帳。(1)/猶々(1)/猶与(1)/猶且(1)/猶之進(1)/猶吉(1)/猶存(1)/猶崎(1)/猶豫(1)
2055	鳩	1203	6.1590	98.901	鳩山(420)/鳩(402)/鳩ヶ谷(60)/斑鳩(53)/鳩尾(51)/鳩巣(25)/小鳩(23)/張鳩(15)/鳩翁(15)/白鳩(13)/山鳩(12)/鳩首(12)/鳩摩羅什(11)/鳩待(9)/仔鳩(8)/鳩居(8)/鳩十(7)/野鳩(6)/鳩目(5)/桑鳩(4)
2056	棋	1202	6.1539	98.903	将棋(688)/棋士(151)/棋聖(63)/棋院(61)/江棋(44)/棋王(41)/棋譜(35)/泉棋(29)/棋界(20)/棋戦(19)/棋風(9)/棋力(8)/將棋(7)/棋信(6)/棋歴(5)/棋道(4)/棋(2)/棋話(2)/兵棋(1)/棋会(1)
2057	藍	1198	6.1334	98.905	藍(550)/伽藍(187)/藍色(110)/藍原(57)/藍染め(50)/藍子(47)/藍染(22)/藍綬(21)/藍玉(13)/藍藻(12)/藍川(10)/藍沢(10)/藍絲(7)/藍島(6)/藍衣(6)/正藍(5)/藍住(5)/藍印(5)/魚藍(5)/本藍(4)
2058	萌	1197	6.1283	98.907	萌え(289)/萌芽(170)/萌子(158)/萌(122)/萌香(109)/萌える(62)/萌絵(60)/留萌(43)/萌え萌え(32)/萌黄(25)/萌し(12)/萌えキャラ(11)/萌黄色(11)/激萌え(6)/萌え出(6)/萌え出る(5)/葭萌(5)/萌ゆる(4)/萌王(4)/萌葱色(4)
2059	柏	1191	6.0976	98.909	柏(315)/柏木(234)/柏原(183)/柏崎(169)/柏田(63)/柏手(27)/柏葉(24)/大柏(23)/松柏(20)/柏村(19)/柏戸(17)/柏餅(15)/德柏(11)/柏井(7)/柏亭(7)/柏倉(7)/柏子(7)/柏森(7)/柏島(6)/柏尾(4)
2060	賦	1188	6.0822	98.911	賦課(316)/割賦(291)/賦存(97)/賦(86)/月賦(69)/天賦(61)/賦活(58)/賦与(49)/賦役(48)/配賦(37)/年賦(14)/賦払(8)/賦し(6)/賦税(6)/詩賦(4)/賦払い(4)/賦香(4)/分賦(3)/調賦(3)/貢賦(3)
2061	渇	1186	6.0720	98.913	枯渇(241)/渇水(227)/渇き(205)/渇い(168)/渇望(144)/渇く(57)/渇(36)/口渇(21)/涸渇(16)/渇仰(12)/渇愛(10)/潤渇(10)/渇か(6)/飢渇(6)/渇け(5)/渇し(5)/渇筆(4)/水渇(2)/渇する(2)/渇かし(1)
2062	弊	1183	6.0566	98.915	弊害(580)/疲弊(234)/弊社(120)/語弊(61)/弊(59)/旧弊(24)/悪弊(22)/病弊(15)/弊風(12)/通弊(10)/弊藩(8)/弊衣(8)/弊政(4)/弊履(3)/弊竇(3)/流弊(3)/宿弊(2)/弊習(2)/弊館(2)/時弊(2)
2063	洩	1176	6.0208	98.917	洩らし(340)/洩れ(319)/漏洩(188)/洩れる(89)/洩らす(78)/洩らさ(38)/洩矢(23)/木洩れ日(13)/木洩れ陽(12)/洩し(11)/洩る(11)/洩れ聞い(6)/洩れ伝わっ(4)/洩っ(3)/洩れ出(3)/弘洩(2)/書き洩らし(2)/洩す(2)/洩ら(2)/洩らせ(2)
2064	曖	1170	5.9901	98.919	曖昧(1167)/曖(1)/曖々(1)/曖味(1)
2065	剝	1164	5.9594	98.921	剝い(171)/剝き出し(122)/剝離(113)/剝奪(93)/剝がれ(72)/剝がし(55)/剝き(38)/剝く(36)/剝片(30)/剝きだし(27)/剝製(27)/剝げ(25)/剝がさ(23)/剝ぐ(20)/剝落(20)/剝ぎ(19)/引き剝がし(18)/剝がす(16)/剝ぎ取っ(16)/剝げ落ち(13)
2066	萩	1159	5.9338	98.923	萩(447)/萩原(338)/小萩(67)/萩尾(42)/萩本(36)/萩野(35)/萩焼(27)/高萩(20)/矢萩(19)/萩谷(18)/秋萩(17)/野萩(16)/萩山(11)/萩中(10)/三萩野(9)/萩島(8)/白萩(7)/中萩(6)/萩村(4)/萩生田(4)
2067	宋	1154	5.9082	98.925	宋(595)/宋江(137)/南宋(97)/宋代(73)/北宋(53)/宋軍(28)/宋学(24)/呂宋(23)/宋書(21)/宋公(19)/宋襄(16)/宋版(12)/入宋(10)/宋朝(8)/日宋(8)/唐宋(5)/宋弘(4)/宋画(3)/岳宋(3)/宋家(2)
2068	楼	1152	5.8979	98.927	楼(506)/鐘楼(103)/楼閣(79)/楼門(57)/妓楼(45)/楼蘭(42)/井楼(26)/望楼(26)/楼上(26)/土楼(20)/金語楼(19)/楼主(16)/高楼(15)/楼観(13)/幻楼(12)/海楼(11)/門楼(11)/登楼(10)/鼓楼(10)/紅楼(9)
2069	丼	1146	5.8672	98.929	丼(637)/牛丼(202)/カツ丼(96)/天丼(53)/豚丼(37)/丼物(23)/丼もの(20)/かつ丼(17)/ウニ丼(13)/うな丼(9)/丼飯(7)/鰻丼(6)/丼鉢(5)/卵丼(5)/漬け丼(4)/丼ご飯(2)/丼ツユ(2)/あき丼(1)/ウナ丼(1)/ザンギ丼(1)
2070	怯	1146	5.8672	98.931	怯え(574)/卑怯(344)/怯える(79)/怯む(42)/怯ん(30)/怯ま(20)/怯懦(17)/怯(14)/怯者(12)/怯み(5)/怯気(4)/怯れ(2)/怯陋(1)/悪怯れ(1)/驚き怯える(1)
2071	尖	1144	5.8570	98.933	尖っ(307)/尖閣(160)/尖ら(150)/尖塔(99)/尖端(85)/尖兵(49)/尖(40)/尖り(34)/尖鋭(31)/尖頭(29)/剣尖(19)/尖圭(11)/尖足(9)/尖らし(8)/尖る(8)/尖部(8)/弁尖(8)/切尖(7)/尖刃(7)/尖峰(6)
2072	瞭	1143	5.8518	98.935	明瞭(861)/瞭然(275)/瞭(5)/瞭望(1)/瞭知(1)
2073	蔑	1143	5.8518	98.937	軽蔑(666)/侮蔑(145)/蔑視(120)/蔑称(42)/蔑み(33)/蔑ん(32)/蔑む(31)/蔑ま(30)/蔑ろ(25)/子蔑(5)/蔑如(3)/蔑(1)/蔑し(1)/蔑す(1)/蔑すみ(1)/蔑する(1)/蔑まさ(1)/蔑み罵ら(1)/蔑め(1)/蔑める(1)
2074	旭	1139	5.8314	98.939	旭川(465)/旭(305)/旭山(66)/旭町(56)/旭日(45)/旭鷲山(25)/旭天鵬(20)/承旭(17)/尾張旭(13)/旭荘(12)/旭ヶ丘(11)/旭岳(11)/鮑旭(10)/新旭(9)/旭台(9)/旭子(9)/旭光(5)/炯旭(5)/旭が丘(4)/旭ケ丘(4)
2075	栓	1139	5.8314	98.940	栓(390)/血栓(360)/塞栓(112)/耳栓(67)/水栓(56)/活栓(27)/元栓(24)/栓抜き(21)/角栓(16)/膿栓(12)/開栓(11)/密栓(8)/打栓(7)/綿栓(6)/木栓(4)/栓塞(4)/鼻栓(3)/中栓(2)/施栓(2)/栓ぬき(2)
2076	柿	1136	5.8160	98.942	柿(577)/柿渋(76)/柿本(69)/柿崎(47)/干し柿(39)/柿沼(31)/柿右衛門(29)/渋柿(29)/柿の木(25)/熟柿(19)/柿色(15)/柿木(13)/柿沢(13)/柿田(13)/照柿(13)/干柿(8)/柿村(8)/柿ピー(7)/柿生(7)/柿畑(7)
2077	蒼	1136	5.8160	98.944	蒼白(231)/蒼い(122)/蒼(120)/鬱蒼(101)/蒼ざめ(95)/蒼白い(44)/蒼く(42)/蒼風(31)/蒼一郎(28)/蒼井(26)/蒼き(25)/蒼然(24)/蒼ノ海(22)/蒼天(22)/蒼龍(20)/蒼白く(19)/蒼山(16)/蒼穹(16)/蒼空(12)/蒼々(11)
2078	堆	1135	5.8109	98.946	堆積(701)/堆肥(311)/堆(42)/堆砂(26)/堆きゅう肥(19)/堆朱(10)/堆く(8)/堆石(5)/土堆(2)/堆い(2)/堆厩肥(2)/堆土(2)/堆雪(2)/堆窮(1)/邪靡堆(1)/魚堆(1)
2079	騙	1135	5.8109	98.948	騙さ(586)/騙し(247)/騙す(95)/騙っ(29)/騙そう(18)/騙し騙し(16)/騙し取っ(15)/騙り(15)/騙し取ら(13)/騙し討ち(12)/騙し取る(11)/騙せ(11)/騙取(11)/騙る(10)/騙し絵(8)/騙ら(6)/騙し合い(5)/騙(4)/騙し取ろう(4)/騙せる(4)
2080	斑	1134	5.8058	98.950	斑(279)/斑点(221)/母斑(109)/黄斑(90)/紅斑(58)/斑鳩(53)/斑入り(47)/斑紋(36)/白斑(32)/曙斑(31)/紫斑(24)/斑状(21)/一斑(17)/黒斑(17)/死斑(13)/斑猫(12)/雀斑(8)/斑尾(7)/斑晶(6)/肝斑(6)
2081	壺	1129	5.7802	98.952	壺(587)/藤壺(71)/骨壺(58)/滝壺(52)/桐壺(51)/茶壺(28)/壺井(26)/油壺(25)/壺谷(19)/銅壺(19)/壺口(16)/酒壺(16)/小壺(15)/蜜壺(11)/湯壺(10)/痰壺(9)/大壺(8)/梅壺(7)/涙壺(6)/蛸壺(6)
2082	閑	1127	5.7699	98.954	閑散(172)/閑静(121)/閑(95)/閑話(62)/空閑(57)/長閑(52)/森閑(41)/閑古(41)/農閑(39)/如是閑(31)/安閑(29)/閑職(29)/等閑(27)/閑居(27)/有閑(26)/閑吟(25)/閑か(24)/繁閑(22)/閑院(18)/古閑(16)
2083	諮	1122	5.7443	98.956	諮問(837)/諮り(210)/諮っ(25)/諮ら(17)/諮詢(14)/諮る(13)/諮(5)/諮れ(1)
2084	戴	1121	5.7392	98.958	頂戴(396)/戴き(169)/戴い(147)/戴く(93)/戴冠(87)/戴(34)/推戴(33)/戴天(27)/戴け(25)/戴ける(25)/奉戴(14)/北戴河(13)/戴か(13)/戴隆(13)/戴笠(9)/戴けれ(5)/戴こう(5)/戴宗(3)/押し戴い(3)/戴き物(2)
2085	蕎	1120	5.7341	98.960	蕎麦(706)/蕎麦屋(217)/蕎麦粉(33)/蕎麦打ち(16)/蕎麦湯(15)/ざる蕎麦(12)/おろし蕎麦(10)/ニシン蕎麦(10)/蕎麦処(10)/新蕎麦(9)/生蕎麦(8)/蕎麦がき(7)/かけ蕎麦(6)/蕎麦切(5)/蕎麦つゆ(4)/蕎麦畑(4)/蕎麦茶(4)/藪蕎麦(4)/茶蕎麦(3)/蕎麦作り(3)
2086	塀	1113	5.6983	98.961	塀(870)/土塀(78)/板塀(49)/石塀(35)/練塀(23)/黒塀(16)/塀際(14)/塀越し(6)/木塀(6)/塀ぎわ(5)/塀垣(2)/塀外(2)/神田練塀(2)/塀ごし(1)/塀側(1)/塀和(1)/白塀(1)/門塀(1)
2087	碗	1112	5.6931	98.963	茶碗(903)/碗(191)/飯碗(12)/汁碗(3)/剛碗(1)/碗皿(1)/碗（わん）物(1)
2088	虜	1112	5.6931	98.965	捕虜(818)/虜(178)/俘虜(85)/虜囚(20)/北虜(6)/胡虜(2)/東虜(1)/遮虜(1)/黠虜(1)
2089	窟	1111	5.6880	98.967	洞窟(671)/窟(200)/巣窟(65)/石窟(65)/理窟(44)/岩窟(21)/魔窟(18)/巌窟(10)/窟内(3)/魔窟ケ原(3)/土窟(2)/石窟（くつ）(2)/窮窟(2)/笙窟(2)/乳ヶ窟(1)/神窟(1)/退窟(1)
2090	剖	1106	5.6624	98.969	解剖(1081)/剖検(19)/剖出(3)/剖(1)/剖き(1)/剖析(1)
2091	辿	1105	5.6573	98.971	辿っ(293)/辿る(185)/辿り着い(163)/辿り(103)/辿り着く(85)/辿りつい(46)/辿りつく(35)/辿り着き(34)/辿り着け(29)/辿れ(22)/辿ら(18)/辿りつき(17)/辿り着ける(12)/辿ろう(9)/辿りつけ(8)/辿りつける(8)/辿り着こう(7)/辿れる(6)/辿り着か(5)/辿(3)
2092	冴	1103	5.6471	98.973	冴子(497)/冴え(397)/冴葉(48)/冴える(37)/冴(28)/冴え冴え(28)/冴島(15)/冴木(9)/冴返る(8)/冴えざえ(5)/冴ゆる(5)/美冴(5)/冴えかえっ(4)/冴え返っ(4)/冴羽(3)/冴々(2)/冴えかえる(2)/冴え返る(2)/冴えれ(1)/冴え返り(1)
2093	烏	1103	5.6471	98.974	烏(270)/烏帽子(128)/烏丸(104)/烏山(94)/烏龍(52)/烏賊(39)/八咫烏(21)/烏口(19)/烏合(19)/禿烏(18)/烏伝(17)/烏江(17)/烏竜(16)/烏骨(14)/暁烏(13)/烏孫(13)/烏森(13)/飛黒烏(13)/三羽烏(12)/瑞烏(12)
2094	函	1100	5.6317	98.976	函館(641)/投函(228)/青函(91)/函(57)/函南(28)/函数(18)/函谷(7)/函入り(6)/函衛(6)/空函(4)/負函(4)/熱函(3)/函屋(1)/函工(1)/函樽(1)/木函(1)/潜函(1)/通函(1)/銭函(1)
2095	藻	1099	5.6266	98.978	海藻(364)/藻(156)/藻類(111)/珪藻(68)/玉藻(66)/藻場(50)/藻屑(36)/原藻(25)/紅藻(20)/褐藻(19)/浜藻(18)/藻塩(18)/水藻(17)/緑藻(17)/懐風藻(13)/藍藻(12)/東藻琴(10)/藻岩(10)/藻琴(10)/ラン藻(6)
2096	乞	1098	5.6215	98.980	乞食(368)/乞う(251)/物乞い(123)/乞い(64)/雨乞い(62)/乞わ(42)/命乞い(40)/乞(30)/暇乞い(23)/行乞(18)/乞ふ(11)/雨乞(8)/乞え(6)/乞ひ(6)/乞い願う(5)/乞巧(4)/手乞(4)/乞おう(3)/命乞(3)/暇乞(3)
2097	鴨	1097	5.6163	98.982	鴨(376)/鴨川(160)/巣鴨(143)/鴨居(82)/鴨緑(34)/合鴨(30)/下鴨(25)/家鴨(25)/鴨肉(23)/小鴨(20)/鴨志田(15)/ゆ鴨(13)/鴨下(13)/鴨鍋(13)/鴨池(10)/鴨治(10)/野鴨(9)/鴨島(9)/鴨太郎(8)/鴨江(7)
2098	叙	1094	5.6010	98.984	叙述(388)/叙事(129)/叙勲(103)/叙情(88)/自叙(69)/叙任(47)/叙位(35)/雅叙(26)/叙し(25)/叙せ(25)/叙唱(24)/叙法(19)/叙さ(12)/平叙(12)/叙(10)/叙階(9)/叙する(8)/叙景(8)/叙々(7)/叙説(6)
2099	巳	1094	5.6010	98.986	辰巳(199)/秋巳(155)/巳(126)/和巳(90)/友巳(54)/巳年(39)/拓巳(37)/武巳(34)/達巳(31)/夏巳(29)/巳喜男(29)/重巳(24)/上巳(23)/克巳(23)/昌巳(22)/正巳(22)/乙巳(19)/己巳(13)/知巳(10)/勝巳(9)
2100	詣	1091	5.5856	98.987	参詣(371)/初詣(221)/詣で(141)/造詣(115)/詣り(77)/詣(67)/初詣で(33)/詣でる(22)/物詣(8)/寺詣で(4)/墓詣り(3)/寺詣り(3)/陀詣(3)/をけら詣り(2)/宮詣り(2)/詣っ(2)/詣づ(2)/詣ら(2)/詣る(2)/寒詣(1)
2101	淀	1086	5.5600	98.989	淀川(397)/淀(249)/淀野(64)/淀ん(55)/淀江(52)/仁淀川(50)/淀み(37)/淀橋(35)/淀屋橋(33)/大淀(18)/淀姫(18)/西淀川(18)/東淀川(17)/言い淀ん(14)/淀む(7)/言い淀む(4)/いい淀ん(3)/仁淀(3)/淀ま(2)/言い淀み(2)
2102	巾	1082	5.5396	98.991	雑巾(282)/頭巾(232)/巾(155)/巾着(149)/布巾(110)/茶巾(45)/黄巾(30)/手巾(21)/巾木(11)/脛巾(7)/半巾(6)/領巾(6)/並巾(5)/大巾(5)/紅巾(4)/肩巾(4)/川巾(2)/矢巾(2)/金巾(2)/兜巾(1)
2103	姻	1080	5.5293	98.993	婚姻(989)/姻族(53)/姻戚(34)/姻(2)/凝姻(1)/姻籍(1)
2104	凹	1078	5.5191	98.995	凹凸(257)/凹ん(160)/凸凹(146)/凹(133)/凹み(126)/凹む(46)/陥凹(45)/凹面(35)/凹ま(24)/凹地(23)/凹型(20)/凹部(18)/凹版(12)/凹状(6)/電凹(5)/凹ます(4)/（＾凹＾）(4)/凹字(3)/凹もう(2)/凹足(2)
2105	僅	1075	5.5037	98.997	僅か(926)/僅差(74)/僅少(38)/僅(32)/僅々(4)/僅い(1)
2106	抄	1073	5.4935	98.998	抄(590)/抄子(226)/抄本(102)/秘抄(28)/抄録(26)/抄出(25)/抄訳(21)/謄抄本(18)/抄物(7)/詩抄(6)/抄太郎(5)/抄錄(4)/抄い(3)/別抄(2)/手抄(2)/抄き(2)/抄造(2)/抄掠(1)/抄紙(1)/抄者(1)
2107	侯	1072	5.4883	99.000	諸侯(253)/侯(252)/侯爵(234)/王侯(121)/夏侯(62)/晋侯(36)/侯生(28)/土侯(19)/侯覬(12)/賢侯(9)/井侯(8)/武侯(5)/君侯(4)/侯健(3)/侯国(3)/列侯(3)/献侯(3)/支侯(2)/文侯(2)/藩侯(2)
2108	擬	1072	5.4883	99.002	模擬(374)/擬似(167)/擬制(94)/擬人(78)/擬(60)/擬音(58)/擬態(57)/擬宝珠(29)/擬せ(26)/擬し(24)/擬声(23)/擬装(20)/擬古(11)/私擬(7)/擬え(6)/擬餌(5)/擬する(4)/擬木(4)/摸擬(3)/擬き(3)
2109	勅	1071	5.4832	99.004	勅令(169)/勅使(149)/勅命(119)/勅(92)/勅許(89)/勅語(84)/詔勅(78)/勅撰(39)/勅使河原(24)/勅願(24)/勅書(22)/勅任(21)/勅諚(20)/神勅(20)/勅諭(17)/勅旨(16)/回勅(12)/密勅(10)/勅勘(9)/初勅(6)
2110	汲	1070	5.4781	99.006	汲ん(182)/汲む(132)/汲み(118)/汲み上げ(83)/水汲み(62)/汲々(57)/汲(53)/汲み取っ(43)/汲み取り(40)/汲み取る(23)/汲みとっ(19)/汲み出し(19)/汲取り(19)/汲み上げる(17)/汲め(16)/汲ま(15)/茶汲み(15)/汲みあげ(11)/汲み出す(11)/汲古(11)
2111	播	1068	5.4679	99.007	伝播(366)/播磨(283)/播種(155)/播州(68)/直播(42)/播(40)/播い(26)/播く(16)/播き(12)/播淡(11)/石播(8)/播か(6)/播但(6)/播け(4)/直播き(4)/播き散らし(2)/播き散らす(2)/播遷(2)/条播(2)/種播き(2)
2112	棺	1064	5.4474	99.009	棺(470)/甕棺(209)/石棺(130)/棺桶(112)/納棺(42)/木棺(29)/出棺(26)/棺おけ(7)/棺内(7)/寝棺(5)/棺台(5)/陶棺(5)/かめ棺(4)/奥棺(3)/棺外(2)/入棺(1)/土棺(1)/壅棺(1)/壷棺(1)/座棺(1)
2113	楠	1063	5.4423	99.011	楠(329)/熊楠(155)/楠木(132)/小楠(101)/楠田(65)/楠葉(59)/楠公(45)/楠夫(39)/楠本(31)/石楠花(20)/楠井(19)/大楠(18)/薦楠(11)/楠瀬(6)/王楠(6)/楠原(3)/宝楠(2)/楠橋(2)/楠郎(2)/楠部(2)
2114	俣	1062	5.4371	99.013	水俣(459)/荒俣(148)/小俣(98)/二俣(66)/川俣(36)/木俣(29)/竹俣(24)/勝俣(22)/猪俣(22)/洲俣(19)/墨俣(18)/三俣(17)/俣(16)/二俣川(11)/俣野(9)/八俣(8)/北俣(6)/左俣(6)/佐俣(5)/倉俣(4)
2115	賄	1060	5.4269	99.015	賄賂(249)/賄う(158)/収賄(126)/賄わ(123)/賄い(87)/贈賄(82)/贈収賄(70)/賄っ(58)/賄える(35)/賄(20)/賄え(20)/賄方(7)/賄い方(6)/賄おう(6)/賄料(4)/宿賄(3)/賄い係(2)/賄えれ(1)/賄所(1)/賄銀(1)
2116	隈	1060	5.4269	99.016	界隈(374)/大隈(216)/隈(123)/岩隈(83)/阿武隈(79)/隈なく(39)/東隈(16)/沼隈(15)/花隈(11)/隈取り(11)/隈本(11)/隈部(9)/松隈(8)/武隈(8)/七隈(6)/三隈(6)/全隈町(5)/檜隈(5)/西隈(4)/角隈(4)
2117	侶	1058	5.4167	99.018	僧侶(824)/伴侶(178)/安万侶(22)/憎侶(15)/侶(6)/安萬侶(5)/侶伴(2)/学侶(2)/住侶(1)/保侶(1)/悪侶(1)/烏摩侶(1)
2118	燈	1058	5.4167	99.020	燈(281)/電燈(112)/燈火(103)/燈籠(79)/行燈(65)/燈明(60)/燈台(35)/幻燈(27)/げん燈(26)/伝燈(23)/一燈(22)/燃燈(18)/提燈(17)/洋燈(17)/燈篭(17)/大燈(16)/柴燈(13)/燈心(12)/竿燈(11)/街燈(10)
2119	俵	1055	5.4013	99.022	土俵(425)/俵(415)/俵六(47)/米俵(40)/俵屋(16)/炭俵(15)/俵山(14)/俵物(13)/俵型(12)/俵形(8)/塩俵(7)/俵田(5)/桟俵(5)/俵投げ(4)/俵谷(4)/俵橋(3)/俵盛り(3)/徳俵(3)/俵積み(2)/俵野(2)
2120	釘	1053	5.3911	99.023	釘(649)/釘付け(145)/釘づけ(124)/釘宮(39)/釘打ち(9)/釘隠し(8)/目釘(7)/釘抜き(7)/装釘(6)/金釘(6)/鉄釘(6)/命釘(5)/抜釘(4)/犬釘(4)/釘読み(4)/ネジ釘(3)/掛け釘(3)/釘抜(3)/ねじ釘(2)/折れ釘(2)
2121	勃	1051	5.3808	99.025	勃発(454)/勃起(377)/勃興(114)/勃た(17)/勃ち(12)/勃っ(12)/勃然(10)/勃つ(8)/鬱勃(6)/勃ち上がっ(5)/周勃(4)/いきり勃っ(3)/そそり勃っ(3)/ふくらみ勃っ(3)/勃ちあがっ(3)/王勃(3)/勃々(2)/勃利(2)/尖り勃っ(2)/いきり勃ち(1)
2122	粛	1048	5.3655	99.027	厳粛(231)/自粛(196)/粛清(182)/粛々(73)/静粛(69)/甘粛(60)/魯粛(50)/粛正(41)/粛然(30)/李粛(27)/粛(22)/粛慎(17)/粛順(16)/粛宗(6)/粛粛(6)/粛軍(5)/張粛(4)/振粛(4)/粛公(2)/粛啓(2)
2123	瑞	1047	5.3604	99.029	瑞穂(227)/瑞樹(82)/瑞宝(61)/瑞(58)/瑞々しい(50)/瑞江(41)/玄瑞(35)/精瑞(28)/瑞々しく(25)/瑞泉(25)/瑞巌(21)/瑞世(18)/瑞龍(18)/瑞子(17)/瑞稀(17)/瑞々し(16)/瑞鶴(16)/瑞枝(14)/奇瑞(13)/瑞兆(13)
2124	紺	1044	5.3450	99.031	紺(478)/紺色(164)/濃紺(102)/紺野(56)/紺碧(52)/紺屋(49)/お紺(36)/紺地(23)/紫紺(21)/紺青(12)/紺絣(10)/紺系(9)/紺糸(5)/紺がすり(4)/紺田(4)/なす紺(3)/紺綬(3)/紺灰(2)/紺白(2)/茄子紺(2)
2125	薫	1041	5.3296	99.032	薫(704)/薫陶(59)/薫る(48)/薫り(47)/薫平(34)/薫風(27)/薫製(21)/薫子(14)/冷薫(9)/宗薫(9)/薫っ(7)/薫香(5)/薫太(4)/薫習(4)/薫鉉(4)/南薫(3)/薫り漂う(3)/薫堂(3)/薫蒸(3)/小薫(2)
2126	只	1036	5.3040	99.034	只(328)/只今(282)/只中(188)/只見(61)/只三郎(60)/只野(29)/只管(23)/只々(19)/只事(13)/只者(13)/奥只見(9)/只働き(4)/只木(3)/只道(2)/只ばたらき(1)/只松(1)
2127	糞	1035	5.2989	99.036	糞(546)/糞便(96)/糞尿(95)/脱糞(33)/馬糞(33)/人糞(29)/下手糞(22)/牛糞(20)/鼻糞(20)/糞ったれ(19)/鶏糞(15)/胸糞(9)/兎糞(7)/豚糞(7)/食糞(7)/猫糞(6)/水糞(5)/糞土(5)/鳥糞(5)/糞培(4)
2128	麓	1035	5.2989	99.038	麓(516)/山麓(396)/南麓(35)/西麓(23)/北麓(19)/麓山(18)/東麓(14)/麓郷(8)/大麓(3)/麓王(1)/麓町(1)/麓関(1)
2129	塵	1034	5.2938	99.039	塵(277)/微塵(258)/砂塵(84)/粉塵(57)/集塵(45)/後塵(44)/塵芥(31)/玉塵(27)/塵埃(23)/防塵(22)/梁塵(20)/黄塵(15)/風塵(11)/塵袋(10)/炭塵(9)/戦塵(8)/塵取り(7)/塵添(7)/塵劫(6)/俗塵(5)
2130	霞	1033	5.2887	99.041	霞(341)/霞ん(116)/霞ヶ関(113)/霞が関(110)/霞ヶ浦(100)/朝霞(40)/霞む(36)/春霞(23)/霞み(18)/雲霞(13)/雹霞(13)/阿重霞(11)/霞堤(11)/霞町(11)/霞ケ丘(9)/霞ヶ丘(9)/霞ま(7)/霞ケ浦(6)/霞床(6)/霞網(6)
2131	挫	1031	5.2784	99.043	挫折(664)/捻挫(113)/頓挫(105)/挫傷(51)/挫け(35)/挫か(14)/挫く(12)/挫滅(9)/挫い(6)/挫ける(5)/挫(4)/ねん挫(2)/挫き(2)/挫創(2)/打ち挫(1)/打ち挫き(1)/打ち挫く(1)/挫けれ(1)/挫こう(1)/挫折れ(1)
2132	腿	1030	5.2733	99.045	大腿(332)/腿(271)/太腿(243)/下腿(65)/内腿(61)/両腿(15)/腿肉(14)/距腿(8)/右腿(5)/腿筋(5)/左腿(4)/上腿(2)/腿上げ(2)/腿周り(2)/腿性(1)
2133	蛮	1028	5.2631	99.046	野蛮(391)/南蛮(335)/蛮蛮(52)/蛮行(52)/蛮人(45)/蛮族(36)/蛮(27)/蛮勇(19)/蛮声(10)/蛮カラ(7)/蛮夏(7)/蛮夷(7)/蛮社(7)/蛮性(6)/蛮地(5)/蛮忍(5)/蛮機(5)/蛮風(5)/蛮方(3)/悪蛮(1)
2134	醒	1028	5.2631	99.048	覚醒(542)/醒め(255)/醒める(43)/醒まし(34)/目醒め(17)/興醒め(14)/醒(13)/眼醒め(12)/醒ます(10)/醒睡笑(10)/醒まさ(9)/警醒(7)/目醒める(5)/醒し(5)/呼び醒まし(4)/呼び醒し(3)/未醒(3)/眼醒める(3)/酔醒(3)/醒ヶ井(3)
2135	煩	1027	5.2580	99.050	煩悩(319)/煩雑(166)/煩わしい(83)/煩悶(72)/煩わし(62)/煩(40)/煩い(40)/煩瑣(34)/煩わさ(33)/煩わしく(28)/煩わ(26)/煩わす(20)/思い煩う(15)/煩く(14)/思い煩っ(7)/煩わせ(6)/煩わせる(6)/思い煩わ(5)/煩かっ(5)/思ひ煩ふ(4)
2136	痢	1025	5.2477	99.051	下痢(904)/赤痢(103)/疫痢(8)/止痢(4)/痢病(3)/痢(2)/白痢(1)
2137	矯	1025	5.2477	99.053	矯正(934)/奇矯(46)/矯め(10)/矯激(6)/矯風(5)/矯める(4)/矯慎(4)/矯臭(3)/矯(2)/矯味(2)/弓矯(1)/矯メザル(1)/矯声(1)/矯導(1)/矯性(1)/矯波(1)/矯線(1)/矯詔(1)/矯餝(1)
2138	嗅	1016	5.2016	99.055	嗅覚(265)/嗅い(205)/嗅ぎ(114)/嗅ぐ(86)/嗅ぎつけ(68)/嗅ぎ分け(25)/嗅(24)/嗅が(23)/嗅ぎ取っ(19)/嗅ぎつける(17)/嗅ぎ分ける(17)/嗅ぎとっ(14)/嗅ぎ回っ(14)/嗅がさ(11)/嗅ぎとる(9)/嗅ぎわける(8)/嗅ぎ付け(8)/嗅ぎ回る(8)/嗅ぎわけ(6)/嗅ぎ取る(6)
2139	紗	1012	5.1812	99.057	紗南(119)/更紗(84)/紗織(76)/紗(72)/美紗(68)/三紗(66)/紗耶香(51)/袱紗(44)/梨紗(42)/美紗子(42)/紗夜(41)/帛紗(37)/実紗子(25)/紗千子(24)/羅紗(24)/緋紗江(22)/亜紗見(13)/里依紗(13)/紗季(9)/紗絵(9)
2140	樽	1011	5.1761	99.058	樽(461)/小樽(311)/酒樽(54)/樽井(25)/大樽(21)/樽屋(15)/樽見(12)/樽前(10)/京樽(8)/桶樽(8)/樽平(8)/空樽(8)/空き樽(7)/土樽(5)/樽川(5)/樽床(5)/樽酒(5)/木樽(4)/柳樽(4)/樽本(4)
2141	牢	1010	5.1709	99.060	牢(291)/牢獄(185)/牢屋(144)/牢人(136)/堅牢(122)/入牢(37)/牢内(15)/牢番(13)/牢固(12)/土牢(11)/牢之(5)/牢問(5)/牢死(5)/牢破り(5)/虎牢(4)/大牢(3)/天牢(3)/借牢(2)/出牢(2)/永牢(2)
2142	憑	1009	5.1658	99.062	信憑(213)/憑依(211)/憑か(133)/取り憑か(107)/憑い(50)/憑き(49)/とり憑か(31)/取り憑い(29)/憑き物(25)/憑く(20)/とり憑い(18)/憑きもの(18)/憑(14)/憑座(13)/憑物(12)/取り憑く(9)/憑坐(9)/憑霊(7)/証憑(5)/取り憑き(4)
2143	勲	1008	5.1607	99.063	勲章(371)/勲(215)/叙勲(103)/眞勲(59)/治勲(40)/武勲(37)/殊勲(35)/勲功(31)/元勲(24)/勲位(21)/勲爵(9)/勲等(8)/成勲(8)/勲記(7)/功勲(6)/勲平(6)/三勲(4)/賞勲(4)/勲生(2)/帯勲(2)
2144	柵	1005	5.1453	99.065	柵(785)/城柵(76)/鉄柵(49)/木柵(20)/牧柵(9)/脱柵(8)/柵外(7)/柵戸(7)/払田柵(6)/柵内(5)/柵列(5)/外柵(4)/柵越し(4)/柵造(4)/柵原(3)/杭柵(2)/柵工(2)/柵板(2)/城（柵）養(1)/岩柵(1)
2145	牙	1005	5.1453	99.067	牙(365)/象牙(250)/牙城(58)/歯牙(55)/狼牙(41)/火牙陰鬼(35)/猪牙(28)/毒牙(25)/蜜牙古(20)/月牙(17)/刃牙(11)/白牙(10)/真牙多(9)/闘牙(9)/子牙(8)/凰牙(7)/爪牙(7)/牙山(5)/牙竜(5)/伯牙(4)
2146	苔	1003	5.1351	99.068	海苔(435)/苔(241)/苔むし(55)/青海苔(30)/水苔(29)/焼き海苔(17)/舌苔(16)/海苔巻き(14)/苔玉(13)/志海苔(10)/海苔巻(10)/刻み海苔(9)/苔猿(9)/川苔(8)/白苔(7)/もみ海苔(6)/焼海苔(6)/苔癬(6)/布海苔(5)/苔むす(5)
2147	襟	1003	5.1351	99.070	襟(467)/襟元(99)/襟首(65)/襟足(57)/襟裳(50)/半襟(40)/開襟(21)/胸襟(18)/襟ぐり(18)/襟子(16)/襟もと(13)/襟巻(12)/襟巻き(12)/宸襟(10)/詰め襟(10)/詰襟(10)/襟章(9)/襟付き(7)/白襟(5)/襟飾り(5)
2148	墜	1001	5.1249	99.072	墜落(441)/撃墜(237)/失墜(207)/墜ち(57)/墜ちる(15)/墜とさ(7)/墜死(7)/墜(5)/撃ち墜とす(3)/墜し(2)/墜つ(2)/墜下(2)/墜え(1)/墜さ(1)/墜し穴(1)/墜す(1)/墜ちろ(1)/墜っこち(1)/墜とし(1)/墜とす(1)
2149	蛍	998	5.1095	99.074	蛍光(720)/蛍(198)/恢蛍(19)/蛍子(13)/蛍火(12)/蛍石(6)/蛍池(4)/蛍烏賊(4)/蛍雪(4)/姫蛍(2)/海蛍(2)/蛍狩り(2)/蛍色(2)/蛍草(2)/蛍袋(2)/雪蛍(2)/ヒメ蛍(1)/蛍ネズミ(1)/蛍原(1)/蛍沢(1)
2150	勾	993	5.0839	99.075	勾配(419)/勾留(355)/勾玉(81)/勾当(59)/勾践(29)/勾欄(24)/勾引(17)/勾(9)
2151	醜	991	5.0736	99.077	醜い(362)/醜悪(124)/醜く(103)/醜(95)/醜態(81)/文醜(58)/醜聞(40)/美醜(28)/醜女(19)/醜男(16)/老醜(13)/醜怪(12)/醜かっ(7)/醜状(5)/醜婦(3)/醜敵(3)/醜行(3)/妍醜(2)/醜体(2)/醜業(2)
2152	仔	990	5.0685	99.079	仔(293)/仔犬(194)/仔細(109)/仔猫(79)/仔牛(72)/仔馬(42)/仔羊(32)/仔仔(30)/仔エイ(28)/仔ウサギ(9)/仔豚(9)/仔ウシ(8)/仔鳩(8)/仔蛸(7)/仔魚(7)/仔鹿(5)/胎仔(5)/仔鴨(4)/直仔(4)/翔仔(4)
2153	淋	988	5.0583	99.080	淋しい(396)/淋し(292)/淋しく(153)/淋しかっ(47)/淋病(25)/淋菌(17)/淋巴(9)/淋代(6)/淋(5)/物淋しい(4)/石淋(4)/もの淋しい(3)/淋しゅう(3)/淋漓(3)/淋鶏(3)/文淋(2)/淋しかつ(2)/淋しかろう(2)/淋しき(2)/うら淋しい(1)
2154	苑	987	5.0532	99.082	苑(298)/辞苑(140)/御苑(126)/外苑(86)/紫苑(62)/苑子(49)/鹿苑(28)/公苑(25)/墓苑(24)/庭苑(15)/苑香(15)/苑池(14)/霊苑(10)/苑円(8)/西苑(7)/法苑(6)/後苑(5)/禅苑(5)/花苑(5)/名苑(4)
2155	漆	985	5.0429	99.084	漆(219)/漆黒(203)/漆喰(121)/漆器(102)/漆塗り(64)/漆芸(39)/漆原(34)/漆間(23)/漆戸(18)/漆塗(14)/黒漆(14)/乾漆(13)/朱漆(13)/漆離(13)/漆工(12)/漆場(7)/彩漆(5)/漆畑(5)/赤漆(5)/漆地(4)
2156	蛋	985	5.0429	99.085	蛋白(953)/皮蛋(6)/蛋民(5)/動蛋(4)/蛋(3)/糟蛋(2)/蛋撻(2)/鹹蛋(2)/三色蛋(1)/喜蛋(1)/破胎蛋(1)/蛋村(1)/蛋餃(1)/蛋黄酥(1)/鶏仔蛋(1)/鶏蛋(1)
2157	朽	983	5.0327	99.087	老朽(433)/朽ち(195)/朽木(143)/不朽(62)/腐朽(42)/朽ち木(26)/朽ちる(21)/朽ちかけ(17)/朽葉(17)/朽(8)/木朽(4)/朽ち葉(2)/朽縄(2)/老い朽ち(2)/朽ちれ(1)/朽ち崩れ(1)/朽ち縄(1)/朽つる(1)/朽助(1)/朽楹(1)
2158	碁	983	5.0327	99.089	碁(335)/囲碁(302)/碁盤(120)/碁石(46)/詰碁(42)/碁会(23)/碁聖(19)/早碁(11)/碁打ち(11)/碁界(9)/置碁(9)/賭碁(7)/打碁(6)/目碁(6)/碁敵(5)/詰め碁(5)/賭け碁(4)/ざる碁(3)/コミ碁(3)/争碁(3)
2159	亮	981	5.0225	99.090	亮(479)/亮介(124)/亮子(88)/亮二(39)/亮治(29)/亮一(28)/亮沢(25)/賢亮(14)/芳亮(13)/成亮(9)/亮太(8)/亮次(8)/誠亮(8)/亮吉(7)/亮三(6)/亮泰(6)/宰亮(6)/泰亮(6)/亮平(5)/亮輔(4)
2160	曾	981	5.0225	99.092	未曾有(183)/木曾(175)/曾(144)/曾て(77)/曾孫(71)/中曾根(66)/曾我(49)/曾祖母(32)/曾根(27)/曾野(20)/曾良(17)/熊曾(15)/曾呂利(13)/曾根崎(11)/長曾我部(10)/曾子(8)/曾祖父(8)/湯檜曾(6)/宇曾利(5)/阿曾次郎(5)
2161	唾	980	5.0173	99.094	唾(408)/唾液(384)/固唾(84)/生唾(37)/眉唾(33)/唾棄(29)/余唾(1)/哆唾乃(1)/哆唾之(1)/唾壺(1)/唾罵(1)
2162	聡	980	5.0173	99.095	聡明(307)/聡(196)/聡子(146)/聡美(76)/聡四郎(59)/聡史郎(50)/聡一郎(41)/聡志(39)/聡い(14)/聡太(5)/聡一(4)/豊聡耳(4)/聡く(3)/聡徳(3)/慧聡(2)/秀聡(2)/耳聡い(2)/聡けれ(2)/聡士(2)/聡宏(2)
2163	叶	978	5.0071	99.097	叶え(176)/叶わ(176)/叶(174)/叶う(171)/叶っ(96)/叶える(71)/叶い(66)/戸叶(12)/叶えよう(6)/叶は(6)/叶ふ(5)/叶野(3)/叶音(3)/不叶存寄(2)/叶つ(2)/叶えれ(1)/叶おう(1)/叶ひ(1)/叶内(1)/叶壇(1)
2164	國	976	4.9969	99.098	國(248)/紀伊國(76)/岩國(62)/國民(43)/粟國(41)/國男(37)/國語(27)/國家(25)/帝國(21)/三國(20)/江國(19)/國子(18)/國場(17)/國學(17)/外國(15)/國號(14)/祖國(13)/國村(12)/國立(12)/國雄(11)
2165	梗	976	4.9969	99.100	梗塞(725)/桔梗(147)/青梗(47)/梗概(20)/花梗(16)/枝梗(12)/梗(3)/梗部(2)/桔梗ヶ原(1)/梗結(1)/梗都(1)/梗麦(1)
2166	頓	975	4.9917	99.102	整頓(267)/頓着(215)/道頓堀(128)/頓挫(105)/頓狂(50)/頓(31)/頓服(31)/頓悟(14)/頓死(13)/頓智(10)/嵌頓(9)/頓珍漢(9)/円頓(8)/頓馬(8)/中頓別(6)/冒頓(6)/浜頓別(6)/異次頓(6)/頓に(6)/頓教(6)
2167	拉	972	4.9764	99.103	拉致(896)/拉麺(20)/拉(14)/拉法(7)/拉致ら(5)/打ち拉が(4)/拉が(3)/拉げ(3)/拉し(2)/亜拉毘亜(1)/卡拉(1)/取り拉ぎ(1)/古拉(1)/古拉果(1)/喀拉(1)/密児拉(1)/押し拉い(1)/押し拉が(1)/拉○(1)/拉北(1)
2168	洛	972	4.9764	99.105	上洛(353)/洛陽(184)/洛中(119)/洛外(38)/洛北(32)/洛南(30)/駕洛(23)/洛西(22)/入洛(19)/帰洛(17)/洛(15)/洛東(15)/洛秀(14)/京洛(13)/商洛(10)/厚洛(9)/洛平(9)/洛書(7)/補陀洛(7)/洛内(6)
2169	鋳	971	4.9713	99.107	鋳造(272)/鋳物(180)/鋳型(147)/鋳鉄(75)/鋳(54)/鋳込み(53)/改鋳(34)/鋳掛け(25)/鋳貨(16)/鋳掛(11)/鋳金(9)/鋳銭(9)/鋳鋼(8)/鋳銭司(7)/鋳込む(6)/新鋳(5)/鋳像(5)/鋳つぶし(4)/鋳出し(4)/鋳込ん(4)
2170	舐	970	4.9661	99.108	舐め(636)/舐める(158)/舐め回し(28)/舐め上げ(16)/舐めまわし(14)/舐めよう(8)/舐め回す(8)/舌舐めずり(7)/舐め上げる(6)/舐めまわす(5)/舐めろ(5)/舐め回さ(5)/舐め取っ(4)/舐(3)/舐めとる(3)/舐めれ(3)/舐め取る(3)/舐め合い(3)/舐め合う(3)/舐め合っ(3)
2171	髭	965	4.9405	99.110	髭(564)/口髭(96)/髭面(43)/髭剃り(37)/髭男(33)/泥鰌髭(31)/顎髭(28)/白髭(23)/髭黒(18)/赤髭(10)/ちょび髭(9)/髭もじゃ(9)/ドジョウ髭(8)/頰髭(8)/あご髭(7)/青髭(7)/山羊髭(5)/つけ髭(3)/チョビ髭(3)/付け髭(3)
2172	堕	962	4.9252	99.112	堕落(448)/堕胎(133)/堕ち(129)/堕ちる(55)/堕し(44)/堕(26)/堕ろし(19)/堕す(16)/堕天(14)/堕する(13)/堕罪(11)/堕とさ(6)/堕ろさ(6)/堕ろす(6)/堕さ(5)/堕とし(4)/堕とす(4)/堕ろそう(4)/堕ちろ(3)/堕ち入ら(3)
2173	詫	958	4.9047	99.113	詫び(795)/詫びる(98)/詫間(15)/詫び状(14)/詫状(6)/詫(5)/詫びよう(5)/詫び言(4)/詫摩(4)/詫美(3)/詫っ(2)/詫びし(1)/詫びれ(1)/詫びろ(1)/詫び入れ(1)/詫り(1)/詫事(1)/詫言(1)
2174	喝	955	4.8893	99.115	恐喝(276)/喝采(265)/一喝(158)/恫喝(98)/喝(73)/喝破(47)/大喝(18)/喝さい(8)/喝釆(4)/喝取(3)/没喝(3)/口喝(1)/虚喝(1)
2175	詮	953	4.8791	99.116	所詮(534)/詮索(228)/詮議(76)/義詮(20)/詮(19)/詮房(16)/詮子(9)/詮勝(8)/詮方(7)/詮ない(6)/詮衡(6)/信詮(3)/詮無い(3)/名詮(2)/言詮(2)/詮じ(2)/詮ずる(2)/詮孔(2)/詮慧(2)/詮なし(1)
2176	耗	951	4.8689	99.118	消耗(668)/摩耗(114)/磨耗(69)/耗弱(35)/減耗(30)/損耗(22)/咬耗(3)/衰耗(3)/虚耗(2)/すり耗らさ(1)/耗(1)/耗る(1)/耗尽(1)/費耗(1)
2177	頸	951	4.8689	99.120	頸(294)/頸部(269)/頸がん(70)/頸管(55)/頸椎(38)/頭頸(24)/頸髄(22)/中頸城(19)/頸城(15)/頸癌(15)/頸飾(12)/東頸城(11)/頸筋(11)/内頸(8)/外頸(8)/西頸城(8)/頸骨(8)/手頸(6)/斜頸(6)/頸取(6)
2178	駿	951	4.8689	99.121	駿河(462)/駿府(169)/駿(151)/駿馬(36)/優駿(28)/駿台(16)/駿東(13)/駿美(11)/駿豆(11)/駿也(8)/駿足(8)/駿州(6)/駿次(6)/駿一(5)/駿、遠、三(4)/稜駿(2)/駿吉(2)/世駿(1)/甲駿(1)/駿之助(1)
2179	肘	946	4.8433	99.123	肘(604)/肘掛け(77)/両肘(37)/肘かけ(37)/肘掛(33)/肩肘(31)/片肘(22)/右肘(20)/掣肘(19)/肘鉄(15)/肘木(11)/左肘(9)/肘打ち(9)/肘尺(5)/肘枕(5)/肘当て(3)/肘下(2)/肘痛(2)/肘あて(1)/肘丈(1)
2180	桶	942	4.8228	99.124	桶(361)/棺桶(112)/桶狭間(69)/手桶(61)/桶屋(53)/桶川(39)/風呂桶(36)/火桶(26)/水桶(22)/洗い桶(18)/早桶(17)/木桶(14)/湯桶(14)/寿司桶(9)/鬼桶(9)/すし桶(8)/桶樽(8)/肥桶(8)/桶谷(5)/杉桶(4)
2181	絆	941	4.8177	99.126	絆(811)/絆創(76)/脚絆(38)/絆づくり(6)/絆纏(3)/襦絆(2)/拘絆(1)/絆さ(1)/絲絆(1)/繻絆(1)/覊絆(1)
2182	橘	940	4.8125	99.128	橘(418)/柑橘(326)/家橘(46)/北橘(36)/橘陰(15)/橘木(11)/弟橘姫(9)/弟橘媛(9)/愛橘(8)/橘樹(6)/橘花(6)/甘橘(6)/南橘(5)/橘大郎女(4)/弟橘比売(3)/橘家(3)/橘川(3)/月橘(2)/橘姫(2)/橘村(2)
2183	迄	939	4.8074	99.129	迄(927)/飽く迄(8)/飽迄(4)
2184	雛	932	4.7716	99.131	雛(507)/雛形(65)/雛子(49)/雛祭り(42)/雛杜(37)/雛祭(27)/雛壇(18)/女雛(13)/雛鳥(13)/雛まつり(12)/流し雛(11)/雛あられ(10)/雛型(10)/雛菊(9)/雛飾り(8)/雛市(7)/雛段(7)/七夕雛(6)/男雛(6)/紙雛(6)
2185	艶	929	4.7562	99.132	艶(372)/艶やか(166)/妖艶(72)/色艶(26)/艶めかしい(23)/艶々(21)/艶消し(21)/艶かしい(18)/艶本(14)/艶出し(13)/毛艶(12)/艶然(11)/濃艶(10)/艶麗(10)/凄艶(9)/艶めかしく(9)/艶歌(9)/艶書(8)/艶聞(8)/優艶(7)
2186	儒	927	4.7460	99.134	儒教(414)/儒学(151)/儒者(108)/儒(54)/儒家(41)/李儒(21)/侏儒(20)/儒林(18)/藩儒(14)/神儒(13)/儒道(10)/儒仏(8)/儒生(6)/坑儒(6)/儒官(5)/儒礼(4)/儒経(4)/大儒(4)/儒書(3)/儒医(2)
2187	頬	926	4.7409	99.135	頬(746)/頬骨(28)/頬張っ(14)/頬杖(13)/右頬(12)/頬張り(12)/両頬(11)/頬張る(11)/左頬(9)/頬ずり(9)/頬っぺた(6)/頬ばっ(6)/頬紅(6)/頬被り(6)/頬袋(5)/頬ばる(3)/頬ひげ(3)/頬擦り(3)/片頬(2)/頬かぶり(2)
2188	鯨	923	4.7255	99.137	鯨(381)/捕鯨(310)/鯨肉(28)/鯨類(26)/白鯨(21)/鯨油(21)/鯨岡(18)/鯨尺(13)/鯨墓(10)/鯨漁(10)/鯨井(9)/鯨捕り(8)/鯨組(7)/母鯨(4)/牝鯨(4)/牡鯨(4)/長鯨(4)/鯨食(4)/セミ鯨(3)/子鯨(3)
2189	琉	922	4.7204	99.139	琉球(827)/琉(20)/琉金(9)/琉歌(8)/琉璃(7)/琉舞(7)/琉大(6)/琉明(5)/琉清(5)/燎琉(4)/旭琉(3)/琉仏(3)/琉米(3)/琉関(2)/仏琉(1)/在琉(1)/征琉(1)/来琉(1)/淤母陀琉(1)/琉一(1)
2190	迦	921	4.7153	99.140	釈迦(486)/お釈迦(199)/莫迦(89)/迦葉(38)/迦(28)/釋迦(11)/莫迦莫迦しい(10)/迦羅(10)/夜迦(6)/莫迦げ(6)/迦楼羅(5)/迦陵頻伽(5)/迦毘羅(4)/迦具土(3)/迦邇米雷(3)/僧迦(2)/摩登迦(2)/莫迦莫迦し(2)/釈迦ヶ嶽(2)/伊迦賀色許男(1)
2191	伽	920	4.7101	99.142	伽耶(206)/伽藍(187)/伽羅(131)/御伽(82)/伽奈(67)/お伽(36)/伽(26)/お伽話(24)/お伽噺(20)/瑜伽(18)/伽耶舎多(14)/倶利伽羅(13)/僧伽(13)/美伽(12)/閼伽(8)/楞伽(7)/伽山(6)/夜伽(6)/御伽噺(6)/迦陵頻伽(5)
2192	蚊	915	4.6845	99.143	蚊(556)/蚊帳(184)/蚊取り(59)/蚊トンボ(21)/蚊遣り(17)/飛蚊(11)/蚊取(8)/蚊遣(7)/藪蚊(6)/蚊柱(6)/蚊帳待(4)/やぶ蚊(3)/蚊とり(3)/蚊屋(3)/蚊帳布(3)/蚊象(3)/蚊軍(3)/蚊ばしら(2)/蚊やり(2)/蚊蜻蛉(2)
2193	杏	913	4.6743	99.145	銀杏(273)/杏仁(158)/杏(128)/杏奈(97)/杏子(75)/杏樹(47)/杏里(26)/杏仏(23)/杏林(17)/大銀杏(16)/杏葉(11)/杏太郎(6)/杏理(5)/杏蓀(5)/杏利(4)/巴旦杏(3)/杏介(3)/杏坪(3)/杏花(3)/南杏(2)
2194	茹	913	4.6743	99.146	茹で(508)/茹でる(129)/下茹で(31)/茹で汁(28)/塩茹で(26)/茹で上がっ(25)/茹で卵(22)/茹でたて(12)/茹で豚(10)/茹で上がり(9)/茹であがっ(8)/茹で上げ(8)/茹で玉子(8)/かた茹で(7)/釜茹で(6)/茹(5)/茹であげ(5)/茹でこぼし(5)/固茹で(4)/茹でこぼす(4)
2195	秦	909	4.6538	99.148	秦(524)/太秦(120)/秦野(62)/秦王(35)/秦公(28)/蘇秦(23)/秦明(22)/秦嶺(9)/大秦(8)/秦行(8)/秦代(7)/秦軍(7)/前秦(5)/秦琪(5)/秦韓(5)/先秦(3)/太秦桂ヶ原町(3)/秦国(3)/秦律(3)/秦淮(3)
2196	吏	908	4.6487	99.149	官吏(444)/吏(108)/吏員(80)/長吏(57)/幕吏(25)/胥吏(21)/能吏(21)/公吏(14)/吏部(14)/廷吏(13)/捕吏(12)/警吏(12)/獄吏(11)/吏僚(7)/天吏(5)/駅吏(5)/下吏(4)/刑吏(4)/吏読(4)/良吏(4)
2197	洒	904	4.6282	99.151	洒落(341)/お洒落(327)/瀟洒(86)/駄洒落(41)/洒脱(35)/洒落本(28)/洒(8)/洒落っ気(6)/洒落気(6)/洒落れ(3)/洒落臭い(3)/洒水(2)/洒洒(2)/洒落のめし(2)/洒落男(2)/洒落着(2)/洒落言葉(2)/洒落込む(2)/洒落込ん(2)/洒然(1)
2198	吠	902	4.6180	99.152	吠え(453)/吠える(216)/遠吠え(80)/吠え声(40)/犬吠埼(23)/犬吠(11)/吠えたて(10)/吠えたてる(9)/吠え立てる(7)/吠え立て(6)/吠え面(5)/吠えよう(4)/遠吠(4)/吠えれ(3)/吠声(3)/吠えろ(2)/吠えわめく(2)/吠えグセ(2)/吠え狂っ(2)/吠ゆる(2)
2199	莫	902	4.6180	99.154	莫大(665)/莫迦(89)/莫高(38)/莫(22)/莫迦莫迦しい(10)/莫く(6)/莫迦げ(6)/蘇莫者(6)/莫逆(5)/達莫(5)/莫し(4)/莫家堡(4)/莫斯科(4)/莫れ(3)/莫哀(3)/莫言(3)/遮莫(3)/索莫(2)/莫山(2)/莫愁(2)
2200	錬	902	4.6180	99.155	錬金(307)/鍛錬(155)/製錬(113)/精錬(102)/錬成(67)/錬磨(37)/錬司(20)/錬(13)/錬三郎(13)/錬鉄(11)/修錬(9)/師錬(6)/朝錬(5)/試錬(5)/錬度(5)/洗錬(4)/錬り(4)/超錬(3)/錬丹(3)/錬太郎(3)
2201	毅	901	4.6129	99.157	毅然(333)/毅(221)/弘毅(81)/楽毅(72)/剛毅(53)/大毅(19)/正毅(13)/王毅(12)/毅彦(10)/沈毅(9)/興毅(8)/毅仁(7)/英毅(7)/毅八郎(6)/陳毅(4)/柳毅(3)/楽毅論(3)/豪毅(3)/和毅(2)/広毅(2)
2202	媛	900	4.6078	99.158	愛媛(659)/媛(47)/稚媛(36)/孅媛(34)/才媛(33)/髪長媛(23)/堅塩媛(13)/弟橘媛(9)/磐之媛(9)/安宿媛(6)/翡媛(6)/媛語(4)/依媛(2)/日向泉長媛(2)/有媛(2)/黒媛(2)/五百重媛(1)/媛銀(1)/容媛(1)/小媛(1)
2203	遥	899	4.6026	99.160	遥か(595)/遥(111)/逍遥(67)/遥香(47)/遥拝(28)/遥々(12)/玉遥樹(7)/遥灯(7)/遥祐(4)/遥菜(4)/昂遥(2)/遥けき(2)/遥子(2)/遥遥(2)/後期遥、霑纓於鴻臚之暁涙(1)/至遥(1)/遥けく(1)/遥任(1)/遥佳(1)/遥平(1)
2204	羨	897	4.5924	99.162	羨ましい(369)/羨望(169)/羨ましく(100)/羨まし(62)/羨む(48)/羨ましかっ(44)/羨しい(21)/羨ん(16)/羨(13)/羨み(12)/羨道(10)/羨ま(9)/羨し(8)/羨しく(6)/羨やましい(3)/羨しかっ(2)/羨やまし(2)/欣羨(1)/羨しけれ(1)/羨ましゅう(1)
2205	揉	896	4.5873	99.163	揉ん(168)/揉み(104)/揉ま(93)/揉め(78)/揉む(77)/揉め事(40)/揉み消し(24)/揉める(24)/揉み合い(22)/揉み上げ(21)/揉めごと(19)/揉み消す(15)/揉みほぐし(10)/揉み合っ(10)/揉みしだい(9)/揉み上げる(9)/揉(8)/揉みくちゃ(8)/揉み合う(8)/揉みしだく(7)
2206	咽	894	4.5770	99.165	咽喉(330)/咽頭(247)/嗚咽(162)/咽(92)/咽び(10)/舌咽(9)/咽ぶ(8)/咽喉もと(8)/咽喉元(5)/咽び泣い(4)/咽び泣く(4)/咽せ(3)/鳴咽(3)/咽び泣き(2)/咽ん(2)/咽せかえっ(1)/咽せ返り(1)/咽べ(1)/咽る(1)/泣き咽ん(1)
2207	慨	893	4.5719	99.166	感慨(497)/憤慨(290)/慨嘆(42)/慷慨(32)/慨(12)/慨歎(6)/慨然(3)/忼慨(2)/慨い(2)/慨か(2)/悲歌忼慨(1)/慨く(1)/慨し(1)/慨する(1)/慨憤(1)
2208	奔	890	4.5566	99.168	奔走(270)/奔放(234)/出奔(116)/奔流(71)/狂奔(50)/東奔(32)/奔っ(24)/奔馬(19)/奔り(13)/奔る(13)/奔出(6)/奔騰(6)/奔(5)/淫奔(4)/奔ら(3)/奔り出(3)/奔命(3)/奔狼(3)/奔馳(3)/奔月(2)
2209	坑	889	4.5514	99.169	坑(245)/坑内(136)/坑道(96)/炭坑(86)/坑夫(69)/坑口(61)/廃坑(31)/斜坑(21)/土坑(18)/坑門(15)/本坑(13)/縦坑(13)/立坑(10)/入坑(9)/坑井(7)/坑外(7)/坑木(7)/拮坑(7)/立て坑(7)/坑儒(6)
2210	串	886	4.5361	99.171	串(281)/竹串(118)/串焼き(71)/串刺し(54)/串カツ(42)/串原(42)/玉串(31)/串揚げ(27)/串本(24)/串良(21)/斎串(21)/大串(20)/串間(17)/金串(14)/串田(13)/串かつ(11)/東串良(10)/焼き串(8)/串焼(7)/小串(7)
2211	囁	882	4.5156	99.172	囁い(286)/囁く(212)/囁き(195)/囁か(126)/囁き声(26)/囁き合っ(13)/囁き合い(4)/囁き合う(3)/囁きあい(2)/囁きあう(2)/囁きあっ(2)/囁き返す(2)/囁きかえし(1)/囁き合ふ(1)/囁き掛け(1)/囁き掛けよう(1)/囁き返し(1)/囁け(1)/囁ける(1)/囁やい(1)
2212	喘	881	4.5105	99.174	喘息(434)/喘ぎ(163)/喘い(107)/喘ぐ(55)/喘鳴(45)/喘ぎ声(39)/喘が(15)/喘(7)/喘ぎ喘ぎ(2)/悶え喘い(2)/苦しみ喘い(2)/のけぞり喘ぐ(1)/喘き(1)/喘ぎ叫ん(1)/喘ぎ狂っ(1)/喘ぎ生き(1)/喘咳(1)/喘者(1)/平喘(1)/息喘い(1)
2213	惣	872	4.4644	99.175	惣菜(264)/惣(220)/惣右衛門(52)/惣太郎(50)/惣兵衛(35)/惣代(29)/惣領(28)/岩惣(25)/与惣左衛門(20)/惣吉(14)/惣蔵(14)/与惣次(9)/惣村(9)/惣社(8)/与惣兵衛(7)/惣一(7)/惣七(7)/与惣右衛門(6)/惣構え(6)/惣門(6)
2214	虹	871	4.4593	99.176	虹(597)/虹色(73)/虹彩(52)/虹子(33)/白虹(21)/虹人(19)/虹口(13)/虹天(8)/虹虹(8)/虹橋(7)/虹児(6)/虹沢(6)/周虹(3)/虹ヶ浜(3)/虹鱒(3)/主虹(2)/柳虹(2)/虹屋敷(2)/虹梁(2)/長虹(2)
2215	牝	866	4.4337	99.178	牝馬(374)/牝(337)/牝牛(40)/牝犬(23)/牝鹿(14)/名牝(12)/牝猫(12)/牝狐(7)/牡牝(6)/牝ギツネ(5)/牝鶏(5)/牝牡(4)/牝羊(4)/牝鯨(4)/牝グマ(3)/牝駒(3)/牝ジカ(2)/牝狼(2)/牝猿(2)/牝豚(2)
2216	眩	866	4.4337	99.179	眩しい(206)/眩暈(122)/眩し(85)/眩い(76)/眩しく(63)/目眩(62)/眩む(44)/眩く(35)/眩惑(31)/眩ん(28)/眩しかっ(23)/眩(18)/眩き(11)/眩み(10)/瞑眩(9)/立ち眩み(7)/眩ゆい(6)/眩ま(4)/眩まし(4)/目眩く(3)
2217	葵	866	4.4337	99.181	葵(635)/向日葵(99)/山葵(35)/葵祭(21)/葵蘭(21)/立葵(11)/葵麿(9)/とろろ葵(6)/向日葵畑(3)/向葵(3)/水葵(3)/秋葵(3)/葵山(3)/蜀葵(3)/向日葵柄(1)/唐葵(1)/悠葵(1)/日葵(1)/白葵(1)/葵ぐさ(1)
2218	狐	864	4.4234	99.182	狐(571)/狐塚(35)/女狐(25)/妖狐(23)/狐面(22)/狐狸(21)/白狐(17)/管狐(15)/狐火(10)/釣狐(8)/牝狐(7)/狐越(7)/子狐(6)/狐潮(6)/狐色(6)/野狐(6)/銀狐(6)/狐道(5)/狐金(5)/金狐(5)
2219	匿	862	4.4132	99.184	匿名(527)/隠匿(126)/秘匿(118)/匿っ(16)/匿う(13)/匿さ(9)/匿(8)/匿し(8)/蔵匿(6)/匿わ(5)/匿す(4)/潜匿(4)/匿い(3)/匿れ(3)/匿せ(1)/匿れる(1)/匿れんぼ(1)/匿れん坊(1)/匿伏(1)/匿顔(1)
2220	恰	861	4.4081	99.185	恰好(709)/恰も(61)/恰幅(53)/恰度(16)/恰かも(7)/恰(5)/恰克図(4)/恰当(2)/恰与造(1)/恰到(1)/恰顔(1)/那恰(1)
2221	煎	859	4.3979	99.187	煎餅(142)/煎じ(114)/煎茶(108)/焙煎(96)/煎り(77)/湯煎(65)/煎っ(38)/肝煎(23)/煎じる(16)/煎じ薬(16)/肝煎り(15)/深煎り(13)/煎り豆(12)/煎(10)/煎じつめれ(10)/煎じ汁(10)/から煎り(9)/煎れ(9)/煎じ詰めれ(8)/煎り塩(8)
2222	鞭	859	4.3979	99.188	鞭(488)/教鞭(100)/先鞭(62)/鞭打ち(49)/鞭撻(44)/鞭打っ(32)/鞭打つ(26)/鞭毛(25)/鞭打た(13)/見せ鞭(3)/金鞭(3)/鞭刑(3)/革鞭(2)/鞭打(2)/鞭索(2)/撾鞭(1)/竹鞭(1)/鞭つ(1)/鞭打とう(1)/鞭砲(1)
2223	嘱	857	4.3876	99.190	嘱託(412)/委嘱(374)/嘱望(47)/依嘱(8)/遺嘱(5)/嘱目(4)/嘱(2)/嘱し(1)/嘱せ(1)/嘱ま(1)/眺嘱(1)/解嘱(1)
2224	厩	856	4.3825	99.191	厩舎(647)/厩(75)/入厩(23)/厩務(23)/厩戸(15)/帰厩(14)/厩肥(12)/厩橋(10)/典厩(9)/転厩(9)/千厩(7)/三厩(2)/厩坂(2)/厩馬(2)/古厩(2)/堆厩肥(2)/厩所(1)/厩栓(1)
2225	罵	855	4.3774	99.192	罵倒(189)/罵声(188)/罵っ(106)/罵り(87)/罵る(58)/罵詈(55)/罵ら(52)/悪罵(28)/面罵(13)/痛罵(12)/罵り言葉(9)/罵(6)/罵りあい(6)/罵り合い(5)/罵言(4)/罵り合う(3)/罵り声(3)/冷罵(2)/怒り罵り(2)/怒罵(2)
2226	肖	855	4.3774	99.194	肖像(730)/不肖(85)/肖(33)/肖つ(1)/肖つか(1)/肖よう(1)/肖り(1)/肖る(1)/肖古(1)/肖柏(1)
2227	搔	854	4.3723	99.195	搔い(145)/搔き(106)/搔く(49)/搔き分け(42)/搔き上げ(20)/引っ搔い(19)/搔き集め(19)/搔き立て(18)/引っ搔き(17)/搔きあげ(17)/清搔(17)/火搔き(16)/搔爬(14)/搔きむしっ(13)/搔き消さ(12)/搔きまわし(11)/搔きむしり(11)/搔き切っ(11)/足搔い(11)/搔き回し(10)
2228	楊	854	4.3723	99.197	楊(375)/楊枝(154)/楊志(28)/楊貴(28)/楊子(27)/楊柳(22)/楊彪(17)/楊羽(15)/楊心(14)/楊戩(14)/白楊(14)/楊梅(11)/鶴楊(10)/楊弓(8)/楊震(8)/楊岐(6)/楊朱(6)/楊軻(6)/等楊(6)/楊令(4)
2229	暁	852	4.3620	99.198	暁(398)/暁子(128)/払暁(48)/通暁(41)/暁星(36)/春暁(23)/早暁(21)/暁方(21)/暁烏(13)/暁良(10)/暁闇(9)/呉暁(7)/暁明(7)/今暁(4)/暁け方(4)/暁光(4)/暁史(4)/暁彦(4)/暁斎(4)/真暁寺(4)
2230	娯	850	4.3518	99.200	娯楽(818)/娯しみ(13)/娯(5)/娯しむ(5)/娯しん(3)/娯しま(1)/娯しもう(1)/娯侍(1)/娯樂(1)/娯録(1)/数娯録(1)
2231	窪	849	4.3467	99.201	荻窪(170)/窪み(130)/窪田(108)/窪地(87)/窪(69)/窪塚(42)/窪ん(37)/窪川(37)/大窪(32)/落窪(21)/落ち窪ん(16)/笑窪(10)/宮窪(9)/都窪(9)/水窪(8)/牛窪(7)/田窪(6)/落ち窪み(5)/長窪(5)/窪薗(4)
2232	繕	845	4.3262	99.202	修繕(520)/営繕(58)/繕っ(37)/取り繕っ(32)/取り繕う(30)/繕い(27)/繕う(22)/身繕い(18)/言い繕っ(11)/繕(9)/見繕っ(8)/取り繕い(7)/繕い物(7)/繕わ(6)/取り繕おう(5)/繕おう(5)/取り繕わ(4)/とり繕っ(3)/毛繕い(3)/繕え(3)
2233	窯	844	4.3210	99.204	窯(504)/窯業(77)/窯元(54)/窯跡(41)/古窯(23)/窯場(19)/官窯(18)/窯変(12)/石窯(9)/窯出し(9)/土窯(7)/登り窯(7)/民窯(6)/炭窯(6)/窯入れ(6)/窯口(6)/山窯(5)/初窯(4)/窯芸(4)/薪窯(4)
2234	餓	844	4.3210	99.205	飢餓(327)/餓死(209)/餓鬼(209)/餓え(38)/施餓鬼(19)/餓狼(11)/餓(6)/饑餓(5)/餓島(4)/餓え死に(3)/餓哭(3)/餓飢(3)/餓える(2)/充餓(1)/餓えれ(1)/餓え死(1)/餓ゑ(1)/餓鬼ヶ森(1)
2235	讐	843	4.3159	99.207	復讐(823)/恩讐(9)/讐(7)/怨讐(3)/深讐(1)
2236	濫	842	4.3108	99.208	氾濫(387)/濫用(350)/はん濫(22)/濫觴(10)/濫訴(10)/濫造(10)/濫(9)/濫発(8)/濫読(7)/濫費(6)/濫伐(5)/濫り(4)/正濫(3)/濫立(3)/濫行(2)/濫る(1)/濫れ(1)/濫作(1)/濫妨(1)/濫獲(1)
2237	愕	837	4.2852	99.210	驚愕(406)/愕然(380)/愕い(26)/愕き(10)/愕く(8)/愕か(5)/愕かさ(1)/愕怨(1)
2238	畠	837	4.2852	99.211	畠山(342)/畠(122)/北畠(107)/畠中(74)/高畠(54)/大畠(26)/田畠(25)/小畠(20)/畠沼(15)/畠仕事(7)/麦畠(7)/二畠(4)/平畠(4)/畠田(4)/花畠(4)/桑畠(3)/横畠(3)/畠作り(3)/石畠(3)/桐畠(2)
2239	梶	836	4.2801	99.212	梶原(186)/梶(166)/梶山(150)/梶井(78)/梶川(53)/梶田(49)/梶本(45)/梶谷(23)/梶棒(10)/梶木(9)/梶尾(7)/梶間(7)/宇梶(6)/梶取(6)/梶岡(6)/尾梶(5)/梶野(5)/梶ヶ谷(4)/梶村(4)/梶島(3)
2240	焚	836	4.2801	99.214	焚き火(145)/焚い(127)/焚火(125)/焚く(99)/焚き(78)/焚か(58)/焚書(25)/焚きつけ(24)/焚(12)/焚け(12)/焚き物(11)/焚き上げ(10)/罐焚き(10)/風呂焚き(9)/焚口(7)/追い焚き(7)/火焚(5)/焚き付け(5)/焚き木(5)/焚刑(5)
2241	玲	833	4.2647	99.215	玲子(318)/玲一(167)/玲奈(75)/玲(58)/玲景(37)/玲香(23)/玲瓏(21)/玲司(19)/周玲(18)/玲次(17)/玲緒奈(17)/玲美(17)/玲於奈(10)/玲児(6)/玲那(5)/玉玲(4)/玲央(4)/淑玲(3)/美玲(3)/嘉玲(2)
2242	岬	831	4.2545	99.217	岬(788)/潮岬(17)/岬町(8)/岬めぐり(5)/脇岬(3)/岬端(2)/坊ノ岬(1)/岬之町(1)/木曽岬(1)/箱の岬(1)/脇岬町(1)/茶屋ヶ岬(1)/豊岬(1)/遠見岬(1)
2243	漸	831	4.2545	99.218	漸く(232)/漸次(175)/漸進(116)/漸減(97)/漸増(89)/漸(26)/漸近(25)/東漸(18)/漸々(8)/漸深(6)/漸悟(4)/漸教(4)/漸禁(4)/漸と(3)/漸新(3)/漸江(3)/漸移(3)/西漸(3)/北漸(2)/漸う(2)
2244	寡	829	4.2443	99.219	寡婦(304)/寡占(143)/寡黙(135)/多寡(100)/寡(25)/寡作(22)/寡頭(18)/寡聞(16)/寡兵(12)/衆寡(12)/寡少(9)/寡夫(7)/寡民(4)/寡人(3)/寡い(2)/寡徳(2)/寡欲(2)/寡照(2)/寡言(2)/寡雪(2)
2245	弄	829	4.2443	99.221	翻弄(255)/弄し(84)/愚弄(75)/弄っ(50)/弄ば(47)/弄ん(45)/弄ぶ(41)/弄び(31)/弄する(29)/嘲弄(28)/弄ら(24)/弄り(23)/弄(21)/弄る(17)/弄さ(8)/玩弄(8)/弄くっ(3)/弄せ(3)/弄ぼう(3)/弄り回し(3)
2246	薪	828	4.2391	99.222	薪(582)/薪炭(88)/薪能(35)/薪次(30)/臥薪(24)/薪割り(22)/薪木(8)/薪水(7)/薪材(4)/薪窯(4)/松薪(3)/炭薪(3)/薪村(3)/薪つくり(2)/薪作り(2)/薪山(2)/薪束(2)/薪運び(2)/採薪(1)/積薪(1)
2247	晃	824	4.2187	99.224	晃(252)/鷹晃(87)/晃司(70)/彰晃(44)/晃児(44)/晃二(36)/晃運(34)/保晃(26)/晃一(16)/晃子(16)/伸晃(14)/千晃(14)/晃夫(13)/徐晃(12)/晃三(10)/晃之(10)/尚晃(7)/晃伸(6)/一晃(5)/晃一郎(5)
2248	硝	822	4.2084	99.225	硝子(342)/硝酸(324)/硝煙(77)/脱硝(29)/硝石(18)/焰硝(10)/硝化(10)/煙硝(4)/硝第(2)/烟硝(1)/硝(1)/硝スト(1)/硝安(1)/硝泉(1)/硝薬(1)
2249	堵	821	4.2033	99.226	安堵(805)/堵(5)/堵庵(5)/卒堵婆(2)/堵列(1)/堵墻(1)/田堵(1)/蘇婆卒堵(1)
2250	漱	821	4.2033	99.228	漱石(810)/漱(3)/漱い(3)/漱ぎ(2)/口漱ぎ(1)/漱ぎ清め(1)/漱ぐ(1)
2251	趙	821	4.2033	99.229	趙(462)/趙雲(97)/趙丹(56)/趙浚(54)/趙王(29)/趙州(17)/趙兵(16)/趙丙(13)/趙安(13)/趙高(9)/趙光(8)/趙理(7)/趙軍(6)/趙将(3)/趙翼(3)/趙融(3)/趙昱(2)/趙源(2)/趙範(2)/趙衰(2)
2252	拐	820	4.1982	99.231	誘拐(789)/拐っ(4)/拐取(4)/拐帯(4)/拐(3)/拐かし(3)/拐かさ(2)/拐かす(2)/拐わ(2)/石拐(2)/拐い(1)/拐おう(1)/拐し(1)/拐振(1)/鉄拐(1)
2253	淫	818	4.1879	99.232	淫ら(189)/淫乱(97)/淫靡(57)/姦淫(52)/淫(43)/淫売(37)/淫楽(29)/淫魔(29)/淫蕩(26)/淫行(25)/淫猥(20)/邪淫(19)/淫雅(15)/淫液(13)/淫婦(11)/淫気(11)/催淫(10)/手淫(10)/淫虐(10)/淫欲(8)
2254	牽	817	4.1828	99.233	牽引(413)/牽制(249)/牽牛(32)/牽連(32)/牽強(18)/牽い(16)/牽か(16)/牽く(13)/牽(9)/牽き(6)/駒牽(5)/牽つ張る(4)/大日本根子彦国牽(2)/牽つ張つ(1)/牽糸(1)
2255	狗	817	4.1828	99.235	天狗(639)/狗奴(47)/狗(39)/狗邪韓(26)/狗肉(11)/走狗(11)/二狗(9)/天狗原(6)/狗古智卑狗(6)/卑狗(4)/狗尾草(4)/天狗森(3)/掖邪狗(2)/狗村(2)/夜狗(1)/抜邪狗(1)/狗ヶ岩屋(1)/狗原(1)/狗壌(1)/狗声(1)
2256	紡	816	4.1777	99.236	紡績(287)/紡錘(79)/紡ぐ(75)/紡織(69)/紡い(55)/紡(45)/紡ぎ(24)/混紡(21)/紡が(17)/倉紡(15)/紡糸(15)/精紡(12)/紡ぎ出す(12)/鐘紡(12)/紡ぎ出し(11)/紡ぎだし(9)/紡ぎ出さ(8)/紡ぎだす(5)/綿紡(5)/在華紡(4)
2257	畔	815	4.1726	99.237	畔(311)/湖畔(213)/河畔(146)/川畔(28)/池畔(23)/畦畔(19)/小畔(9)/橋畔(9)/畔道(8)/畔り(6)/畔田(5)/墓畔(3)/戸畔(3)/堤畔(2)/林畔(2)/森畔(2)/江畔(2)/畔上(2)/畔蛸(2)/けい畔(1)
2258	窺	814	4.1675	99.239	窺っ(207)/窺う(153)/窺わ(142)/窺える(115)/窺え(58)/窺い(45)/窺い知る(31)/窺い知れ(15)/窺基(7)/窺おう(6)/窺知(6)/窺い見る(5)/窺ふ(4)/窺い知れる(3)/窺い見(2)/窺えよう(2)/窺は(2)/窺ひ(2)/相窺掩(1)/窺いしれ(1)
2259	而	808	4.1367	99.240	形而(302)/而して(191)/而(77)/而も(52)/而生(13)/似而非(12)/而已(9)/而衡(6)/而る(5)/而不(5)/而今(5)/而し(4)/而為(4)/而無(4)/而足(4)/裕而(4)/述而(4)/而れ(3)/而后(3)/而御(3)
2260	垢	805	4.1214	99.242	無垢(321)/垢(213)/垢抜け(53)/手垢(45)/歯垢(45)/水垢(35)/耳垢(31)/垢すり(22)/水垢離(9)/湯垢(7)/恥垢(5)/垢落とし(4)/垢離(4)/垢搔き(1)/垢石(1)/垢銭(1)/垢面(1)/塵垢(1)/洗垢(1)/湯垢離(1)
2261	酎	805	4.1214	99.243	焼酎(773)/酎ハイ(16)/酎(8)/青酎(6)/燒酎(2)
2262	芦	803	4.1111	99.244	芦屋(171)/芦田(162)/芦(95)/芦川(45)/芦原(44)/芦刈(33)/芦毛(30)/芦辺(29)/芦安(28)/芦名(26)/芦別(25)/芦浜(22)/芦浦(17)/芦北(14)/芦部(10)/芦峅(8)/芦花(6)/芦野(6)/芦品(3)/芦尾(3)
2263	穿	800	4.0958	99.246	穿い(148)/穿刺(108)/穿孔(97)/穿通(62)/穿き(57)/穿た(53)/穿っ(49)/穿く(45)/穿ち(31)/穿つ(27)/穿か(21)/穿(17)/穿鑿(17)/下穿き(15)/穿さく(10)/穿き替え(4)/穿き物(4)/穿け(4)/穿こう(4)/穿破(4)
2264	竿	798	4.0855	99.247	竿(469)/釣り竿(47)/釣竿(42)/竹竿(38)/竿頭(28)/旗竿(24)/掛竿(23)/竿先(17)/竿師(17)/竿燈(11)/干竿(6)/磯竿(6)/置き竿(6)/神竿(5)/納竿(5)/竿さばき(4)/竿出し(4)/竿灯(4)/竿竹(4)/製竿(4)
2265	怨	796	4.0753	99.248	怨霊(165)/怨み(163)/怨念(158)/怨恨(67)/呪怨(31)/私怨(31)/怨ん(30)/怨嗟(30)/怨(25)/怨敵(18)/怨む(16)/怨ま(14)/怨み言(4)/怨めし(4)/宿怨(3)/怨じ(3)/怨みごと(3)/怨憎(3)/怨讐(3)/逆怨み(3)
2266	搾	795	4.0702	99.250	搾取(311)/搾乳(119)/圧搾(77)/搾り(55)/搾っ(45)/搾る(29)/搾り出し(19)/乳搾り(18)/搾り出す(16)/搾り汁(12)/搾ら(9)/搾り取ら(8)/搾りたて(7)/搾り取る(7)/搾油(7)/搾(6)/搾り取っ(6)/搾れ(5)/搾りかす(4)/搾菜(4)
2267	胚	794	4.0651	99.251	胚(415)/胚葉(108)/胚芽(100)/胞胚(33)/胚盤(30)/胚乳(24)/胚胎(24)/胚性(16)/胚珠(15)/胚軸(13)/胚期(5)/胚子(4)/半胚(3)/胚膜(2)/胚内(1)/胚質(1)
2268	寅	791	4.0497	99.252	寅(218)/寅彦(90)/寅吉(76)/寅雄(63)/寅次郎(53)/寅年(46)/丑寅(43)/寅蔵(41)/寅三(23)/寅之助(18)/壬寅(14)/寅泰(13)/戊寅(11)/甲寅(11)/庚寅(10)/丙寅(9)/寅太郎(9)/天寅(5)/寅三郎(4)/女寅(3)
2269	萎	789	4.0395	99.254	萎縮(426)/萎え(182)/萎れ(41)/萎える(34)/萎ん(32)/萎び(19)/萎む(10)/萎(9)/萎れる(8)/萎靡(6)/萎凋(4)/萎ちょう(3)/萎み(3)/打ち萎れ(2)/うち萎れ(1)/枯れ萎れ(1)/激萎(1)/萎ま(1)/萎め(1)/萎ゆ(1)
2270	慕	784	4.0139	99.255	慕っ(177)/慕わ(114)/慕う(92)/思慕(76)/慕い(62)/敬慕(42)/恋慕(38)/慕情(38)/追慕(33)/慕容(25)/慕わしい(10)/愛慕(9)/恋い慕う(8)/恋い慕っ(6)/慕(6)/慕い寄る(5)/慕ひ(5)/恋い慕い(4)/慕ふ(4)/慕わし(3)
2271	泄	784	4.0139	99.256	排泄(765)/蒸泄(8)/泄(4)/泄謨觚(2)/泄利(1)/清泄(1)/漏泄(1)/通泄(1)/降泄(1)
2272	侮	782	4.0036	99.258	侮辱(395)/侮蔑(145)/侮れ(64)/侮っ(44)/軽侮(41)/侮る(30)/侮り(23)/侮ら(16)/侮(13)/侮日(6)/侮り笑っ(1)/侮れる(1)/啓侮(1)/外侮(1)/禦侮(1)
2273	獅	782	4.0036	99.259	獅子(690)/獅童(37)/獅子吼(23)/冬獅郎(14)/獅(9)/獅子ヶ鼻(3)/獅朗(2)/騎獅(2)/獅子ケ鼻(1)/獅子ヶ口町(1)
2274	剃	780	3.9934	99.260	剃っ(215)/剃る(95)/剃刀(88)/剃り(85)/剃ら(71)/剃髪(47)/髭剃り(37)/剃り上げ(20)/剃りあげ(15)/剃毛(15)/剃れ(14)/剃り落とし(12)/剃り残し(8)/剃りあと(7)/顔剃り(6)/ひげ剃り(5)/剃れる(5)/剃(4)/剃り味(4)/剃り落とさ(4)
2275	准	779	3.9883	99.262	批准(400)/准(234)/准将(65)/准尉(32)/准后(14)/准母(11)/准一(9)/由准(6)/准じ(2)/准ずる(1)/准ぜ(1)/准へ(1)/准南(1)/准噶爾(1)/准看(1)
2276	疹	774	3.9627	99.263	湿疹(184)/発疹(180)/疹(100)/麻疹(97)/風疹(69)/疱疹(43)/皮疹(41)/薬疹(22)/丘疹(16)/汗疹(13)/痂疹(3)/痒疹(3)/膨疹(3)
2277	帥	769	3.9371	99.264	元帥(347)/統帥(137)/帥(120)/総帥(114)/権帥(17)/帥宮(11)/将帥(10)/梟帥(5)/帥升(2)/帥府(2)/將帥(1)/帥先(1)/政治掛帥(1)/赤銅八十梟帥(1)
2278	殉	767	3.9268	99.265	殉じ(312)/殉教(178)/殉職(91)/殉死(63)/殉ずる(26)/殉葬(21)/殉難(19)/殉じる(15)/殉国(13)/殉情(8)/殉節(6)/殉也(5)/殉(3)/殉愛(2)/殉え(1)/殉ず(1)/殉ぜ(1)/殉ぜよ(1)/殉は(1)
2279	嶺	765	3.9166	99.267	嶺(238)/海嶺(93)/高嶺(72)/雪嶺(46)/稲嶺(43)/赤嶺(35)/長嶺(23)/与那嶺(14)/大嶺(13)/大興安嶺(12)/嶺北(11)/山嶺(10)/嶺南(10)/北嶺(9)/秦嶺(9)/銀嶺(9)/葱嶺(8)/伊志嶺(6)/南嶺(6)/連嶺(6)
2280	韻	765	3.9166	99.268	余韻(320)/音韻(132)/韻(94)/韻文(61)/韻律(45)/風韻(18)/脚韻(12)/詩韻(8)/押韻(6)/無韻(6)/韻尾(6)/韻牌(6)/頭韻(6)/官韻(5)/韻字(5)/神韻(4)/韻書(4)/韻母(4)/哀韻(3)/松韻(3)
2281	瓜	764	3.9115	99.269	西瓜(155)/瓜(119)/胡瓜(110)/南瓜(78)/冬瓜(66)/瓜二つ(56)/瓜生(31)/木瓜(26)/苦瓜(14)/瓜ふたつ(12)/瓜実(11)/糸瓜(11)/破瓜(10)/瓜破(7)/白瓜(7)/烏瓜(5)/瓜畑(5)/瓜田(4)/甜瓜(4)/梨瓜(3)
2282	鼠	764	3.9115	99.271	鼠(392)/鼠径(51)/鼠色(49)/栗鼠(40)/溝鼠(34)/鼠男(27)/窮鼠(20)/鼠蹊(19)/海鼠(18)/濡れ鼠(10)/野鼠(10)/萱鼠(8)/鼹鼠(7)/殺鼠(6)/海鼠壁(5)/銀鼠(5)/子鼠(4)/田舎鼠(4)/針鼠(4)/鼠取り(4)
2283	兎	763	3.9064	99.272	兎(354)/兎に角(119)/野兎(47)/兎も角(37)/脱兎(32)/兎角(24)/兎耳(20)/兎馬(17)/白兎(14)/兎唇(12)/於兎丸(9)/兎糞(7)/兎の毛(6)/兎毛(6)/兎狩(6)/家兎(6)/烏兎(5)/玉兎(5)/雪兎(5)/兎平(4)
2284	翁	763	3.9064	99.273	翁(518)/一翁(34)/老翁(29)/塞翁(18)/鳩翁(15)/仙翁(12)/松翁(10)/丹翁(9)/福翁(8)/啓翁(7)/尊翁(7)/楽翁(7)/翁長(7)/徹翁(6)/田翁(6)/翁スギ(5)/蕉翁(5)/西翁(5)/信天翁(4)/敬翁(4)
2285	繫	760	3.8910	99.274	繫がっ(142)/繫がる(103)/繫がり(99)/繫い(76)/繫が(69)/繫ぐ(53)/繫ぎ(37)/繫げ(25)/繫がら(21)/繫留(19)/繫(15)/連繫(15)/繫辞(13)/繫ぎとめ(9)/繫げる(8)/繫ぎ止め(6)/繫っ(5)/繫り(4)/繫る(4)/有繫(3)
2286	遡	760	3.8910	99.276	遡る(198)/遡っ(187)/遡及(115)/遡り(68)/遡上(55)/遡行(47)/遡れ(24)/遡ら(20)/遡求(19)/遡れる(6)/遡河(6)/遡源(5)/遡航(5)/遡ろう(2)/遡(1)/遡時(1)/遡江(1)
2287	鞍	759	3.8859	99.277	鞍(255)/鞍馬(172)/鞍上(65)/乗鞍(62)/鞍部(53)/鞍替え(41)/鞍山(19)/勝ち鞍(16)/鞍掛(13)/鞍ケ池(11)/荷鞍(9)/鞍手(8)/鞍月(5)/鞍飾り(4)/装鞍(3)/鞍がえ(3)/勝鞍(2)/鞍作(2)/鞍居(2)/鞍点(2)
2288	褐	758	3.8808	99.278	褐色(587)/褐変(47)/赤褐(46)/褐炭(19)/褐藻(19)/褐(18)/褐釉(11)/褐虫(7)/褐斑(2)/短褐(1)/黄褐変(1)
2289	冥	754	3.8603	99.280	冥福(196)/冥界(156)/冥府(93)/冥王(76)/冥土(48)/冥利(44)/冥(39)/冥加(20)/冥途(18)/幽冥(14)/冥合(13)/冥想(7)/冥々(6)/冥官(5)/冥冥(4)/冥海(3)/頑冥(3)/冥い(2)/冥く(2)/南冥(2)
2290	悶	754	3.8603	99.281	苦悶(155)/悶々(138)/悶え(74)/煩悶(72)/身悶え(64)/悶着(62)/悶絶(56)/悶える(23)/憂悶(18)/身悶える(14)/悶(11)/悶死(9)/悶悶(8)/悶え狂う(6)/悶え苦しむ(5)/悶え死ぬ(3)/悶え狂っ(3)/憤悶(3)/よろこび悶える(2)/悶え喘い(2)
2291	註	753	3.8552	99.282	註(537)/註釈(63)/註文(42)/訳註(24)/註解(19)/補註(11)/原註(10)/註記(9)/詩註(8)/脚註(5)/註し(5)/前註(4)/校註(4)/自註(4)/古註(3)/評註(3)/論註(2)
2292	晋	752	3.8500	99.283	晋作(195)/晋(167)/晋三(51)/晋太郎(48)/東晋(43)/晋侯(36)/晋呉(32)/西晋(25)/晋也(15)/晋介(14)/晋書(13)/晋平(12)/魏晋(12)/晋吾(10)/晋助(8)/景晋(8)/晋山(7)/晋一(5)/晋一郎(5)/晋陽(5)
2293	衿	749	3.8347	99.285	衿子(266)/衿(237)/半衿(82)/衿ぐり(33)/衿元(24)/衿もと(22)/衿秀(14)/衿先(8)/衿肩(7)/開衿(7)/掛け衿(6)/衿幅(6)/衿足(5)/撥衿(3)/衿あし(3)/衿芯(3)/かけ衿(2)/ひだ衿(2)/棒衿(2)/立ち衿(2)
2294	霜	747	3.8244	99.286	霜(369)/霜降り(80)/霜月(59)/霜柱(48)/星霜(24)/霜降(18)/初霜(13)/霜焼け(13)/秋霜(10)/霜よけ(9)/霜取り(8)/降霜(7)/霜夜(7)/霜解(7)/晩霜(6)/霜枯れ(6)/霜ふり(5)/朝霜(4)/焼き霜(4)/石霜(4)
2295	睦	745	3.8142	99.287	親睦(198)/睦(97)/和睦(84)/睦月(74)/睦美(42)/睦男(33)/睦夫(29)/睦州(17)/仲睦まじく(15)/睦言(14)/伴睦(13)/正睦(13)/睦子(11)/仲睦まじい(10)/睦まじく(10)/睦雄(8)/睦郎(6)/寛睦(5)/睦み合っ(5)/友睦(4)
2296	灌	744	3.8091	99.288	灌漑(213)/灌木(193)/灌流(102)/灌頂(79)/道灌(54)/灌水(35)/灌(27)/湯灌(17)/灌仏(7)/灌概(5)/灌嬰(4)/灌ぐ(2)/戒灌(1)/每灌(1)/灌」い(1)/灌ぎ(1)/灌腸(1)/畑灌(1)
2297	渕	742	3.7988	99.290	小渕(228)/増渕(124)/田渕(97)/長渕(62)/渕(49)/大渕(43)/岩渕(39)/倉渕(18)/馬渕(17)/江渕(12)/石渕(7)/亀渕(5)/川渕(5)/蔵渕(5)/渕上(4)/出渕(3)/小渕沢(3)/曲渕(3)/渕野辺(2)/臼渕(2)
2298	椿	741	3.7937	99.291	椿(467)/椿山(64)/椿姫(51)/麟椿(29)/椿油(25)/椿事(21)/椿原(21)/寒椿(11)/椿市(6)/白椿(6)/花椿(6)/落椿(5)/椿海(4)/夏椿(3)/妙椿(3)/椿説(3)/玉椿(3)/黒椿(3)/壽椿(2)/椿葉(2)
2299	柚	740	3.7886	99.292	柚子(392)/柚木(172)/柚(107)/柚鈴(36)/柚美(9)/柚原(7)/柚乃(3)/柚須(3)/柚莉愛(2)/柚香(2)/胡柚(2)/柚井(1)/柚比(1)/柚比本(1)/柚美子(1)/柚蜜(1)
2300	躊	740	3.7886	99.293	躊躇(611)/躊躇い(50)/躊躇っ(32)/躊躇う(21)/躊躇わ(17)/躊(7)/躊蹲(1)/騰躊(1)
2301	鷲	740	3.7886	99.295	鷲(303)/鷲尾(47)/鷲津(40)/高鷲(39)/鷲田(39)/鷲士(30)/鷲羽(29)/旭鷲山(25)/尾鷲(19)/鷲づかみ(18)/鷲掴み(18)/霊鷲(16)/鷲宮(16)/大鷲(13)/鷲鼻(13)/鷲見(9)/鷲峯(8)/荒鷲(7)/犬鷲(6)/鷲巣(5)
2302	遵	739	3.7835	99.296	遵守(669)/遵法(29)/遵(9)/遵奉(6)/遵い(4)/遵う(4)/遵憲(4)/遵義(4)/弓遵(2)/遵ヒ(2)/馬遵(2)/遵ひ(1)/遵ふ(1)/遵わ(1)/遵信(1)
2303	嘲	738	3.7784	99.297	嘲笑(301)/自嘲(164)/嘲る(56)/嘲り(53)/嘲笑う(31)/嘲弄(28)/嘲っ(27)/嘲笑っ(22)/嘲ら(10)/嘲笑い(9)/嘲けら(6)/嘲(4)/嘲けっ(4)/嘲風(4)/嘲けり(3)/嘲ける(3)/嘲い者(2)/嘲ら笑っ(2)/嘲り笑う(2)/嘲つ(1)
2304	溺	736	3.7681	99.298	溺れ(347)/溺死(124)/溺愛(88)/溺れる(80)/耽溺(35)/溺れ死ん(18)/溺れ死ぬ(15)/惑溺(6)/溺れ死に(3)/桀溺(2)/溺れ死(2)/溺れ谷(2)/溺水(2)/馬溺(2)/便溺(1)/沈み溺れ(1)/沈溺(1)/溺(1)/溺らせ(1)/溺れ狂っ(1)
2305	蔭	735	3.7630	99.300	蔭(202)/お蔭(189)/桐蔭(56)/木蔭(41)/御蔭(34)/松蔭(23)/日蔭(22)/緑蔭(22)/蔭山(19)/お蔭参り(17)/千蔭(12)/蔭口(12)/水蔭(10)/樟蔭(9)/敏蔭(8)/藤蔭(7)/山蔭(6)/岩蔭(6)/御蔭参り(4)/御蔭祭(4)
2306	躇	735	3.7630	99.301	躊躇(611)/躊躇い(50)/躊躇っ(32)/躊躇う(21)/躊躇わ(17)/躇っ(2)/躇らい(1)/鑄躇(1)
2307	廉	732	3.7476	99.302	低廉(199)/廉価(120)/廉(67)/清廉(63)/廉子(59)/破廉恥(59)/廉売(36)/廉太郎(32)/廉潔(12)/廉恥(11)/泰廉(11)/廉斎(10)/廉平(8)/信廉(6)/廉直(6)/義廉(4)/頼廉(4)/一廉(3)/孝廉(3)/廉く(3)
2308	巫	731	3.7425	99.303	巫女(486)/巫(46)/巫炎(30)/巫術(26)/黒巫女(24)/巫者(15)/巫女長(12)/巫覡(10)/歩き巫女(9)/御巫(8)/女巫(6)/巫女姿(6)/巫祝(6)/成巫(6)/巫山戯(5)/巫女姫(4)/巫女舞(4)/巫山戯る(4)/巫蠱(4)/男巫(4)
2309	撒	729	3.7323	99.305	撒い(159)/撒く(81)/撒き(72)/撒き散らし(68)/撒か(55)/撒き餌(48)/撒布(29)/ばら撒い(27)/撒き散らす(19)/水撒き(17)/振り撒い(16)/撒き散らさ(15)/ばら撒き(14)/ばら撒く(14)/ばら撒か(10)/弥撒(9)/振り撒く(7)/ぶち撒け(6)/撒きちらし(6)/撒退(6)
2310	姦	728	3.7272	99.306	強姦(419)/相姦(72)/姦通(71)/姦淫(52)/輪姦(23)/姦(14)/視姦(10)/姦臣(8)/姦民(5)/獣姦(5)/姦しい(4)/姦人(4)/姦婦(4)/姦し(3)/姦夫(3)/姦しく(2)/姦っ(2)/姦吏(2)/姦計(2)/死姦(2)
2311	汝	728	3.7272	99.307	汝(676)/汝南(27)/汝昌(7)/汝矣(7)/汝水(3)/汝霖(3)/大汝持(1)/汝れ(1)/汝俊(1)/汝适(1)/臨汝(1)
2312	姜	727	3.7220	99.308	生姜(546)/姜(106)/姜文(25)/姜維(19)/姜女(11)/乾姜(6)/文姜(6)/姜詩(5)/邑姜(2)/葱姜(1)
2313	膏	725	3.7118	99.310	石膏(329)/軟膏(242)/膏(117)/膏薬(22)/膏血(7)/膏肓(3)/膏粱(1)/膏身(1)/蜜膏(1)/酥膏(1)/雲母膏(1)
2314	董	725	3.7118	99.311	骨董(371)/董卓(169)/董(78)/董白(41)/董子(22)/董万(9)/董永(9)/董宣(6)/董橋(3)/安董(2)/董扶(2)/董旻(2)/董遇(2)/公董(1)/几董(1)/古董(1)/董和(1)/董斎(1)/董立ち(1)/董襲(1)
2315	倣	721	3.6913	99.312	模倣(450)/倣っ(152)/倣い(40)/倣う(38)/倣え(11)/倣書(7)/倣おう(4)/摸倣(4)/看倣す(3)/倣ふ(2)/倣製(2)/倣」う(1)/倣ひ(1)/倣らう(1)/倣わ(1)/倣ヒ(1)/倣慢(1)/見倣う(1)/見倣っ(1)
2316	叡	721	3.6913	99.313	比叡(308)/叡山(171)/叡智(89)/叡知(56)/叡尊(30)/叡慮(12)/東叡(12)/叡(11)/叡福(6)/曹叡(4)/栄叡(4)/行叡(4)/叡一(3)/叡感(3)/叡覧(3)/叡電(2)/叡子(1)/叡齋(1)/宗叡(1)
2317	酌	719	3.6811	99.314	酌(131)/晩酌(127)/酌み(89)/斟酌(82)/参酌(66)/媒酌(53)/酌量(43)/手酌(35)/酌婦(20)/酌む(16)/酌ん(12)/酌み取り(8)/しん酌(7)/朝酌(6)/浅酌(6)/独酌(6)/酌み取っ(5)/酌み取る(3)/酌め(2)/酌み取れる(1)
2318	惧	712	3.6452	99.316	危惧(679)/惧れ(26)/惧(3)/惧れる(2)/危（惧）懼(1)/疑惧(1)
2319	慧	711	3.6401	99.317	智慧(235)/慧(100)/慧海(70)/可慧(68)/慧能(55)/慧眼(22)/知慧(22)/慧可(9)/慧慈(8)/慧生(8)/慧遠(8)/善慧(7)/慧思(7)/明慧(7)/大慧(6)/慧忠(5)/慧舟(5)/慧子(4)/慧日(4)/慧林(4)
2320	宵	706	3.6145	99.318	今宵(235)/宵(164)/華宵(69)/宵闇(28)/宵の口(26)/宵宮(20)/宵曲(20)/宵越し(20)/宵山(19)/宵待(15)/元宵(14)/宵っ張り(9)/春宵(9)/宵まつり(8)/宵っぱり(7)/徹宵(7)/宵祭り(6)/待宵(6)/宵々(5)/宵寝(4)
2321	郁	705	3.6094	99.319	郁子(149)/郁(118)/郁夫(111)/郁彦(61)/馥郁(37)/郁男(27)/郁雨(27)/郁代(19)/郁恵(16)/郁太郎(15)/郁江(15)/郁美(12)/郁文(9)/郁郎(9)/郁之助(7)/郁生(7)/徳郁(6)/郁容(6)/郁次郎(6)/郁也(5)
2322	弔	704	3.6043	99.320	弔辞(132)/弔慰(107)/弔問(103)/弔う(84)/弔い(75)/慶弔(56)/弔っ(25)/弔電(21)/弔意(20)/弔(15)/弔詞(15)/弔事(14)/弔使(5)/弔鐘(5)/弔歌(4)/弔ひ(3)/弔ふ(3)/弔わ(3)/弔砲(3)/弔おう(2)
2323	蕉	702	3.5941	99.322	芭蕉(650)/蕉門(18)/蕉風(13)/蕉(10)/蕉翁(5)/蕉鹿(3)/蕉仙(1)/蕉影(1)/蘇蕉(1)
2324	諏	701	3.5889	99.323	諏訪(615)/諏訪部(30)/下諏訪(21)/諏訪子(13)/諏訪ノ平(7)/諏方(4)/諏訪町(3)/諏磨(2)/諏訪内(2)/浜寺諏訪森町(1)/諏井(1)/諏渡(1)/諏訪井(1)
2325	臆	700	3.5838	99.324	臆病(471)/臆面(72)/臆する(51)/臆測(37)/臆し(24)/臆せ(20)/臆(7)/臆説(4)/記臆(4)/胸臆(3)/臆さ(2)/臆見(2)/臆す(1)/臆すれ(1)/臆劫(1)
2326	臼	699	3.5787	99.325	脱臼(129)/臼(104)/臼井(88)/臼歯(53)/茶臼(53)/石臼(50)/羅臼(50)/臼杵(48)/臼田(48)/唐臼(10)/浦臼(10)/東臼杵(8)/臼砲(7)/茶臼山町(7)/西臼杵(6)/燧臼(5)/臼淵(5)/臼玉(4)/臼蓋(4)/臼渕(2)
2327	窃	698	3.5736	99.326	窃盗(608)/窃取(41)/剽窃(15)/窃(15)/窃視(9)/窃か(3)/窃ま(2)/僣窃(1)/爆窃(1)/窃み(1)/窃み去っ(1)/窃犯(1)
2328	魏	697	3.5684	99.327	魏(400)/魏志(110)/北魏(54)/魏書(42)/魏徴(24)/曹魏(13)/魏使(12)/魏晋(12)/西魏(11)/魏軍(4)/東魏(3)/魏収(3)/魏武(2)/魏舒(2)/魏兵(1)/魏晧(1)/魏略(1)/魏都(1)/漢魏(1)
2329	醬	692	3.5429	99.329	醬油(577)/豆板醬(32)/醬(25)/魚醬(24)/全醬工(13)/甜麵醬(6)/濁り醬(5)/醬麦(3)/甜面醬(2)/醬蝦(2)/肉醬(1)/蒟醬(1)/蝦醬(1)
2330	礁	690	3.5326	99.330	礁(279)/岩礁(131)/座礁(72)/環礁(70)/暗礁(64)/魚礁(38)/礁池(9)/漁礁(8)/造礁(4)/沈礁(3)/離礁(3)/坐礁(2)/裾礁(2)/島礁(1)/渡礁(1)/礁原(1)/礁塩生(1)/礁縁(1)
2331	謄	688	3.5224	99.331	謄本(493)/謄写(168)/謄抄本(18)/謄(9)
2332	芭	686	3.5121	99.332	芭蕉(650)/芭(23)/大芭(10)/崩芭(1)/符羅芭(1)/芭臣(1)
2333	粥	685	3.5070	99.333	粥(574)/小豆粥(25)/白粥(11)/芋粥(10)/朝粥(9)/粥食(7)/茶粥(7)/乳粥(6)/粟粥(4)/タマゴ粥(3)/糜粥(3)/たまご粥(2)/なつめ粥(2)/小粥(2)/筒粥(2)/薬粥(2)/うす粥(1)/くらげ粥(1)/くるみ粥(1)/変わり粥(1)
2334	弧	684	3.5019	99.334	弧(373)/括弧(137)/円弧(61)/島弧(34)/弧状(34)/弧帯(13)/連弧(8)/弧文(7)/弧形(6)/弧線(3)/前弧(2)/弧つぜん(1)/弧光(1)/弧度(1)/弧端(1)/弧篷(1)/彩弧(1)
2335	曰	683	3.4968	99.336	曰く(557)/曰(83)/曰う(10)/曰ふ(10)/曰わく(7)/曰ひ(5)/曰はく(3)/曰ク(3)/嚩曰(1)/曰さく(1)/曰っ(1)/曰へ(1)/曰佐(1)
2336	凸	682	3.4917	99.337	凹凸(257)/凸(194)/凸凹(146)/凸版(38)/凸型(16)/凸面(10)/凸状(9)/凸部(6)/凸起(4)/凸凸(2)
2337	厨	682	3.4917	99.338	厨房(365)/御厨(98)/厨(85)/厨子(84)/厨川(17)/厨子王(10)/司厨(8)/厨芥(3)/天厨(3)/厨夫(2)/厨女(2)/三厨(1)/厨事(1)/厨書(1)/寒厨(1)/庖厨(1)
2338	玩	680	3.4814	99.339	玩具(536)/愛玩(48)/食玩(18)/玩具屋(17)/玩味(13)/玩弄(8)/玩具箱(7)/賞玩(4)/宗玩(3)/玩び(3)/玩器(3)/玩物(3)/玩辞(3)/玩(2)/玩ば(2)/玩ぶ(2)/玩ん(2)/玩欲(2)/玩貨(2)/玩好(1)
2339	舵	680	3.4814	99.340	操舵(232)/舵(213)/舵取り(70)/舵輪(32)/舵角(21)/縦舵(16)/舵手(16)/転舵(16)/取り舵(13)/舵とり(13)/面舵(13)/横舵(9)/潜舵(6)/舵取(4)/上げ舵(2)/上舵(1)/下げ舵(1)/舵柄(1)/舵機(1)
2340	昂	678	3.4712	99.341	昂奮(111)/激昂(95)/昂揚(85)/昂(42)/昂然(40)/昂ぶっ(34)/軒昂(34)/重昂(30)/昂ぶり(28)/昂進(27)/昂じ(25)/昂り(17)/昂っ(15)/曹昂(13)/子昂(12)/昂ぶら(12)/昂まっ(8)/昂る(8)/昂まり(7)/昂まる(6)
2341	逝	675	3.4558	99.342	逝っ(195)/逝く(111)/逝去(110)/急逝(95)/逝き(54)/逝か(37)/逝け(17)/夭逝(13)/早逝(7)/逝こう(6)/逝(5)/長逝(5)/逝ける(4)/善逝(2)/素逝(2)/去り逝く(1)/天逝(1)/室利佛逝(1)/永逝(1)/逝かす(1)
2342	挽	674	3.4507	99.344	挽回(145)/挽き(108)/挽き肉(66)/挽い(57)/挽肉(53)/挽歌(44)/木挽町(35)/粗挽き(28)/挽く(25)/木挽(19)/挽(17)/木挽き(15)/細挽き(11)/挽か(8)/挽物(6)/新挽き(6)/合挽き(4)/合い挽き(3)/粉挽き(3)/前挽(2)
2343	喩	671	3.4353	99.345	比喩(390)/喩え(74)/隠喩(69)/喩(35)/譬喩(30)/暗喩(23)/喩える(16)/直喩(12)/換喩(5)/喩えれ(3)/引喩(3)/提喩(2)/揶喩(2)/古喩(1)/喩えよう(1)/喩へれ(1)/声喩(1)/寓喩(1)/慰喩(1)/百喩(1)
2344	訣	671	3.4353	99.346	秘訣(530)/訣別(88)/訣(23)/訣れ(11)/要訣(5)/口訣(4)/永訣(3)/訣る(2)/顕訣(2)/書訣(1)/訣れよう(1)/訣れる(1)
2345	撰	668	3.4200	99.347	新撰(197)/撰(127)/杜撰(53)/勅撰(39)/後撰(25)/撰者(19)/上撰(16)/撰し(14)/撰集(13)/喜撰(12)/撰文(12)/特撰(12)/再撰(11)/撰ん(9)/撰択(8)/撰述(8)/初撰(7)/撰ば(7)/撰定(7)/撰進(7)
2346	條	668	3.4200	99.348	東條(192)/條(147)/下條(42)/一條(36)/上條(31)/南條(31)/十條(28)/北條(21)/五條(20)/本條(18)/條件(16)/中條(15)/條約(12)/西條(11)/二條(10)/四條畷(5)/三條(4)/條治(4)/條項(4)/九條(2)
2347	肛	667	3.4149	99.349	肛門(630)/脱肛(12)/秘肛(8)/肛壁(5)/挿肛(3)/肛囲(2)/裂肛(2)/鎖肛(2)/肛(1)/肛孔(1)/肛悦(1)
2348	餃	667	3.4149	99.350	餃子(665)/蛋餃(1)/餃(1)
2349	祇	666	3.4097	99.351	祇園(408)/神祇(98)/祇王(43)/地祇(33)/祇園寺(19)/大山祇(15)/祇(11)/宗祇(9)/祇女(7)/祇劫(5)/跋祇(4)/阿僧祇(4)/羅閲祇(3)/僧祇(2)/太祇(2)/祇文(1)/祇晶(1)/祇陀(1)
2350	轟	666	3.4097	99.353	轟音(264)/轟き(77)/轟い(74)/轟く(47)/轟か(44)/轟木(43)/轟(38)/轟々(33)/轟然(19)/轟沈(16)/轟かす(3)/轟かし(2)/轟轟(2)/轟かせ(1)/轟二(1)/轟天(1)/轟（ごう）音(1)
2351	鸞	666	3.4097	99.354	親鸞(585)/善鸞(21)/曇鸞(21)/鸞(16)/鸞王(12)/季鸞(4)/翔鸞(3)/鸞国(2)/智鸞(1)/鳳鸞(1)
2352	憐	663	3.3944	99.355	可憐(345)/憐れみ(97)/憐憫(62)/憐れ(48)/憐れむ(33)/憐み(20)/憐れん(16)/憐愍(15)/憐(6)/憐む(5)/憐れま(5)/憐ん(4)/哀憐(3)/愛憐(2)/憐れめ(1)/憐情(1)
2353	薇	661	3.3841	99.356	薔薇(514)/薔薇色(53)/酒鬼薔薇(17)/青薔薇(15)/薇(11)/白薔薇(9)/野薔薇(8)/薔薇子(5)/黒薔薇(4)/紅薔薇(3)/紫薇(3)/薔薇垣(3)/薔薇柄(3)/翠薇(2)/蔓薔薇(2)/薔薇作り(2)/薔薇水(2)/采薇(2)/薔薇石(1)/薔薇窓(1)
2354	采	661	3.3841	99.357	喝采(265)/采配(183)/風采(73)/采女(65)/采(21)/納采(12)/喝采(8)/采地(6)/采蘋(4)/美采(3)/采茆(3)/文采(2)/采女が原(2)/采女町(2)/采王(2)/采薇(2)/采麟(2)/成五采(1)/渴采(1)/采の目(1)
2355	妓	660	3.3790	99.358	舞妓(201)/芸妓(138)/妓(107)/娼妓(65)/妓楼(45)/妓女(38)/名妓(16)/妓生(16)/歌舞妓(8)/妓館(6)/美妓(4)/雛妓(4)/歌妓(3)/売れっ妓(2)/老妓(2)/哥舞妓(1)/妓夫(1)/官妓(1)/家妓(1)/繁妓(1)
2356	梯	660	3.3790	99.359	梯子(245)/磐梯(208)/梯子段(43)/階梯(39)/縄梯子(29)/梯(23)/舷梯(21)/雲梯(10)/倉梯(5)/梯子場(5)/梯形(5)/梯体(4)/梯団(4)/梯子車(3)/神梯(3)/梯上(2)/梯航(2)/竹梯子(2)/揩梯(1)/梯子乗り(1)
2357	榎	660	3.3790	99.360	榎本(420)/榎(73)/榎津(54)/榎木津(40)/榎木(30)/榎坂(9)/榎並(7)/榎田(6)/榎町(6)/榎森(3)/並榎(2)/榎島(2)/榎之木(1)/榎南(1)/榎原(1)/榎堀(1)/榎戸(1)/榎沢(1)/榎谷(1)/榎阪(1)
2358	蔓	656	3.3585	99.362	蔓延(347)/蔓(207)/蔓草(29)/藤蔓(23)/芋蔓(7)/蔓延り(6)/金蔓(6)/手蔓(5)/蔓延っ(5)/蔓巻(3)/蔓延る(3)/蔓棚(3)/枯蔓(2)/蔓脚(2)/蔓薔薇(2)/鍋蔓(2)/葛蔓(1)/蔓根(1)/蔓菁(1)/蔓豆(1)
2359	且	655	3.3534	99.363	且つ(300)/且(225)/且元(74)/尚且つ(47)/且行(4)/〜且―。安。(1)/且く(1)/尚お且つ(1)/猶且(1)/苟且(1)
2360	哺	655	3.3534	99.364	哺乳(602)/哺育(36)/反哺(4)/哺う(4)/発哺(4)/含哺(1)/哺(1)/哺ひ(1)/哺養(1)/哺（ほ）乳(1)
2361	牌	652	3.3381	99.365	牌(235)/位牌(211)/手牌(74)/捨て牌(36)/牌譜(13)/字牌(12)/役牌(10)/骨牌(10)/数牌(7)/韻牌(6)/牌楼(5)/配牌(5)/端牌(3)/賞牌(3)/闘牌(3)/霊牌(3)/人牌(2)/招牌(2)/文牌(2)/武牌(2)
2362	甕	651	3.3329	99.366	甕(313)/甕棺(209)/大甕(29)/天津甕星(17)/叩き甕(12)/酢甕(9)/水甕(7)/武甕槌(6)/甕形(6)/甕星(6)/酒甕(6)/甕山(5)/下甕(4)/埋甕(3)/武甕雷(3)/甕倉(3)/甕幻(2)/甕速日(2)/藍甕(2)/建甕槌(1)
2363	杜	649	3.3227	99.367	杜(211)/杜氏(106)/杜甫(69)/杜撰(53)/雛杜(37)/杜夫(28)/杜若(18)/北杜(14)/杜仲(14)/杜栄(13)/杜韋(9)/杜鵑(9)/杜牧(8)/杜絶(8)/杜興(8)/杜遠(7)/杜女(5)/李杜(4)/杜国(4)/杜陵(4)
2364	樋	649	3.3227	99.368	樋口(350)/樋(132)/樋渡(76)/雨樋(20)/樋高(10)/樋泉(8)/懸樋(6)/木樋(5)/樋門(5)/井樋の口(4)/樋上(4)/樋道(3)/戸樋(2)/樋川(2)/樋橋(2)/樋浦(2)/樋爪(2)/樋野(2)/土樋(1)/大樋(1)
2365	琵	648	3.3176	99.369	琵琶(643)/琶琵(2)/琵渡(1)/琵琶島(1)/琵琶瀬(1)
2366	琶	648	3.3176	99.370	琵琶(643)/琶琵(2)/琵琶島(1)/琵琶瀬(1)/琶音(1)
2367	薔	648	3.3176	99.371	薔薇(514)/薔薇色(53)/酒鬼薔薇(17)/青薔薇(15)/白薔薇(9)/野薔薇(8)/薔薇子(5)/黒薔薇(4)/紅薔薇(3)/薔薇垣(3)/薔薇柄(3)/蔓薔薇(2)/薔人(2)/薔子(2)/薔薇作り(2)/薔薇水(2)/薔園(1)/薔薇石(1)/薔薇窓(1)/薔警(1)
2368	畏	646	3.3074	99.372	畏敬(161)/畏怖(149)/畏れ(95)/畏(54)/畏れ多い(38)/畏れる(20)/畏まっ(19)/畏れ多く(17)/畏友(12)/畏れ入り(9)/畏まり(8)/畏み(8)/畏く(7)/畏る(7)/畏縮(7)/畏し(3)/畏っ(3)/畏れおおい(3)/畏まる(2)/畏れ入っ(2)
2369	屯	643	3.2920	99.374	駐屯(297)/屯(106)/屯田(98)/屯所(63)/屯営(15)/屯集(13)/屯倉(12)/屯鶴(7)/小屯(6)/分屯(5)/屯用(5)/屯ろ(4)/屯服(4)/軍屯(2)/屯宅(1)/屯死(1)/屯民(1)/屯聚(1)/屯長(1)/范家屯(1)
2370	婿	642	3.2869	99.375	婿(342)/花婿(93)/娘婿(84)/女婿(36)/婿入り(31)/妹婿(13)/入り婿(10)/入婿(8)/婿取り(6)/姉婿(5)/招婿(5)/婿方(3)/婿とり(2)/婿取(2)/婿がね(1)/皇婿(1)
2371	攣	641	3.2818	99.376	痙攣(544)/攣縮(23)/攣っ(15)/引き攣っ(13)/引き攣ら(12)/引き攣り(7)/攣(5)/攣り(5)/引き攣れ(4)/攣る(3)/引き攣る(2)/攣れる(2)/ひき攣っ(1)/引攣ら(1)/攣ら(1)/攣れ(1)/攣痺(1)/痙攣ら(1)
2372	厭	639	3.2715	99.377	厭(327)/厭わ(75)/厭味(48)/厭う(30)/厭世(29)/厭い(22)/厭戦(17)/厭がらせ(12)/厭離(11)/厭き(10)/厭気(7)/厭わしい(6)/厭っ(5)/厭人(5)/厭悪(5)/厭わしく(4)/厭ふ(3)/厭怛(3)/禁厭(3)/厭か(2)
2373	唸	639	3.2715	99.378	唸っ(201)/唸り(199)/唸る(112)/唸り声(85)/唸ら(26)/唸らさ(4)/唸(2)/唸り音(2)/唸声(2)/唸らす(1)/唸りおち(1)/唸り出(1)/唸り返し(1)/唸り飛ぶ(1)/唸れ(1)
2374	仇	637	3.2613	99.379	仇(304)/仇討ち(111)/仇敵(61)/仇名(45)/仇討(41)/仇衡(18)/復仇(18)/恋仇(11)/仇役(5)/仇讎(4)/仇亥(3)/仇花(3)/仇呼ばわり(2)/仇怨(2)/碁仇(2)/仇夢(1)/仇打ち(1)/仇教(1)/仇者(1)/仇野(1)
2375	捻	636	3.2561	99.380	捻出(163)/捻挫(113)/捻っ(83)/捻り(58)/捻転(37)/捻る(31)/捻(23)/捻れ(16)/捻り出す(8)/捻じ曲がっ(7)/捻ら(7)/捻り出し(6)/捻じれ(5)/捻じ曲げ(5)/捻じ上げ(4)/捻じ伏せ(4)/捻くれ(3)/捻じ曲げる(3)/捻ぢ(3)/捻りあげ(3)
2376	疵	634	3.2459	99.381	瑕疵(526)/疵(71)/疵痕(9)/刀疵(8)/疵口(8)/無疵(3)/疵もの(2)/疵跡(2)/切疵(1)/向う疵(1)/槍疵(1)/疵あと(1)/矢疵(1)
2377	膿	632	3.2357	99.382	膿(148)/化膿(145)/膿漏(70)/膿瘍(49)/蓄膿(48)/排膿(28)/緑膿(28)/膿ん(19)/膿胸(16)/膿み(12)/膿性(12)/膿栓(12)/膿汁(8)/膿疱(8)/膿盆(8)/膿む(7)/膿腫(4)/血膿(3)/膿みただれ(2)/膿尿(2)
2378	愁	631	3.2306	99.383	郷愁(167)/哀愁(134)/憂愁(56)/愁傷(50)/愁訴(48)/愁い(27)/愁(23)/愁嘆(17)/旅愁(15)/愁子(13)/愁眉(12)/悲愁(10)/春愁(10)/愁ひ(7)/愁歎(7)/孤愁(6)/魚愁(6)/愁え(4)/幽愁(2)/愁う(2)
2379	灘	631	3.2306	99.384	灘(475)/東灘(69)/内灘(26)/外灘(12)/月灘(9)/枯木灘(8)/下灘(7)/燧灘(7)/響灘(7)/灘尾(5)/灘高(3)/灘崎(2)/灘浜(1)
2380	庇	630	3.2254	99.385	庇護(284)/庇(137)/庇っ(58)/庇う(43)/庇い(31)/雪庇(27)/庇おう(10)/板庇(8)/眉庇(6)/孫庇(4)/庇え(3)/庇髮(3)/目庇(3)/小庇(2)/庇いだて(2)/庇柱(2)/屋根庇(1)/庇い合わ(1)/庇い立て(1)/庇髪(1)
2381	梱	630	3.2254	99.386	梱包(541)/同梱(79)/梱(5)/開梱(5)
2382	輿	629	3.2203	99.387	神輿(271)/輿(181)/御輿(46)/輿入れ(36)/輿論(22)/入輿(15)/輿地(13)/広輿(6)/駕輿(5)/尾輿(4)/輿望(4)/腰輿(3)/輿山(3)/塗輿(2)/宮神輿(2)/御輿洗い(2)/方輿(2)/神輿洗(2)/肩輿(2)/乗輿(1)
2383	謹	627	3.2101	99.389	謹慎(318)/謹ん(95)/謹厳(67)/謹賀(23)/謹(20)/謹啓(20)/謹製(16)/謹直(11)/謹一(7)/謹白(6)/謹也(4)/謹呈(4)/謹聴(4)/謹二(3)/謹言(3)/公謹(2)/謹平(2)/謹次(2)/謹読(2)/大行不顧細謹(1)
2384	隼	627	3.2101	99.390	隼人(417)/隼(107)/隼子(40)/隼雄(27)/隼鷹(13)/隼太(5)/隼別(4)/隼磨(3)/小隼(2)/西隼上り(2)/隼男(2)/隼町(2)/隼也(1)/隼斗(1)/鴨一隼戸(1)
2385	盃	624	3.1947	99.391	盃(513)/乾盃(20)/大盃(16)/酒盃(13)/盃事(10)/祝盃(7)/行盃人(7)/天盃(4)/水盃(4)/盃洗(4)/返盃(4)/別盃(2)/献盃(2)/盃酒(2)/金盃(2)/銀盃(2)/台盃(1)/床盃(1)/洋盃(1)/浮盃津(1)
2386	滲	621	3.1793	99.392	滲ん(149)/滲み(89)/滲む(76)/滲み出(73)/滲ま(71)/滲出(49)/滲透(32)/滲み出る(23)/滲み出し(19)/滲み込ん(5)/滲みだす(4)/滲みる(4)/滲み出さ(4)/滲み込ま(3)/滲(2)/滲みだし(2)/滲み出す(2)/滲み消え(2)/滲み通っ(2)/滲みあがっ(1)
2387	臥	620	3.1742	99.393	仰臥(75)/臥(61)/臥床(61)/臥し(58)/臥位(49)/側臥(37)/病臥(26)/臥す(25)/臥薪(24)/臥竜(21)/横臥(17)/臥龍(17)/臥せっ(14)/腹臥(13)/坐臥(11)/臥室(11)/臥所(11)/伏臥(10)/臥せ(8)/草臥れ(8)
2388	梢	618	3.1640	99.394	末梢(326)/梢(242)/新梢(29)/梢間(11)/梢風(3)/裸梢(2)/枝梢(1)/梢さがり(1)/梢方(1)/梢星(1)/梢枝(1)
2389	拗	615	3.1486	99.395	執拗(525)/拗ね(62)/拗ねる(6)/拗音(6)/拗(4)/執拗く(2)/拗ね者(2)/拗れ(2)/執ッ拗い(1)/拗く(1)/拗じ曲っ(1)/拗れる(1)/拗歩(1)/拗糸(1)
2390	奢	614	3.1435	99.396	華奢(228)/豪奢(103)/奢っ(66)/奢侈(62)/奢り(53)/奢ら(27)/奢る(25)/蘭奢(21)/奢(5)/驕奢(5)/奢れ(3)/奢れる(3)/奢ろう(3)/伯奢(2)/奢摩他(2)/伊奢沙別(1)/奢り昂る(1)/奢婆羅(1)/奢灞都(1)/奢華(1)
2391	藁	613	3.1384	99.397	藁(342)/麦藁(58)/藁科(47)/藁屋根(19)/藁葺き(18)/藁束(12)/藁床(10)/稲藁(9)/藁屋(8)/藁葺(7)/藁しべ(6)/藁塚(6)/藁屑(5)/藁灰(5)/寝藁(4)/藁ぶき(4)/藁火(4)/巻藁(3)/藁くず(3)/藁ボッチ(3)
2392	坦	612	3.1333	99.398	平坦(469)/坦々(47)/坦坦(32)/坦懐(20)/坦(13)/連坦(9)/坦図(7)/孟坦(7)/坦庵(5)/坦夷(2)/阿勒坦(1)
2393	醐	611	3.1282	99.399	醍醐(379)/後醍醐(230)/醐(2)
2394	埃	610	3.1230	99.400	埃(428)/土埃(58)/砂埃(44)/塵埃(23)/埃まみれ(21)/埃り(8)/埃及(8)/砂埃り(5)/綿埃(5)/蘇維埃(5)/埃塗れ(2)/埃取り(1)/埃風(1)/日向埃(1)
2395	醍	610	3.1230	99.401	醍醐(379)/後醍醐(230)/醍(1)
2396	漕	608	3.1128	99.402	漕ぎ(155)/漕い(116)/漕ぐ(87)/漕ぎ手(40)/阿漕(24)/漕ぎつけ(19)/漕が(12)/漕げ(12)/漕ぎ着け(11)/漕(10)/漕ぎ寄せ(9)/漕ぎ出す(7)/漕げる(7)/漕手(7)/漕艇(7)/競漕(7)/運漕(6)/回漕(5)/手漕ぎ(5)/漕ごう(4)
2397	纏	608	3.1128	99.403	纏っ(98)/纏め(90)/纏向(83)/半纏(65)/纏(42)/纏う(31)/纏まっ(31)/纏わる(21)/纏い(19)/纏める(14)/纏足(12)/纏まり(11)/纏まら(8)/纏わ(8)/纏わりつい(7)/付き纏っ(5)/一纏め(4)/纏つ(4)/纏まる(4)/纏綿(4)
2398	椒	607	3.1077	99.404	胡椒(364)/山椒(188)/花椒(28)/椒(9)/辣椒(8)/青椒肉絲(7)/青椒肉糸(3)
2399	煽	607	3.1077	99.405	煽動(125)/煽る(112)/煽ら(100)/煽っ(91)/煽り(64)/煽り立て(22)/煽情(20)/煽りたて(12)/煽(11)/煽り立てる(11)/煽りたてる(7)/煽て(4)/煽ぎ(3)/煽ぐ(2)/煽つ(2)/煽てりゃ(2)/煽れ(2)/煽惑(2)/売り煽ら(1)/売り煽り(1)
2400	些	606	3.1026	99.406	些細(448)/些か(60)/些事(25)/些末(23)/些少(20)/些(14)/些と(6)/些も(4)/些とも(2)/些々(1)/些っとも(1)/些子(1)/較些(1)
2401	眞	606	3.1026	99.407	眞(153)/眞勲(59)/眞弓(37)/眞人(31)/眞三郎(26)/和眞(21)/眞鍋(21)/寫眞(20)/眞紀子(18)/眞名井(14)/眞一(10)/眞一郎(10)/眞男(10)/文眞(9)/眞悟(9)/眞言(9)/眞二(8)/眞姫那(8)/眞子(8)/眞物(8)
2402	汎	603	3.0872	99.408	汎用(333)/広汎(112)/汎(98)/汎神(36)/汎発(8)/汎化(5)/汎愛(2)/汎我(2)/汎秀(2)/剛汎(1)/汎く(1)/汎子(1)/汎論(1)/汎通(1)
2403	瘦	602	3.0821	99.409	瘦せ(406)/瘦身(30)/瘦せ細っ(25)/瘦せこけ(22)/瘦せぎす(21)/瘦せ衰え(21)/瘦せる(19)/瘦(13)/瘦軀(8)/瘦せ型(6)/瘦せおとろえ(4)/瘦せっぽち(4)/瘦せよう(3)/瘦せ細り(3)/瘦肉(3)/肥瘦(3)/瘦せほそっ(2)/瘦薄(2)/着瘦せ(2)/瘦け(1)
2404	嘔	601	3.0770	99.410	嘔吐(550)/嘔気(38)/嘔き気(4)/嘔(3)/嘔き(2)/靉嘔(2)/嘔く(1)/鎮嘔(1)
2405	痙	600	3.0718	99.411	痙攣(544)/痙性(19)/痙直(16)/鎮痙(8)/痙縮(7)/痙(2)/書痙(1)/痙れ(1)/痙咳(1)/痙攣ら(1)
2406	甥	599	3.0667	99.412	甥(467)/甥っ子(116)/甥姪(12)/外甥(3)/叔甥(1)
2407	升	598	3.0616	99.413	升(508)/升田(21)/升麻(8)/升形(7)/升米(7)/升目(6)/難升米(6)/福升(5)/升込(4)/升酒(4)/景升(3)/酒升(3)/升吉(2)/升席(2)/帥升(2)/三升(1)/倉升(1)/升三(1)/升伯(1)/升味(1)
2408	皺	597	3.0565	99.414	皺(513)/皺くちゃ(19)/縦皺(18)/小皺(10)/横皺(4)/皺面(4)/笑い皺(4)/皺ん(3)/皺寄せ(3)/皺よせ(2)/皺眉(2)/皺腹(2)/皺襞(2)/たたみ皺(1)/たて皺(1)/皺々(1)/皺くちや(1)/皺だるん(1)/皺づら(1)/皺め(1)
2409	駕	596	3.0514	99.415	駕籠(260)/凌駕(185)/駕(28)/駕籠かき(24)/駕洛(23)/車駕(11)/駕籠屋(10)/早駕籠(6)/駕籠町(6)/陵駕(5)/駕輿(5)/出駕(4)/別駕(3)/皿駕籠(3)/駕籠わき(3)/駕籠舁き(3)/駕籠落ち(3)/塗り駕籠(2)/宿駕籠(2)/来駕(2)
2410	峨	595	3.0462	99.416	嵯峨(416)/嵯峨野(110)/峨々(14)/後嵯峨(10)/蔡峨(10)/峨眉(6)/一峨(5)/峨門(5)/峨(3)/瑳峨(3)/峨峨(2)/峨嵋山(2)/嵯峨の屋(2)/嵯峨山(2)/峨典(1)/峨帽(1)/峨王(1)/嵯峨北堀町(1)/谷峨(1)
2411	悼	595	3.0462	99.417	追悼(347)/哀悼(113)/悼む(64)/悼ん(40)/悼み(22)/悼(4)/悼ま(3)/悼み悲しむ(1)/悼もう(1)
2412	凌	592	3.0309	99.418	凌駕(185)/凌ぐ(128)/凌ぎ(70)/凌辱(57)/凌い(52)/凌雲(29)/凌(23)/凌げ(8)/凌げる(6)/凌風(5)/凌統(4)/凌が(3)/凌一(3)/凌操(3)/凌ごう(2)/凌太(2)/凌霄花(2)/謳凌(2)/凌げよう(1)/凌げりゃ(1)
2413	蟹	592	3.0309	99.419	蟹(356)/蟹沢(85)/蟹座(55)/蟹江(20)/巨蟹(13)/蟹田(9)/沢蟹(8)/蟹股(7)/わたり蟹(6)/ズワイ蟹(6)/毛蟹(4)/蟹肉(3)/蟹鍋(3)/渡り蟹(2)/蟹場(2)/蟹汁(2)/蟹瀬(2)/ずわい蟹(1)/大蟹(1)/芦蟹(1)
2414	鞘	592	3.0309	99.420	鞘(336)/腱鞘(59)/鞘師(54)/海鞘(34)/利鞘(15)/逆鞘(12)/髄鞘(10)/鞘走っ(9)/朱鞘(7)/鞘翅(7)/鞘巻(6)/鞘町(5)/鞘走ら(4)/外鞘(3)/革鞘(3)/鞘堂(3)/鞘引き(3)/黒鞘(3)/白鞘(2)/葉鞘(2)
2415	罠	591	3.0258	99.421	罠(579)/輪罠(6)/シビレ罠(5)/罠婚(1)
2416	鯉	591	3.0258	99.422	鯉(311)/鯉のぼり(95)/鯉口(36)/錦鯉(29)/鯉淵(17)/鯉沢(12)/河鯉(11)/鯉魚(10)/鯉沼(9)/鯉川(8)/緋鯉(7)/松鯉(6)/鯉こく(6)/鯉丈(5)/鯉幟(5)/大鯉(4)/寒鯉(4)/真鯉(3)/養鯉(3)/鯉人(2)
2417	朋	590	3.0206	99.423	朋子(83)/朋也(66)/朋友(66)/有朋(60)/朋輩(54)/同朋(48)/朋美(41)/朋(28)/桐朋(17)/朋恵(13)/朋希(11)/朋市(9)/金朋(8)/朋香(7)/朋央(6)/朋文(6)/南朋(5)/朋彦(5)/朋江(5)/朋樹(4)
2418	遼	590	3.0206	99.424	遼(176)/遼太郎(149)/遼寧(71)/遼東(68)/遼陽(42)/張遼(26)/遼子(15)/遼河(14)/遼遠(7)/遼平(6)/遼一(4)/遼吉(4)/叔遼(3)/西遼(2)/義遼(1)/遼三郎(1)/遼西(1)
2419	瞑	588	3.0104	99.425	瞑想(416)/瞑っ(54)/瞑目(40)/瞑り(26)/瞑る(13)/瞑眩(9)/瞑れ(6)/瞑す(5)/瞑ら(5)/秋瞑(5)/瞑つ(2)/瞑(1)/瞑い(1)/瞑き(1)/瞑し(1)/瞑ま(1)/瞑むり(1)/瞑慮(1)
2420	躰	588	3.0104	99.426	躰(569)/躰つき(7)/身躰(4)/法躰(2)/玉躰(2)/一躰(1)/女躰(1)/物躰(1)/躰仁(1)
2421	嗜	586	3.0002	99.427	嗜好(425)/嗜み(34)/嗜癖(24)/嗜虐(24)/嗜む(17)/嗜ん(12)/嗜(10)/嗜眠(10)/嗜ま(8)/身嗜み(5)/優嗜曇(3)/嗜める(3)/嗜欲(2)/嗜食(2)/身嗜(2)/不嗜(1)/嗜め(1)/嗜事(1)/嗜糞(1)/嗜飲(1)
2422	瞼	586	3.0002	99.428	瞼(488)/眼瞼(68)/下瞼(11)/瞼板(9)/上瞼(8)/右瞼(2)
2423	縞	584	2.9899	99.429	縞(436)/縦縞(38)/横縞(24)/縞柄(17)/縞目(17)/縞馬(6)/よろけ縞(5)/たて縞(4)/縞々(4)/竪縞(3)/縞斑(3)/縞糸(3)/斑縞(2)/白縞(2)/縞木(2)/縞物(2)/縞猫(2)/縞田(2)/青縞(2)/黒縞(2)
2424	鮎	584	2.9899	99.430	鮎(242)/鮎川(138)/鮎子(102)/鮎釣り(21)/置鮎(12)/若鮎(12)/稚鮎(10)/落ち鮎(7)/鮎美(6)/落鮎(5)/鮎沢(5)/下り鮎(4)/錆鮎(2)/鮎原(2)/鮎漁(2)/鮎澤(2)/鮎釣(2)/とまり鮎(1)/渋鮎(1)/鮎つり(1)
2425	纂	583	2.9848	99.431	編纂(550)/纂(24)/類纂(5)/彙纂(2)/纂集(2)
2426	旺	582	2.9797	99.432	旺盛(527)/旺文(27)/旺(17)/旺ん(6)/旺相(2)/劉旺(1)/旺季(1)/預旺(1)
2427	蝦	581	2.9746	99.433	蝦夷(505)/蝦(24)/蝦蟇(13)/蝦丸(6)/蝦狄(6)/小蝦(4)/蝦名(4)/蝦蟇蛙(4)/蝦乃木(2)/蝦夷ガ島(2)/蝦夷ケ島(2)/醬蝦(2)/むき蝦(1)/干し蝦(1)/蝦仁(1)/蝦油(1)/蝦蛄(1)/蝦醬(1)/麁蝦夷(1)
2428	壬	580	2.9694	99.434	壬生(435)/壬申(57)/壬(33)/壬辰(18)/壬寅(14)/壬戌(7)/壬午(6)/壬子(3)/壬癸(2)/侑壬子(1)/壬二(1)/壬兵衛(1)/弘壬(1)/紹壬(1)
2429	亘	577	2.9541	99.435	亘理(260)/亘(136)/亘っ(86)/亘る(45)/亘り(34)/亘つ(4)/公亘(4)/亘名(3)/亘れ(1)/亘利(1)/亘子(1)/亘輝(1)/宗亘(1)
2430	斯	577	2.9541	99.436	斯(114)/斯う(69)/斯波(67)/斯く(62)/瓦斯(53)/斯様(41)/李斯(36)/斯界(16)/斯の(15)/波斯(12)/斯摩(11)/斯かる(10)/辰斯(9)/斯道(7)/斯多含(5)/浦塩斯徳(5)/斯る(4)/斯ク(4)/莫斯科(4)/斯痲(3)
2431	耶	577	2.9541	99.437	伽耶(206)/摩耶(57)/紗耶香(51)/美耶(27)/耶蘇(25)/香久耶(22)/沙耶(15)/伽耶舎多(14)/耶律(13)/耶馬(11)/耶麻(11)/麻耶(11)/有耶無耶(10)/梨耶子(10)/阿頼耶(10)/加耶(8)/弥耶(8)/咲耶(7)/高耶(6)/反耶(5)
2432	茸	574	2.9387	99.438	松茸(176)/椎茸(174)/茸(124)/舞茸(43)/鹿茸(9)/なめ茸(7)/ほうき茸(6)/毒茸(5)/鼻茸(5)/岩茸(4)/初茸(3)/袋茸(3)/茸採り(2)/茸狩り(2)/しめじ茸(1)/まい茸(1)/干茸(1)/箒茸(1)/紅茸(1)/茸山(1)
2433	疼	573	2.9336	99.439	疼痛(395)/疼き(62)/疼く(55)/疼い(54)/疼か(7)
2434	痒	573	2.9336	99.440	痒く(193)/痒い(124)/痒み(96)/痒(45)/痛痒(26)/掻痒(12)/瘙痒(10)/むず痒い(9)/痒かっ(8)/痒み止め(8)/むず痒く(7)/歯痒く(6)/搔痒(5)/歯痒(4)/歯痒い(4)/むず痒(3)/痒疹(3)/歯痒かっ(2)/痒し(2)/痛痒い(2)
2435	荻	573	2.9336	99.441	荻窪(170)/荻原(135)/荻(85)/荻野(82)/荻生(24)/西荻(19)/荻野目(10)/上荻(6)/荻田(5)/下荻野(4)/荻上(3)/荻斉(3)/荻秋(3)/浜荻(2)/荻江(2)/荻浜(2)/荻町(2)/蘆荻(2)/赤荻(2)/一荻(1)
2436	鮭	571	2.9234	99.442	鮭(419)/塩鮭(38)/生鮭(20)/鮭延(20)/焼き鮭(18)/紅鮭(12)/秋鮭(11)/鮭缶(6)/初鮭(5)/鮭児(3)/鮭川(3)/銀鮭(2)/鮭入り(2)/鮭鱒(2)/ベニ鮭(1)/滷鮭(1)/焼鮭(1)/牛鮭(1)/甘鮭(1)/鮭おにぎり(1)
2437	鳳	570	2.9183	99.443	鳳凰(151)/鳳(105)/大鳳(54)/白鳳(35)/鳳仙(32)/鳳来(20)/鳳林(15)/鳳閣(14)/瑞鳳(13)/鳳輦(12)/鳳至(10)/栖鳳(9)/き鳳(7)/鳳石(6)/龍鳳(6)/金鳳(5)/鳳雲(5)/鳳翔(4)/禅鳳(3)/鳳基(3)
2438	屍	569	2.9131	99.444	屍(202)/屍体(154)/検屍(37)/死屍(30)/屍鬼(29)/屍姫(25)/屍食鬼(18)/屍骸(17)/屍者(12)/屍肉(8)/屍衣(6)/食屍(6)/屍臭(5)/水屍(5)/屍首(4)/屍林(2)/屍蝋(2)/屍骨(2)/伏屍(1)/屍姦(1)
2439	倶	568	2.9080	99.445	倶楽部(444)/倶舎(33)/倶(25)/不倶(16)/倶利伽羅(13)/倶知安(13)/倶多楽(11)/兼倶(5)/倶盧(3)/倶会(2)/倶〓部(1)/摩倶羅(1)/果倶有(1)
2440	鞄	568	2.9080	99.446	鞄(547)/革鞄(7)/鞄持ち(4)/古鞄(2)/折り鞄(2)/鞄屋(2)/手鞄(1)/折れ鞄(1)/折鞄(1)/鞄店(1)
2441	瑠	567	2.9029	99.447	瑠璃(244)/浄瑠璃(172)/瑠衣(24)/瑠璃子(22)/把瑠都(17)/瑠美子(17)/瑠可(14)/瑠美(14)/瑠奈(9)/瑠(5)/瑠偉(5)/瑠花(5)/光瑠(2)/芽瑠璃(2)/婆瑠多(1)/琉瑠(1)/瑠依(1)/瑠唯(1)/瑠墓(1)/瑠宮(1)
2442	帖	566	2.8978	99.448	帖(351)/手帖(166)/画帖(24)/風信帖(4)/帖佐(3)/南帖(2)/喪乱帖(2)/折帖(2)/離洛帖(2)/三十帖策子(1)/二謝帖(1)/千金帖(1)/原帖(1)/名帖(1)/得示帖(1)/法帖(1)/秘帖(1)/筆帖(1)/草書臨王羲之帖軸(1)
2443	軀	566	2.8978	99.449	軀(372)/体軀(120)/短軀(17)/巨軀(12)/瘦軀(8)/軀体(8)/老軀(6)/軀つき(6)/痩軀(5)/軀幹(3)/長軀(3)/中軀(1)/後軀(1)/病軀(1)/矮軀(1)/軀触(1)/體軀(1)
2444	呻	564	2.8875	99.450	呻い(162)/呻き(127)/呻き声(126)/呻く(95)/呻吟(35)/呻(4)/呻っ(3)/呻か(2)/呻めき(2)/呻り(2)/呻る(2)/呻き苦しま(1)/呻き苦しん(1)/呻ら(1)/呻声(1)
2445	櫓	562	2.8773	99.450	櫓(428)/櫓門(31)/隅櫓(24)/渡櫓(15)/櫓台(11)/平櫓(6)/角櫓(6)/西櫓(5)/櫓下(4)/逆櫓(4)/櫓杭(3)/漆櫓(3)/続櫓(3)/菱櫓(3)/櫓ぐい(2)/櫓声(2)/櫓音(2)/腹櫓(2)/付櫓(1)/櫓押し(1)
2446	逗	561	2.8722	99.451	逗子(418)/逗留(112)/逗(19)/逗葉(12)
2447	蒔	560	2.8670	99.452	蒔絵(163)/蒔い(143)/蒔き(60)/蒔く(51)/蒔か(34)/種蒔き(33)/種蒔(11)/蒔け(8)/蒔(6)/蒔き直し(6)/蒔こう(5)/早蒔き(4)/荒蒔(4)/遅蒔き(3)/ばら蒔き(2)/春蒔き(2)/松蒔(2)/秋蒔き(2)/蒔きつめ(2)/蒔田(2)
2448	瑕	559	2.8619	99.453	瑕疵(526)/瑕(20)/瑕瑾(10)/瑕翳(3)
2449	璃	559	2.8619	99.454	瑠璃(244)/浄瑠璃(172)/璃星(44)/玻璃(41)/瑠璃子(22)/璃子(11)/琉璃(7)/璃宮(2)/璃樹(2)/璃歌(2)/璃津子(2)/芽瑠璃(2)/久璃也(1)/玻璃壜(1)/璃夢(1)/璃樹無(1)/璃球兒(1)/璃瑠(1)/璃首(1)/磨璃(1)
2450	絨	559	2.8619	99.455	絨毯(407)/絨毛(95)/絨緞(29)/天鵞絨(15)/紅絨(4)/絨氈(2)/縮絨(2)/天鷲絨(1)/絨(1)/絨たん(1)/絨綫(1)/製絨(1)
2451	翠	559	2.8619	99.456	翠(277)/翡翠(114)/翠蓮(32)/翠子(28)/晩翠(25)/長翠(21)/翠玉(5)/翠蘭(5)/芳翠(5)/翠色(4)/金翠(4)/積翠(3)/翠微(3)/翠軒(3)/南翠(2)/翠山(2)/翠川(2)/翠松(2)/翠烏(2)/翠薇(2)
2452	桟	558	2.8568	99.457	桟橋(352)/桟(78)/桟敷(78)/桟道(19)/桟敷席(8)/横桟(6)/桟俵(5)/つんぼ桟敷(3)/桟原(3)/桟豆(2)/唐桟(1)/桟敷ヶ岳(1)/桟留(1)/聾桟敷(1)
2453	藪	558	2.8568	99.458	藪(270)/竹藪(78)/藪の中(41)/藪池(25)/藪塚本(18)/大藪(16)/藪入り(11)/藪崎(10)/藪川(10)/藪蛇(10)/藪内(9)/藪下(6)/藪塚(6)/藪蚊(6)/藪田(5)/藪中(4)/藪蕎麦(4)/笹藪(3)/藪山(3)/藪睨み(3)
2454	謂	558	2.8568	99.459	所謂(269)/謂(67)/謂う(42)/謂ふ(41)/謂わ(32)/謂れ(27)/謂つ(18)/謂っ(17)/謂い(16)/謂ひ(7)/謂く(4)/謂は(4)/謂へ(4)/謂フ(3)/謂わゆる(2)/所謂る(1)/杠謂(1)/碎謂(1)/謂（いわ）れ(1)/象幽謂幺(1)
2455	嵯	557	2.8517	99.460	嵯峨(416)/嵯峨野(110)/咄嵯(13)/後嵯峨(10)/嵯(2)/嵯峨の屋(2)/嵯峨山(2)/古嵯(1)/嵯峨北堀町(1)
2456	凛	556	2.8466	99.461	凛子(184)/凛と(132)/凛(72)/凛太郎(52)/凛々しい(39)/凛々しく(16)/凛然(15)/凛々(11)/凛々し(11)/凛冽(4)/凛凛(4)/凛々しかっ(3)/凛洌(3)/凛音(3)/凛凛し(2)/凛風(2)/凛乎(1)/凛平(1)/凛烈(1)
2457	裳	556	2.8466	99.462	衣裳(408)/襟裳(50)/裳(32)/裳着(12)/丹裳小野(10)/裳階(8)/裳層(6)/裳瘡(4)/裳華(3)/裳裾(3)/下裳(2)/張裳(2)/裳抜け(2)/霓裳(2)/麻裳(2)/丹裳(1)/朱裳(1)/田裳見(1)/着裳(1)/裳帯(1)
2458	曳	555	2.8415	99.463	曳い(88)/曳き(83)/曳く(44)/曳航(35)/曳か(32)/曳山(26)/曳き綱(24)/曳(20)/底曳(19)/曳船(19)/曳光(16)/揺曳(15)/羽曳野(14)/曳網(11)/曳舟(10)/船曳(9)/地曳(7)/奉曳(5)/底曳き(5)/網曳き(5)
2459	嗣	554	2.8363	99.464	嗣子(87)/広嗣(38)/継嗣(36)/海嗣(27)/後嗣(22)/前嗣(20)/嗣(17)/博嗣(16)/嗣い(15)/世嗣(14)/嗣治(14)/嗣ぐ(12)/武嗣郎(12)/冬嗣(11)/皇嗣(10)/義嗣(10)/嗣人(8)/法嗣(8)/嗣永(7)/日嗣(7)
2460	摺	553	2.8312	99.465	手摺り(66)/摺り(50)/手摺(49)/摺鉢(45)/摺(42)/足摺(35)/引き摺っ(23)/引き摺り(20)/草摺(18)/摺動(16)/引き摺ら(13)/摺る(13)/摺っ(12)/摺り合わせ(9)/摺り足(9)/摺物(8)/引き摺る(6)/摺子(5)/摺曲(5)/文知摺(5)
2461	袴	553	2.8312	99.466	袴(345)/袴田(100)/袴姿(30)/長袴(8)/小袴(7)/藤袴(7)/白袴(6)/着袴(6)/袴腰(6)/袴着(5)/野袴(5)/下袴(4)/表袴(4)/括り袴(3)/袴下(3)/夏袴(2)/衣袴(2)/黒袴(2)/奴袴(1)/男袴(1)
2462	晒	552	2.8261	99.466	晒さ(195)/晒し(175)/晒す(67)/晒(42)/晒し者(11)/晒しもの(8)/洗い晒し(6)/晒せ(5)/店晒し(4)/晒し首(4)/野晒し(4)/晒け出し(3)/水晒し(3)/寒晒(2)/晒し場(2)/晒そう(2)/晒場(2)/晒首(2)/野晒(2)/吹き晒さ(1)
2463	燕	552	2.8261	99.467	燕(273)/燕青(55)/燕尾(39)/燕子(21)/燕児(20)/燕王(16)/燕京(15)/飛燕(12)/燕岳(11)/海燕(9)/白燕(9)/燕雲(8)/燕麦(8)/燕楽(6)/燕順(6)/燕々(5)/燕子花(5)/燕雀(4)/馬燕(4)/南燕(3)
2464	廟	551	2.8210	99.468	廟(327)/霊廟(59)/廟堂(38)/廟所(31)/宗廟(26)/神廟(15)/祖廟(10)/廟議(9)/聖廟(9)/孔子廟堂碑(5)/廟主(4)/墓廟(2)/廊廟(2)/廟墓(2)/石廟(2)/祀廟(2)/祠廟(2)/宮廟(1)/岱廟(1)/帝廟(1)
2465	拷	551	2.8210	99.469	拷問(550)/拷門(1)
2466	砦	551	2.8210	99.470	砦(415)/城砦(86)/隠し砦(16)/砦跡(11)/鹿砦(7)/山砦(5)/土砦(4)/要砦(3)/砦がわり(2)/砦造り(2)
2467	駈	551	2.8210	99.471	駈け(153)/駈けつけ(77)/駈込み(21)/駈けこん(16)/駈け寄っ(14)/駈ける(13)/駈け落ち(12)/駈け込ん(11)/駈け去っ(10)/駈け降り(10)/駈けぬけ(9)/駈けつける(7)/駈け上がっ(7)/駈け抜け(7)/駈(6)/駈け引き(6)/駈け抜ける(6)/駈足(6)/駈け上っ(5)/駈け下り(5)
2468	謳	549	2.8107	99.472	謳歌(169)/謳っ(134)/謳わ(117)/謳い(86)/謳う(35)/謳(3)/謳え(2)/謳凌(2)/謳は(1)
2469	刹	548	2.8056	99.473	刹那(382)/古刹(50)/名刹(43)/羅刹(38)/刹(15)/禅刹(10)/巨刹(5)/十刹(3)/梵刹(2)
2470	冶	547	2.8005	99.474	鍛冶(206)/鍛冶屋(101)/陶冶(62)/冶金(58)/刀鍛冶(26)/鍛冶町(19)/塩冶(10)/玄冶(9)/鍛冶場(9)/東冶(8)/鍛冶屋町(5)/艶冶(4)/冶(2)/冶方(2)/冶鉄(2)/冶長(2)/園冶(2)/大冶(2)/漢冶萍(2)/鉄冶(2)
2471	傲	544	2.7851	99.475	傲慢(424)/傲岸(44)/傲然(39)/傲り(13)/倨傲(10)/傲(3)/傲っ(3)/傲る(3)/驕傲(2)/傲れる(1)/傲語(1)/僭傲(1)
2472	峯	544	2.7851	99.476	峯(170)/峯太郎(71)/長峯(57)/大峯(31)/多武峯(24)/横峯(23)/金峯(23)/明峯(22)/峯吉(13)/白峯(10)/鷲峯(8)/峯木(6)/峯田(5)/峯雲(5)/田峯(5)/遠峯(5)/香峯子(5)/海峯(4)/蘇峯(4)/峯一(3)
2473	樫	544	2.7851	99.477	樫(157)/樫山(125)/富樫(69)/樫原(50)/冨樫(42)/赤樫(21)/樫村(13)/樫本(12)/白樫(10)/樫根(8)/千樫(7)/樫野(6)/樫材(5)/八重樫(4)/樫枝(4)/樫右衛門(2)/樫樽(2)/樫鳥(2)/大樫(1)/樫だる(1)
2474	攘	540	2.7647	99.478	攘夷(407)/尊攘(113)/撃攘(3)/攘(3)/攘外(3)/掃攘(2)/攘う(2)/攘災(2)/攘い(1)/攘ぐ(1)/攘ふ(1)/攘わ(1)/神攘い(1)
2475	藝	538	2.7544	99.478	文藝(324)/藝術(90)/藝(61)/民藝(15)/茶藝(14)/工藝(8)/学藝(6)/手藝(4)/演藝(3)/藝文(3)/藝者(3)/態藝(2)/邇邇藝(2)/歌藝(1)/藝州(1)/邇々藝(1)
2476	釧	538	2.7544	99.479	釧路(475)/釧網(22)/腕釧(8)/臂釧(7)/根釧(6)/釧(5)/釧美(5)/銅釧(4)/玉釧(2)/足釧(1)/釧之助(1)/釧本(1)/釧根(1)
2477	鷗	538	2.7544	99.480	鷗外(402)/紹鷗(87)/鷗(38)/白鷗(5)/鷗亭(2)/鷗菴(2)/鷗どり(1)/鷗渚(1)
2478	閃	537	2.7493	99.481	閃光(218)/閃い(82)/一閃(71)/閃き(54)/閃く(39)/閃(16)/閃か(15)/角閃(7)/閃めい(6)/閃めく(6)/閃緑(4)/閃めき(3)/閃輝(3)/剣閃(2)/閃々(2)/閃めかし(2)/二閃(1)/躱閃(1)/閃ら(1)/閃滅(1)
2479	昏	536	2.7442	99.482	黄昏(152)/昏睡(145)/昏れ(46)/昏倒(41)/昏い(33)/黄昏時(18)/昏迷(17)/昏々(15)/昏(14)/昏く(10)/昏き(6)/黄昏れ(6)/昏るる(5)/黄昏どき(5)/昏かっ(4)/伯昏瞀人(2)/昏沈(2)/黃昏(2)/微昏い(1)/昏し(1)
2480	輌	536	2.7442	99.483	車輌(481)/輌(55)
2481	鎧	536	2.7442	99.484	鎧(403)/鎧戸(33)/鎧兜(14)/鎧袖(12)/威鎧(11)/大鎧(10)/鎧櫃(9)/鎧直垂(9)/鎧姿(5)/革鎧(5)/鎧かぶと(4)/僧鎧(2)/皮鎧(2)/鎧っ(2)/鎧わ(2)/鎧通し(2)/馬鎧(2)/熊鎧(1)/鎧い(1)/鎧おう(1)
2482	葱	535	2.7391	99.485	葱(186)/玉葱(176)/浅葱(98)/白葱(12)/葱嶺(8)/青葱(8)/長葱(7)/分葱(6)/萌葱色(4)/白髪葱(3)/小葱(2)/海葱(2)/萌葱(2)/葱入り(2)/葱翠(2)/葱花(2)/きざみ葱(1)/刻み葱(1)/折れ葱(1)/晒し葱(1)
2483	飴	535	2.7391	99.486	飴(323)/水飴(48)/のど飴(33)/飴色(29)/飴屋(23)/飴玉(18)/ノド飴(15)/綿飴(9)/飴売り(9)/神飴(4)/黒飴(4)/喉飴(3)/米飴(3)/飴棒(3)/飴煮(3)/飴耳(3)/わた飴(1)/下り飴(1)/乳飴(1)/飴糸(1)
2484	鵜	534	2.7339	99.487	鵜呑み(159)/鵜(124)/鵜飼(67)/鵜殿(47)/鵜沼(26)/鵜ノ木(14)/鵜飼い(14)/鵜吞み(13)/鵜戸(9)/鵜匠(8)/鵜沢(7)/鵜木(5)/鵜葺草葺不合(5)/鵜野(5)/鵜川(4)/鵜狩(4)/海鵜(3)/鵜森(3)/鵜ノ子(2)/鵜山(2)
2485	裡	533	2.7288	99.488	裡(303)/脳裡(142)/庫裡(32)/禁裡(13)/場裡(12)/心裡(11)/胸裡(11)/這裡(4)/獄裡(3)/内裡(1)/雪裡(1)
2486	貪	533	2.7288	99.488	貪欲(234)/貪る(52)/貪食(42)/貪(40)/貪っ(40)/貪り(40)/貪婪(21)/貪り食っ(8)/慳貪(7)/貪慾(6)/貪ら(5)/突慳貪(4)/貪り食わ(4)/貪愛(4)/貪り合っ(3)/貪瞋(3)/貪り合う(2)/貪り食う(2)/貪れ(2)/貪ろう(2)
2487	錆	532	2.7237	99.489	錆び(201)/錆(144)/錆びつい(32)/防錆(21)/錆びる(20)/赤錆(13)/赤錆び(10)/錆つい(10)/鉄錆(9)/錆色(9)/錆残(8)/錆付い(7)/錆び付い(6)/錆び取り(4)/錆び止め(4)/錆止め(4)/錆つき(3)/錆びつき(3)/もらい錆(2)/錆びつか(2)
2488	襖	530	2.7135	99.490	襖(469)/襖絵(29)/素襖(5)/絵襖(5)/襖ごし(4)/襖越し(3)/襖ぎわ(2)/襖張り(2)/襖紙(2)/金襖(2)/戸襖(1)/槍襖(1)/白襖(1)/紙襖(1)/衲襖(1)/襖戸(1)/襖繪(1)
2489	堰	528	2.7032	99.491	堰(355)/堰堤(68)/大堰(40)/井堰(13)/堰き止め(13)/洗堰(8)/都江堰(7)/堰止め(6)/堰か(4)/堰き(2)/堰きとめ(2)/堰きとめる(1)/堰き止めよう(1)/堰き止める(1)/堰く(1)/堰け(1)/堰どめ(1)/堰体(1)/堰提(1)/板堰(1)
2490	禍	528	2.7032	99.492	禍(159)/禍根(60)/惨禍(48)/戦禍(46)/禍い(37)/禍福(36)/災禍(35)/黄禍(24)/禍々しい(23)/筆禍(15)/奇禍(11)/禍事(4)/罪禍(4)/舌禍(4)/輪禍(4)/禍々し(3)/禍々しく(3)/水禍(2)/禍害(2)/禍禍しい(2)
2491	脆	528	2.7032	99.493	脆弱(351)/脆い(70)/脆く(49)/脆(43)/脆化(9)/脆かっ(3)/涙脆い(1)/脆き(1)/脆けりゃ(1)
2492	賓	528	2.7032	99.494	来賓(122)/賓客(77)/主賓(72)/国賓(61)/迎賓(54)/貴賓(36)/賓館(23)/賓(18)/作賓(13)/哈爾賓(11)/賓日(5)/公賓(4)/築賓(4)/賓師(4)/駱賓(4)/劫賓那(3)/宜賓(3)/賓順愛(3)/正賓(2)/賓礼(2)
2493	魯	528	2.7032	99.495	魯(171)/魯迅(88)/魯粛(50)/張魯(44)/魯山人(26)/魯国(23)/魯達(21)/魯軍(16)/魯文(15)/魯兵(14)/魯庵(14)/魯都(11)/魯鈍(7)/烏魯木斉(6)/魯敏(6)/和魯(3)/抜都魯(3)/魯西亜(3)/吐魯(1)/吐魯蕃(1)
2494	掴	526	2.6930	99.496	掴ん(165)/掴む(92)/掴み(84)/掴め(47)/掴ま(28)/鷲掴み(18)/掴まっ(13)/掴める(12)/一掴み(10)/掴まさ(7)/掴もう(6)/掴まえ(5)/掴(4)/手掴み(3)/掴みかかっ(3)/鍋掴み(3)/掴まえる(2)/掴み取っ(2)/掴み取ら(2)/掴み取る(2)
2495	裟	525	2.6879	99.496	大袈裟(280)/袈裟(217)/魔裟斗(21)/裟婆(3)/裟羅(2)/頻婆裟羅(2)
2496	叉	524	2.6827	99.497	夜叉(181)/交叉(147)/三叉(75)/叉(51)/音叉(28)/叉焼(27)/叉手(3)/五叉溝(2)/刺叉(2)/夜叉森(2)/滝夜叉姫(2)/交叉る(1)/夜叉ヶ池(1)/眞叉夫(1)/薬叉(1)
2497	嫡	522	2.6725	99.498	嫡出(150)/嫡子(137)/嫡男(137)/嫡流(35)/嫡孫(15)/廃嫡(15)/正嫡(8)/嫡母(7)/嫡系(5)/嫡(3)/嫡庶(3)/家嫡(3)/嫡妻(1)/嫡室(1)/嫡長(1)/帰嫡(1)
2498	柑	522	2.6725	99.499	柑橘(326)/蜜柑(149)/柑子(25)/柑(11)/金柑(8)/勝柑(1)/夏柑(1)/晩柑(1)
2499	蜘	521	2.6674	99.500	蜘蛛(440)/土蜘蛛(24)/さがり蜘蛛(16)/紅蜘蛛(10)/土蜘(4)/蜘蛛手(4)/蜘蛛膜(4)/鬼蜘蛛(4)/蜘(3)/平蜘蛛(2)/花魁蜘蛛(2)/蜘蛛糸(2)/黒蜘蛛(2)/水蜘蛛(1)/蜘ヶ池(1)/蜘蛛絞り(1)/親蜘蛛(1)
2500	姪	520	2.6623	99.501	姪(402)/姪っ子(87)/甥姪(12)/姪孫(8)/姪浜(7)/又姪(1)/叔姪(1)/祭姪文稿(1)/義姪(1)
2501	鱗	520	2.6623	99.502	鱗(179)/片鱗(89)/鱗三(47)/逆鱗(46)/鱗片(34)/魚鱗(16)/鱗粉(12)/金鱗(11)/鱗屑(11)/鱗茎(11)/鱗状(9)/鱗翅(9)/平鱗(8)/鱗右(8)/鱗板(6)/鱗形(5)/銀鱗(4)/芽鱗(3)/硬鱗(2)/鱗柄(2)
2502	屑	519	2.6571	99.503	屑(140)/木屑(60)/紙屑(55)/藻屑(36)/屑籠(33)/屑屋(25)/おが屑(15)/星屑(15)/屑入れ(13)/岩屑(11)/鱗屑(11)/砕屑(9)/屑鉄(8)/屑箱(7)/大鋸屑(6)/糸屑(6)/落屑(6)/鉄屑(6)/ゴミ屑(5)/削り屑(5)
2503	捗	519	2.6571	99.503	進捗(473)/捗ら(18)/捗っ(7)/捗(6)/捗る(5)/捗々しい(3)/捗々しく(3)/捗り(3)/捗取ら(1)
2504	娼	518	2.6520	99.504	娼婦(310)/娼妓(65)/娼家(23)/男娼(19)/公娼(18)/私娼(18)/廃娼(17)/娼(10)/街娼(10)/娼館(8)/娼楼(6)/敵娼(4)/娼年(3)/聖娼(3)/芸娼(2)/娼ふ(1)/舟娼(1)
2505	蛛	516	2.6418	99.505	蜘蛛(440)/土蜘蛛(24)/さがり蜘蛛(16)/紅蜘蛛(10)/蜘蛛手(4)/蜘蛛膜(4)/鬼蜘蛛(4)/平蜘蛛(2)/花魁蜘蛛(2)/蛛(2)/蜘蛛糸(2)/黒蜘蛛(2)/水蜘蛛(1)/蛛網(1)/蜘蛛絞り(1)/親蜘蛛(1)
2506	鯛	515	2.6367	99.506	鯛(328)/鯛子(27)/真鯛(26)/鯛女(22)/鯛焼き(21)/甘鯛(19)/黒鯛(19)/小鯛(11)/鯛めし(8)/桜鯛(7)/石鯛(6)/鯛飯(5)/赤鯛(3)/鯛ごはん(3)/鯛介(2)/鯛浦(2)/あま鯛(1)/いぼ鯛(1)/焼き鯛(1)/的鯛(1)
2507	湘	514	2.6315	99.507	湘南(421)/湘(38)/湘子(19)/瀟湘(10)/湘軍(9)/湘鄂西(8)/西湘(4)/湘贛(2)/湘吉(1)/湘鄂贛(1)/炳湘(1)
2508	糾	514	2.6315	99.508	糾弾(261)/紛糾(122)/糾合(49)/糾問(23)/糾明(20)/糾(16)/糾え(5)/糾し(5)/糾す(5)/糾さ(3)/糾せ(2)/糾そう(1)/糾察(1)/糾結(1)
2509	湊	513	2.6264	99.509	湊(316)/湊川(54)/湊町(30)/大湊(27)/那珂湊(26)/小湊(20)/新湊(9)/堺湊(6)/湊浜(5)/川湊(3)/湊人(3)/輻湊(3)/今湊(2)/湊口(2)/雄湊(2)/唐湊(1)/天津小湊(1)/湊づくり(1)/湊崎(1)/神湊(1)
2510	錐	511	2.6162	99.510	円錐(227)/錐(108)/錐体(80)/角錐(38)/立錐(20)/錐画沙(8)/試錐(6)/崖錐(5)/錐揉み(5)/錐玉(4)/囊中之錐(3)/錐彫り(3)/錐もみ(2)/紡錐(1)/錐面(1)
2511	麟	511	2.6162	99.510	麟太郎(105)/麒麟(103)/麟之助(94)/宗麟(79)/麟椿(29)/麟蔵(16)/麟(15)/馬麟(13)/飛麟(11)/未麟(10)/麟誠(5)/麟趾(4)/麟三(3)/采麟(2)/麟作(2)/麟徳(2)/麟慶(2)/麟祥(2)/麟閣(2)/公麟(1)
2512	庸	510	2.6111	99.511	中庸(109)/凡庸(109)/庸(65)/庸助(62)/庸介(58)/江庸(25)/庸子(19)/庸一(8)/通庸(7)/庸三(6)/登庸(6)/惟庸(5)/武庸(4)/調庸(4)/庸夫(3)/居庸(2)/庸俗(2)/庸郎(2)/浩庸(2)/光庸(1)
2513	茅	510	2.6111	99.512	茅ヶ崎(86)/茅(79)/茅葺き(77)/茅野(63)/茅葺(37)/茅場町(23)/浅茅(22)/茅の輪(20)/茅原(17)/茅屋(11)/茅山(8)/茅ぶき(7)/茅ケ崎(6)/茅台(5)/茅沼(5)/茅萱(5)/白茅(4)/茅町(4)/茅舎(4)/茅花(4)
2514	箋	509	2.6059	99.513	箋(251)/便箋(172)/付箋(51)/用箋(10)/附箋(6)/題箋(6)/徐箋(4)/願箋(4)/画箋(1)/私箋(1)/符箋(1)/箋正(1)/素箋鳴(1)
2515	粕	509	2.6059	99.514	甘粕(131)/粕谷(87)/粕造(68)/酒粕(47)/粕(44)/粕屋(25)/油粕(24)/粕川(23)/粕漬け(21)/豆粕(10)/粕汁(8)/粕漬(7)/糟粕(5)/粕毛(4)/絞り粕(2)/シメ粕(1)/搾粕(1)/片粕町(1)
2516	訝	506	2.5906	99.515	怪訝(293)/訝し(81)/訝っ(31)/訝る(19)/訝り(16)/訝しい(13)/訝しく(13)/訝かっ(8)/訝しむ(6)/訝しん(6)/訝しみ(5)/怪訝しい(3)/訝ら(3)/訝しま(2)/怪訝しく(1)/怪訝しな(1)/訝かし(1)/訝かしかっ(1)/訝から(1)/訝しかっ(1)
2517	膣	505	2.5855	99.516	膣(303)/膣内(53)/膣口(47)/膣炎(36)/経膣(16)/膣外(15)/膣錠(8)/膣壁(7)/膣道(5)/膣襞(4)/膣ヒダ(2)/膣剤(2)/膣奥(2)/膣穴(2)/膣肉(2)/女膣(1)
2518	蔽	505	2.5855	99.516	隠蔽(238)/遮蔽(124)/蔽わ(28)/掩蔽(19)/蔽い(16)/蔽う(16)/蔽っ(12)/蔽(10)/蔽ふ(8)/建蔽(6)/蔽ひ(6)/蔽いかぶさっ(3)/蔽い隠し(2)/蔽つ(2)/蔽は(2)/壅蔽(1)/押蔽さる(1)/押蔽せる(1)/擁蔽(1)/翼蔽(1)
2519	樺	504	2.5803	99.517	樺太(184)/白樺(175)/樺(74)/樺山(24)/樺戸(15)/樺色(8)/樺島(5)/岳樺(4)/樺沢(4)/樺恋(3)/樺崎(2)/樺焼(2)/大樺(1)/帰樺(1)/樺の木(1)/樺桜(1)
2520	粟	504	2.5803	99.518	粟(154)/粟津(49)/粟田(42)/粟國(41)/罌粟(36)/粟野(23)/粟生(22)/粟粒(17)/粟立つ(13)/宍粟(12)/もち粟(11)/粟国(10)/粟立っ(9)/粟島(7)/粟玉(6)/粟ヶ崎(5)/粟屋(5)/粟麩(5)/粟原(4)/粟立ち(4)
2521	迂	504	2.5803	99.519	迂回(337)/迂闊(118)/迂遠(16)/迂濶(7)/迂路(7)/迂廻(5)/迂(4)/迂言(3)/迂愚(2)/路迂(1)/迂ねっ(1)/迂余(1)/迂斎(1)/迂曲(1)
2522	袈	503	2.5752	99.520	大袈裟(280)/袈裟(217)/舟袈(6)
2523	凧	502	2.5701	99.521	凧(311)/大凧(48)/凧揚げ(44)/凧糸(22)/角凧(18)/鳶凧(18)/凧上げ(13)/凧づくり(7)/連凧(6)/絵凧(5)/凧作り(4)/奴凧(4)/和凧(1)/懸り凧(1)
2524	芥	502	2.5701	99.521	芥川(362)/芥子(58)/塵芥(31)/芥(28)/和芥子(4)/厨芥(3)/芥兀(3)/じん芥(2)/白芥子(2)/洋芥子(1)/溶き芥子(1)/芥子和え(1)/芥子沢(1)/芥子色(1)/芥溜(1)/芥種(1)/芥舟(1)/雛芥子(1)
2525	鮫	501	2.5650	99.522	鮫島(300)/鮫(146)/鮫肌(13)/鮫皮(10)/鮫山(8)/鮫洲(6)/鮫ヶ尾(4)/鮫瀬(4)/大鮫(3)/鮫川(2)/鮫鞘(2)/白鮫(1)/鮫竜(1)/鮫膚(1)
2526	葡	498	2.5496	99.523	葡萄(451)/日葡(15)/葡有(13)/葡萄色(7)/葡(6)/葡萄染(2)/蘿葡(2)/牙主葡呂(1)/葡萄茶(1)
2527	杭	497	2.5445	99.524	杭(312)/杭州(94)/棒杭(22)/杭瀬(10)/乱杭(9)/橋杭(8)/杭打ち(7)/杭全(5)/杭瀬下(5)/木杭(4)/打ち杭(3)/櫓杭(3)/分杭(2)/杭柵(2)/松杭(2)/立杭(2)/幅杭(1)/杭垣(1)/標杭(1)/畔杭瀬(1)
2528	楚	495	2.5343	99.525	清楚(172)/楚(138)/楚歌(41)/楚々(30)/楚人冠(24)/楚瑜(17)/楚軍(13)/楚材(11)/楚王(9)/楚姫(8)/楚辺(4)/子楚(3)/楚人(3)/四面楚歌(2)/尼布楚(2)/楚帛書(2)/楚楚(2)/翹楚(2)/荊楚(2)/西楚(2)
2529	葦	494	2.5292	99.526	葦(251)/葦原(57)/葦毛(25)/葦作り(23)/葦名(22)/葦平(17)/葦沢(13)/葦田(11)/一葦(8)/葦簀(8)/葦簾(8)/枯葦(5)/葦屋(5)/枯れ葦(4)/葦北(4)/葦手(4)/葦笛(4)/葦舟(4)/葦垣(3)/火葦北(2)
2530	俸	493	2.5240	99.527	年俸(217)/俸給(171)/号俸(28)/俸禄(25)/減俸(21)/本俸(13)/月俸(12)/俸(3)/加俸(2)/増俸(1)
2531	掻	493	2.5240	99.527	掻い(52)/掻き(32)/掻く(31)/引っ掻き(22)/掻き立て(19)/耳掻き(19)/掻き分け(16)/掻き揚げ(12)/掻き混ぜ(12)/掻痒(12)/代掻き(10)/引っ掻い(10)/引っ掻く(10)/掻か(9)/掻き出す(9)/掻き回し(9)/掻き回さ(8)/掻き回す(8)/掻き立てる(8)/足掻き(8)
2532	槌	492	2.5189	99.528	相槌(186)/槌(68)/小槌(43)/鉄槌(36)/金槌(33)/木槌(31)/槌谷(15)/大槌(13)/合槌(11)/槌音(11)/槌田(10)/槌子(9)/武甕槌(6)/横槌(4)/武葉槌(3)/石槌(3)/合い槌(2)/建葉槌(2)/卯槌(1)/向こう槌(1)
2533	罹	492	2.5189	99.529	罹患(190)/罹っ(94)/罹災(81)/罹り(46)/罹病(33)/罹る(30)/罹ら(10)/罹つ(3)/罹(2)/罹かる(1)/罹れ(1)/罹者(1)
2534	楯	491	2.5138	99.530	楯(294)/後ろ楯(40)/楯夫(26)/後楯(23)/楯突く(12)/楯築(12)/楯陣(8)/大楯(7)/楯つく(7)/佩楯(6)/円楯(6)/真楯(5)/うしろ楯(4)/小文地楯(4)/楯突い(4)/脇楯(4)/弾丸楯(3)/楯岡(3)/楯無(3)/鉄楯(3)
2535	憾	489	2.5036	99.531	遺憾(471)/憾み(10)/震憾(4)/憾(2)/憾む(2)
2536	巴	488	2.4984	99.531	巴(197)/巴里(85)/三つ巴(35)/巴川(19)/巴志(18)/啞巴(12)/紹巴(11)/巴形(9)/巴戦(9)/淋巴(9)/巴湖(8)/巴里坤(7)/欧羅巴(6)/八思巴(4)/巴投げ(4)/巴西(4)/三巴(3)/巴旦(3)/巴旦杏(3)/巴知羅(3)
2537	燭	488	2.4984	99.532	蠟燭(214)/燭台(121)/蝋燭(48)/手燭(28)/燭(25)/華燭(23)/紙燭(13)/燭光(6)/銀燭(2)/孤燭(1)/掛燭(1)/燭影(1)/秉燭(1)/聖燭(1)/脂燭(1)/臘燭(1)/花燭(1)
2538	丞	485	2.4831	99.533	丞相(76)/丞(56)/奥之丞(55)/主丞(35)/孫之丞(33)/銀之丞(33)/弦之丞(18)/吉之丞(16)/銕之丞(16)/三之丞(14)/雪之丞(12)/七之丞(10)/郡丞(9)/角之丞(8)/半之丞(7)/大丞(7)/作之丞(5)/源之丞(5)/伝之丞(4)/健丞(4)
2539	卯	484	2.4779	99.534	卯(115)/卯之吉(62)/卯平(48)/卯年(42)/卯兵衛(27)/卯之町(21)/癸卯(21)/卯月(18)/丁卯(16)/卯之助(14)/なか卯(13)/卯の花(13)/卯女(11)/己卯(11)/辛卯(8)/卯吉(6)/卯原内(5)/卯辰(5)/乙卯(4)/卯太郎(4)
2540	簾	484	2.4779	99.535	暖簾(240)/簾(113)/御簾(76)/簾中(13)/葦簾(8)/玉簾(7)/簾越し(7)/簾戸(5)/巻き簾(4)/製簾(3)/下簾(1)/垂簾(1)/小簾(1)/水簾(1)/翠簾(1)/鋤簾(1)/青簾(1)/馬簾(1)
2541	壕	482	2.4677	99.536	壕(360)/塹壕(75)/環壕(29)/石壕(7)/周壕(4)/空壕(3)/壕舎(2)/岩壕(2)
2542	揆	482	2.4677	99.536	一揆(466)/揆(8)/揆一(8)
2543	斥	482	2.4677	99.537	排斥(254)/斥候(67)/斥け(47)/除斥(44)/斥力(26)/気斥(13)/斥ける(11)/斥(7)/斥和(3)/斥ぞけ(2)/掃斥(1)/擯斥(1)/斥墳(1)/斥覇(1)/斥言(1)/斥邪(1)/斥除(1)/斥鷃(1)
2544	焉	482	2.4677	99.538	終焉(415)/焉(24)/劉焉(18)/焉耆(12)/焉馬(7)/焉支(3)/忽焉(2)/寓焉(1)
2545	啄	479	2.4524	99.539	啄木(431)/啐啄(14)/啄ん(9)/啄(7)/啄木鳥(6)/啄む(5)/啄か(1)/啄き(1)/啄ばめ(1)/啄ま(1)/啄み漁る(1)/啄本(1)/雀啄(1)
2546	茫	479	2.4524	99.540	茫然(336)/茫々(45)/茫漠(34)/茫洋(27)/茫(17)/茫乎(6)/茫蠡(6)/渺茫(3)/蒼茫(3)/茫茫(2)
2547	囊	478	2.4472	99.540	胆囊(114)/囊(69)/囊胞(61)/心囊(30)/背囊(29)/陰囊(27)/氷囊(21)/雑囊(19)/囊腫(17)/土囊(16)/精囊(13)/浮囊(9)/囊子(8)/壒囊(8)/砂囊(8)/囊中(7)/涙囊(7)/錦囊(4)/囊中之錐(3)/子囊(3)
2548	緻	477	2.4421	99.541	緻密(285)/精緻(158)/巧緻(25)/細緻(6)/緻(2)/縹緻(1)
2549	檜	475	2.4319	99.542	檜(203)/檜山(82)/檜原(19)/檜曽(19)/檜枝岐(18)/檜木(14)/総檜(13)/檜皮葺(11)/檜笠(10)/檜垣(9)/檜扇(7)/檜造り(6)/湯檜曾(6)/檜林(5)/檜皮色(5)/檜隈(5)/小檜山(4)/檜尾(4)/檜材(4)/檜物町(4)
2550	淑	474	2.4268	99.543	淑子(121)/淑女(109)/貞淑(40)/文淑(31)/淑人(28)/淑姫(25)/私淑(19)/淑(18)/淑徳(14)/淑やか(12)/淑恵(8)/淑夫(7)/正淑(5)/淑貞(5)/淑啓(4)/敬淑(3)/淑玲(3)/因淑(2)/淑景(2)/淑来(2)
2551	檀	473	2.4216	99.544	檀家(167)/檀(58)/檀那(39)/黒檀(39)/白檀(36)/栴檀(34)/紫檀(27)/寺檀(9)/檀林(9)/檀渓(8)/檀紙(7)/檀君(6)/檀徒(6)/檀弓(4)/檀王(4)/檀越(4)/檀香(4)/檀方(3)/阿檀(3)/師檀(2)
2552	曝	472	2.4165	99.544	被曝(183)/曝露(108)/曝さ(81)/曝し(40)/曝す(16)/曝け出し(8)/曝気(4)/曝(3)/曝け出さ(3)/曝け出す(3)/曝布(3)/吹き曝し(2)/曝れ木(2)/曝涼(2)/恥曝し(1)/曝か(1)/曝く(1)/曝けださ(1)/曝けだし(1)/曝けだす(1)
2553	諜	471	2.4114	99.545	諜報(381)/間諜(39)/諜者(25)/防諜(12)/諜候(6)/諜(5)/諜し(2)/諜する(1)
2554	惟	469	2.4011	99.546	思惟(203)/惟(58)/惟朔(48)/惟神(15)/惟喬(12)/経惟(12)/惟仁(10)/惟光(7)/惟任(6)/惟政(6)/惟基(5)/惟寿(5)/惟幾(5)/惟庸(5)/惟茂(5)/惟謙(5)/惟足(5)/惟う(4)/惟住(4)/惟宗(4)
2555	妾	468	2.3960	99.547	妾(317)/愛妾(45)/妻妾(33)/妾宅(27)/妾腹(25)/妾子(6)/男妾(4)/側妾(3)/寵妾(2)/侍妾(1)/妾女(1)/嬖妾(1)/廃妾(1)/洋妾(1)/賤妾(1)
2556	娩	467	2.3909	99.548	分娩(428)/娩出(35)/遂娩(3)/娩(1)
2557	蕾	466	2.3858	99.548	蕾(419)/味蕾(20)/花蕾(7)/蕾み(4)/着蕾(3)/蓮蕾(3)/蕾莟(3)/摘蕾(2)/熙蕾(1)/発蕾(1)/蕾む(1)/蕾ん(1)/蕾姫(1)
2558	煉	464	2.3756	99.549	煉瓦(370)/煉(36)/煉獄(26)/煉り(14)/煉夢(3)/固煉(2)/洗煉(2)/煉丹(2)/試煉(2)/修煉(1)/煉っ(1)/煉り合わせ(1)/煉る(1)/煉乳(1)/煉炭(1)/精煉(1)
2559	萬	464	2.3756	99.550	萬(225)/萬葉(35)/萬田(29)/萬皇(24)/加藤萬(22)/萬福(18)/萬斎(11)/萬屋(9)/萬世(8)/萬春(8)/萬年(6)/安萬侶(5)/萬坊(5)/萬雄(5)/萬代(4)/萬吉(4)/萬里(4)/宗萬(3)/萬事(3)/萬人(3)
2560	槻	463	2.3704	99.551	大槻(201)/高槻(102)/若槻(66)/岩槻(41)/槻(37)/槻木(4)/槻本(4)/斎槻(2)/雄槻(2)/雌槻(2)/大槻原(1)/知槻(1)
2561	咎	462	2.3653	99.552	咎め(217)/咎める(103)/咎(51)/見咎め(34)/崇咎(14)/聞き咎め(12)/咎めだて(10)/咎め立て(9)/咎人(5)/咎めよう(2)/咎むる(1)/怪しみ咎める(1)/聞咎め(1)/見咎める(1)/集咎𣪘(1)
2562	遽	462	2.3653	99.552	急遽(439)/遽(12)/遽か(4)/遽だしく(2)/遽然(2)/遽し(1)/遽しい(1)/遽しく(1)
2563	萄	461	2.3602	99.553	葡萄(451)/葡萄色(7)/葡萄染(2)/葡萄茶(1)
2564	扁	459	2.3500	99.554	扁桃(185)/扁平(184)/水扁(39)/扁額(25)/扁(12)/扁形(6)/扁鵲(3)/扁壺(2)/扁豆(1)/燜扁(1)/豸扁(1)
2565	吞	456	2.3346	99.555	吞ん(101)/吞み(47)/吞む(47)/吞ま(28)/吞み込ん(28)/吞みこん(27)/吞気(26)/吞み込ま(16)/吞み込む(13)/鵜吞み(13)/剣吞(11)/吞み込め(9)/湯吞み(9)/吞み込み(8)/吞め(7)/魔吞(7)/吞(6)/併吞(5)/吞みこめ(5)/吞みこむ(4)
2566	鄭	456	2.3346	99.555	鄭(278)/鄭重(40)/鄭倫(35)/鄭両(22)/南鄭(11)/鄭和(10)/鄭君(8)/鄭州(8)/鄭玄(8)/鄭招(4)/鄭奎(3)/鄭周(2)/鄭国(2)/鄭年(2)/鄭栢(2)/鄭樵(2)/鄭注(2)/鄭泰(2)/鄭生(2)/鄭羲下碑(2)
2567	爾	455	2.3295	99.556	莞爾(80)/爾(73)/爾来(56)/爾後(45)/征爾(44)/法爾(15)/海爾(14)/俱爾(13)/哈爾賓(11)/爾雅(9)/秀爾(7)/寛爾(5)/卒爾(4)/卓爾(4)/哈爾濱(4)/斉々哈爾(4)/爾余(4)/賢爾(4)/哈爾浜(3)/察哈爾(3)
2568	稜	455	2.3295	99.557	稜線(222)/稜(62)/五稜(61)/山稜(30)/主稜(20)/岩稜(15)/稜威(10)/星稜(9)/稜子(7)/三稜(6)/稜植(3)/金稜(3)/稜駿(2)/北稜(1)/小稜(1)/稜々(1)/雪稜(1)/頂稜(1)
2569	踪	455	2.3295	99.558	失踪(450)/踪跡(3)/踪(2)
2570	箕	451	2.3090	99.558	箕面(225)/南箕輪(62)/箕輪(46)/箕(40)/唐箕(14)/箕浦(12)/箕作(11)/箕助(9)/箕島(6)/箕内(5)/箕直し(5)/箕田(3)/箕郷(3)/一箕(2)/箕子(2)/箕山(2)/筲箕(1)/箕萱(1)/箕谷(1)/紫箕(1)
2571	糊	450	2.3039	99.559	糊(262)/血糊(36)/模糊(32)/糊塗(31)/糊口(20)/糊づけ(18)/糊付け(16)/糊化(9)/糊料(6)/糊代(4)/糊空木(3)/ヒメ糊(2)/糊剤(2)/糊引(2)/糊抜き(2)/撚糊(1)/栗糊(1)/渋糊(1)/糊売(1)/糊皮(1)
2572	榊	449	2.2988	99.560	榊(230)/榊原(206)/榊田(4)/榊山(3)/山榊(2)/榊屋(2)/榊木(1)/榊葉(1)
2573	葺	449	2.2988	99.561	葺き(80)/茅葺き(77)/茅葺(37)/葺い(25)/草葺き(22)/葺(22)/藁葺き(18)/瓦葺(17)/葺く(15)/葺石(13)/板葺き(12)/葺合(12)/檜皮葺(11)/葺か(10)/鵜葺草葺不合(10)/草葺(9)/板葺(8)/藁葺(7)/屋根葺き(6)/瓦葺き(6)
2574	嚇	448	2.2936	99.561	威嚇(417)/嚇と(6)/嚇し(4)/嚇かし(3)/嚇猴(3)/嚇かさ(2)/嚇す(2)/嚇機(2)/恐嚇(2)/武嚇(2)/嚇々(1)/嚇かす(1)/嚇さ(1)/嚇せ(1)/嚇そう(1)
2575	騨	448	2.2936	99.562	飛騨(448)
2576	殷	445	2.2783	99.563	殷(286)/殷代(36)/殷雷(30)/殷軍(21)/殷墟(16)/殷賑(14)/殷浩(12)/殷殷(8)/殷々(6)/殷鑑(4)/殷都(3)/殷容(2)/殷弘(2)/殷盛(2)/偉殷(1)/克殷(1)/殷武(1)
2577	礫	444	2.2732	99.564	瓦礫(203)/礫(95)/砂礫(69)/礫層(13)/礫岩(12)/礫間(9)/飛礫(8)/礫地(6)/礫川(5)/角礫(5)/礫浜(4)/石飛礫(3)/礫原(3)/礫漠(3)/礫石(3)/巨礫(1)/石礫(1)/紙礫(1)
2578	蚕	443	2.2680	99.564	養蚕(154)/蚕(151)/蚕糸(30)/蚕豆(14)/蚕室(12)/蚕食(12)/天蚕(8)/蚕棚(8)/蚕業(8)/春蚕(7)/蚕種(6)/稚蚕(5)/天蚕糸(4)/金蚕(4)/農蚕(3)/夏蚕(2)/病蚕(2)/蚕桑(2)/透蚕(2)/野蚕(2)
2579	咬	442	2.2629	99.565	咬合(195)/咬ま(51)/咬み(42)/咬ん(22)/咬みつき(19)/咬む(19)/咬筋(12)/咬傷(10)/咬みつい(8)/咬金(7)/咬(6)/咬み殺す(6)/咬頭(6)/咬みつく(5)/咬みつか(4)/刺咬(3)/咬み殺さ(3)/咬耗(3)/咬まさ(2)/咬み合わせ(2)
2580	艸	442	2.2629	99.566	艸(363)/（　＊´艸｀）(42)/（＊´艸｀＊）(30)/若艸(3)/丈艸(1)/唐艸(1)/艸墓(1)/艸紙(1)
2581	叛	439	2.2476	99.567	叛乱(174)/謀叛(110)/叛逆(40)/叛旗(26)/叛(22)/叛徒(14)/叛い(13)/叛き(8)/叛か(7)/叛意(7)/叛く(5)/叛臣(3)/離叛(3)/叛け(2)/叛服(1)/叛賊(1)/叛軍(1)/叛骨(1)/背叛(1)
2582	毀	439	2.2476	99.567	毀損(257)/毀釈(44)/毀れ(26)/毀誉(19)/打毀(13)/毀し(12)/毀棄(10)/破毀(9)/毀す(7)/毀(6)/打ち毀し(3)/毀た(3)/毀ち(3)/毀折(3)/毀滅(3)/打ち毀す(2)/毀せ(2)/毀壊(2)/毀謗(2)/逃毀(2)
2583	瘤	439	2.2476	99.568	瘤(304)/腫瘤(107)/力瘤(10)/粉瘤(9)/瘤木(2)/虫瘤(2)/骨瘤(2)/木瘤(1)/根瘤(1)/瘤々(1)
2584	遜	439	2.2476	99.569	謙遜(169)/不遜(119)/遜色(118)/陸遜(20)/遜(5)/遜り(3)/遜っ(1)/遜る(1)/遜之(1)/遜位(1)/遜譲(1)
2585	楕	437	2.2373	99.570	楕円(434)/楕形(1)/楕球(1)/楕量(1)
2586	晦	436	2.2322	99.570	大晦日(328)/晦日(35)/韜晦(21)/晦(14)/晦まし(14)/晦渋(13)/晦ます(4)/大晦(2)/晦く(1)/晦し(1)/晦まさ(1)/晦匿(1)/養晦(1)
2587	肴	435	2.2271	99.571	肴(308)/酒肴(92)/肴屋(7)/肴町(7)/佳肴(5)/強肴(4)/肴飯(3)/魚肴(2)/取り肴(1)/取肴(1)/御菜肴(1)/煮肴(1)/肴がわり(1)/肴場(1)/菜肴(1)
2588	栖	434	2.2220	99.572	鳥栖(106)/栗栖(48)/栖本(44)/栖(38)/有栖川宮(31)/有栖川(28)/来栖(27)/本栖(26)/三栖(13)/鷹栖(13)/有栖(9)/栖鳳(9)/神栖(6)/小栗栖(5)/隠栖(5)/安栖里(3)/深栖(3)/国栖紙(2)/来栖川(2)/栖み(2)
2589	櫛	433	2.2168	99.573	櫛(204)/櫛形(59)/櫛田(56)/櫛谷(29)/櫛引(13)/横櫛(10)/小櫛(7)/櫛比(7)/手櫛(6)/櫛笥(6)/平櫛(5)/竪櫛(4)/櫛目(3)/櫛匣(2)/つげ櫛(1)/木櫛(1)/東櫛原(1)/梳き櫛(1)/櫛かんざし(1)/櫛ヶ峰(1)
2590	佇	430	2.2015	99.573	佇ん(172)/佇まい(90)/佇む(83)/佇み(23)/佇つ(20)/佇ち(15)/佇立(15)/佇て(4)/佇っ(3)/佇い(2)/佇め(2)/佇(1)
2591	孟	429	2.1964	99.574	孟子(141)/孟(59)/孟宗(42)/孟孫(39)/孟紀(27)/孟起(20)/孟司(16)/孔孟(9)/孟康(9)/孟州(8)/孟坦(7)/孟君(6)/孟徳(6)/孟冬(5)/孟母(5)/孟恒(4)/孟蘭盆(3)/孟頫(3)/孟卓(2)/孟獲(2)
2592	朔	429	2.1964	99.575	朔(107)/朔日(96)/朔太郎(73)/惟朔(48)/朔夜(44)/八朔(30)/朔弥(5)/朔祭(4)/朔風(4)/朔望(3)/朔蓬(3)/朔北(2)/朔子(2)/玄朔(2)/光朔(1)/度朔(1)/朔平(1)/東方朔画賛(1)/東朔(1)/龍朔(1)
2593	麿	428	2.1912	99.576	歌麿(74)/麿(71)/文麿(45)/仲麿(37)/清麿(33)/庚麿(24)/秀麿(19)/人麿(16)/善麿(12)/内麿(10)/葵麿(9)/英麿(8)/高麿(8)/稔麿(7)/元麿(6)/田村麿(4)/克麿(3)/康麿(3)/直麿(3)/彦麿(2)
2594	蟬	427	2.1861	99.576	蟬(231)/空蟬(93)/貂蟬(19)/蟬しぐれ(12)/蟬子(12)/啞蟬坊(8)/油蟬(8)/蟬時雨(8)/寒蟬(6)/夕蟬(5)/蟬吟(5)/蟬塚(4)/蟬玉(4)/松蟬(3)/虚蟬笛(3)/蟬声(2)/狂蟬(1)/蟬とり(1)/蟬取り(1)/蟬蛻(1)
2595	叢	426	2.1810	99.577	叢書(141)/叢(140)/論叢(30)/叢林(23)/草叢(20)/叢生(15)/叢雲(14)/社叢(8)/叢中(7)/菌叢(7)/葉叢(6)/樹叢(4)/叢文(2)/叢誌(2)/孔叢子(2)/肉叢(2)/叢祠(1)/木叢(1)/竹叢(1)
2596	套	426	2.1810	99.578	外套(263)/常套(151)/手套(4)/旧套(3)/河套(2)/套(1)/套言(1)/宗套(1)
2597	螺	426	2.1810	99.578	螺旋(221)/螺鈿(68)/法螺(52)/螺子(23)/螺(14)/栄螺(12)/螺髪(11)/田螺(7)/螺王(6)/螺貝(6)/鋲螺(3)/細螺(1)/螺良(1)/辛螺(1)
2598	峙	424	2.1708	99.579	対峙(416)/峙つ(3)/大峙(2)/峙ち(1)/峻峙り(1)/聳峙(1)
2599	斧	424	2.1708	99.580	斧(304)/手斧(37)/石斧(31)/鉄斧(11)/斧頭(9)/戦斧(4)/斧作り(4)/斧吉(4)/斧鉞(4)/斧足(3)/板斧(3)/斧太郎(2)/斧正(2)/白焰斧(2)/斧三郎(1)/木斧(1)/氷斧(1)/釿斧(1)
2600	鹸	422	2.1605	99.581	石鹸(418)/鹸化(4)
2601	狸	421	2.1554	99.581	狸(301)/狐狸(21)/狸穴(15)/狸奴(13)/古狸(12)/狸小路(11)/狸毛(9)/馬狸(6)/子狸(3)/狸ばやし(3)/狸囃子(3)/豆狸(3)/大狸(2)/水狸(2)/海狸(2)/狸塚(2)/狸親父(2)/狸顔(2)/化狸(1)/家狸(1)
2602	酪	421	2.1554	99.582	酪農(347)/酪酸(24)/乾酪(22)/酪(14)/製酪(6)/新酪(3)/乳酪(2)/牛酪(2)/蘇酪(1)
2603	伍	420	2.1503	99.583	伍長(130)/伍(89)/落伍(59)/伍し(45)/隊伍(30)/岩伍(19)/伍代(9)/伍する(8)/啓伍(7)/新伍(5)/東伍(5)/伍一(4)/伍々(2)/敬伍(2)/胡伍浪(2)/伍す(1)/伍宮(1)/伍郎(1)/圭伍(1)
2604	彙	420	2.1503	99.583	語彙(381)/名彙(12)/図彙(11)/彙(6)/辞彙(3)/彙報(2)/彙編(2)/彙纂(2)/事彙(1)
2605	凱	419	2.1452	99.584	凱旋(249)/世凱(93)/凱歌(32)/凱(12)/凱里(10)/凱之(6)/凱陣(3)/天凱(3)/凱萊(2)/凱風(2)/興凱(2)/凱切(1)/凱夫(1)/文凱(1)/李凱(1)/紀凱(1)
2606	膵	419	2.1452	99.585	膵臓(160)/膵(87)/膵炎(61)/膵管(41)/膵癌(20)/膵液(16)/膵頭(13)/膵内(7)/膵石(5)/膵がん(3)/膵体(3)/膵島(3)
2607	蛙	419	2.1452	99.585	蛙(337)/青蛙(19)/雨蛙(11)/蛙チョコ(10)/蛙男(9)/蝦蟇蛙(4)/遠蛙(4)/ひき蛙(3)/井蛙(3)/赤蛙(3)/牛蛙(2)/田舎蛙(2)/蛙石(2)/ガマ蛙(1)/夕蛙(1)/愛蛙(1)/月蛙(1)/痩せ蛙(1)/蛙城(1)/蛙手(1)
2608	禿	417	2.1349	99.586	禿(99)/禿げ(83)/禿げ頭(35)/禿頭(32)/禿げあがっ(18)/禿烏(18)/禿鷹(18)/禿げる(14)/禿げ上がっ(12)/禿河(12)/禿山(9)/禿木(9)/禿髪(7)/禿げ山(6)/禿げ上っ(5)/禿子(5)/愚禿(3)/禿げ上がり(3)/禿げ鷹(3)/禿氏(3)
2609	雁	417	2.1349	99.587	雁(210)/雁行(42)/落雁(23)/雁首(20)/雁木(15)/孤雁(12)/雁八(10)/雁坂(8)/雁屋(7)/雁皮(7)/雁塔(6)/雁塔聖教序(5)/雁ガ腹摺(4)/雁之助(4)/雁字(4)/雁股(4)/雁金(4)/帰雁(3)/雁ヶ腹摺(3)/雁戸(3)
2610	俯	416	2.1298	99.588	俯い(140)/俯瞰(120)/俯き(35)/俯せ(28)/俯く(22)/俯け(10)/俯仰(10)/俯し(9)/俯向き(8)/俯伏せ(7)/俯向い(7)/俯向く(5)/俯伏し(3)/俯(2)/俯せる(2)/俯むい(2)/俯き翳っ(1)/俯むき(1)/俯借(1)/俯向け(1)
2611	寵	415	2.1247	99.588	寵愛(150)/恩寵(106)/寵児(45)/寵(35)/寵臣(28)/寵姫(16)/寵妃(7)/愛寵(5)/聖寵(4)/寵遇(3)/君寵(2)/失寵(2)/寵する(2)/寵信(2)/寵女(2)/寵妾(2)/寵し(1)/寵楼(1)/寵辱(1)/霊寵(1)
2612	兜	414	2.1196	99.589	兜(243)/兜町(78)/鉄兜(19)/兜鉢(15)/鎧兜(14)/兜率(9)/鳥兜(5)/兜屋(4)/兜太(3)/兜首(3)/内兜(3)/兜梅(2)/兜蓑(2)/兜虫(2)/筋兜(2)/衣兜(2)/兜割り(1)/兜山(1)/兜川(1)/兜巾(1)
2613	廣	414	2.1196	99.590	廣瀬(95)/廣(82)/廣松(57)/廣田(26)/末廣(16)/廣江(15)/廣済(10)/高廣(7)/忠廣(6)/廣島(5)/廣雄(5)/義廣(5)/西廣(5)/廣中(4)/安廣(3)/廣く(3)/廣岡(3)/克廣(2)/利廣(2)/善廣(2)
2614	灼	412	2.1093	99.590	灼熱(122)/灼け(51)/灼(50)/灼か(26)/灼ける(22)/陽灼け(19)/焼灼(17)/灼きつい(16)/灼く(16)/日灼け(15)/灼い(10)/灼きつけ(8)/灼けつく(7)/灼き(5)/灼き鏝(5)/灼きつく(3)/灼眼(3)/灼きつける(2)/灼け爛れ(2)/灼然(2)
2615	來	411	2.1042	99.591	來(171)/來る(44)/出來(33)/來未(30)/來島(21)/未來(18)/將來(15)/以來(13)/出來る(11)/根來(7)/來つ(6)/來り(6)/古來(6)/來訪(5)/如來(5)/來れ(3)/來し(2)/來花(2)/奈來(2)/万來(1)
2616	壱	410	2.0991	99.592	壱(196)/壱岐(175)/壱与(14)/邪馬壱(7)/圭壱(4)/壱成(4)/壱菊(3)/弘壱(2)/〓堞壱佰床(1)/健壱(1)/壱石(1)/真壱(1)/考壱朗(1)
2617	毯	409	2.0940	99.592	絨毯(407)/毯代(1)/毯子(1)
2618	汐	409	2.0940	99.593	汐留(136)/汐(99)/汐梨(34)/潮汐(34)/汐見(30)/血汐(14)/汐入(12)/汐干(7)/汐風(6)/汐路(5)/汐首(5)/汐汲(4)/高汐(4)/汐文(3)/汐音(3)/汐時(2)/汐汲み(2)/お汐井とり(1)/ひき汐(1)/山汐(1)
2619	賤	409	2.0940	99.594	賤民(95)/卑賤(53)/貴賤(51)/賤ヶ岳(43)/下賤(34)/賤(27)/賤しい(25)/子賤(11)/賤視(9)/賤しく(7)/賤業(6)/賤ケ岳(5)/賤子(5)/賤しき(4)/山賤(3)/神賤(3)/賤しめ(3)/賤人(3)/微賤(2)/賤し(2)
2620	椀	408	2.0888	99.595	椀(316)/汁椀(22)/茶椀(14)/飯椀(13)/木椀(9)/椀久(8)/椀づま(5)/椀種(5)/椀飯(4)/朱椀(3)/椀屋(2)/大椀(1)/平椀(1)/空椀(1)/竹椀(1)/蓋椀(1)/親椀(1)/陶椀(1)
2621	牟	407	2.0837	99.595	牟礼(73)/牟田(57)/大牟田(48)/牟尼(41)/伊牟田(32)/石牟礼(22)/乙牟漏(16)/牟(14)/東牟婁(13)/西牟婁(12)/牟婁(11)/南牟礼(8)/中牟田(6)/牟田口(6)/牟岐(5)/西牟田(5)/可多牟(3)/大穴牟遅(3)/耽牟羅(3)/冷牟田(2)
2622	乖	406	2.0786	99.596	乖離(392)/乖(14)
2623	撥	405	2.0735	99.597	反撥(107)/撥ね(48)/撥水(47)/撥(29)/撥音(26)/撥弦(11)/撥ねつけ(10)/撥ね上げ(8)/撥枕(8)/撥草(7)/垂撥(6)/撥ねる(6)/撥ね返し(6)/撥ね返す(5)/撥ね飛ばさ(5)/撥ね返さ(4)/撥剌(4)/撥鐙(4)/撥く(3)/撥ねつける(3)
2624	弛	403	2.0633	99.597	弛緩(274)/弛ん(34)/弛み(23)/弛め(20)/弛む(12)/弛ま(10)/弛(8)/弛める(8)/一弛(4)/中弛み(3)/弛く(3)/弛張(2)/弛い(1)/弛めよう(1)
2625	湛	403	2.0633	99.598	湛え(133)/湛山(133)/湛水(59)/湛(29)/湛える(14)/宗湛(12)/湛へ(8)/湛慶(6)/湛液(5)/張湛(2)/寛湛(1)/湛ふ(1)
2626	踵	402	2.0581	99.599	踵(382)/踵骨(11)/踵腓(3)/踵側(2)/踵落とし(2)/踵足(2)
2627	剪	400	2.0479	99.599	剪定(323)/剪断(20)/剪刀(13)/剪(10)/剪る(8)/剪り(7)/剪っ(4)/雑剪(3)/剪つ(2)/剪燈(2)/剪紙(2)/剪ら(1)/剪りのぞき(1)/剪り花(1)/剪れ(1)/剪毛(1)/断ち剪っ(1)
2628	盧	400	2.0479	99.600	盧(214)/盧溝(37)/末盧(34)/毘盧遮那(32)/漏盧(10)/盧綰(9)/的盧(8)/盧山(6)/盧生(6)/盧遮那(6)/毘盧(5)/盧舎那(4)/倶盧(3)/盧杞(3)/親盧(3)/反盧(2)/盧植(2)/盧橘(2)/蘇迷盧(2)/伊盧(1)
2629	亦	399	2.0428	99.601	亦(343)/亦介(31)/吾亦紅(16)/勝亦(5)/亦無(2)/千亦(2)
2630	蠟	398	2.0377	99.601	蠟燭(214)/蠟(114)/白蠟(18)/蜜蠟(14)/蠟山(7)/蠟梅(7)/失蠟(4)/蠟紙(4)/蠟色(3)/封蠟(2)/生蠟(2)/蠟炬(2)/蠟画(2)/晒蠟(1)/死蠟(1)/蠟染(1)/蠟盤(1)/蠟纈(1)
2631	曙	397	2.0325	99.602	曙(229)/曙覧(52)/曙光(32)/曙斑(31)/曙東(16)/曙町(14)/曙山(7)/曙虎(7)/曙橋(3)/曙枝垂(2)/千住曙町(1)/春曙(1)/曙染め(1)/曙草(1)
2632	氾	395	2.0223	99.603	氾濫(387)/氾(4)/氾がっ(1)/氾まっ(1)/氾らん(1)/氾論(1)
2633	姐	394	2.0172	99.603	姐(371)/小姐(18)/姐々(4)/姐奴(1)
2634	碧	394	2.0172	99.604	碧(107)/紺碧(52)/三碧(45)/碧い(38)/碧眼(28)/碧玉(17)/一碧(14)/碧空(9)/碧く(8)/碧梧桐(7)/碧海(7)/碧き(6)/碧南(6)/碧巌(6)/碧水(6)/碧天(3)/碧山(3)/碧蛇(3)/緑碧(3)/芝碧(3)
2635	膀	393	2.0120	99.605	膀胱(391)/膀(2)
2636	劫	392	2.0069	99.605	億劫(144)/永劫(133)/劫(59)/劫掠(9)/劫火(9)/劫罰(8)/塵劫(6)/曠劫(5)/祇劫(5)/劫略(4)/劫賓那(3)/劫初(2)/劫暑(1)/劫風(1)/末劫(1)/臆劫(1)/鉅劫(1)
2637	胱	391	2.0018	99.606	膀胱(391)
2638	躁	390	1.9967	99.607	躁うつ(101)/躁病(98)/躁(87)/躁鬱(51)/軽躁(17)/焦躁(13)/狂躁(12)/躁転(4)/躁い(2)/躁狂(2)/躁的(2)/躁ぎ(1)
2639	彷	389	1.9916	99.607	彷彿(207)/彷徨(72)/彷徨っ(39)/彷徨い(25)/彷徨う(22)/彷徨わ(7)/彷(4)/彷書(3)/彷佛(2)/彷徨え(2)/彷復(2)/彷浪(2)/彷徨へ(1)/彷沸(1)
2640	哨	388	1.9865	99.608	哨戒(215)/前哨(69)/歩哨(68)/哨(14)/哨兵(8)/哨所(7)/哨長(3)/哨吶(2)/哨艦(1)/小哨(1)
2641	禱	387	1.9813	99.609	祈禱(316)/黙禱(25)/禱(10)/連禱(10)/禱り(6)/時禱(5)/祝禱(5)/晩禱(3)/厭禱(1)/弔禱(1)/禱い(1)/禱ら(1)/禱れ(1)/禱文(1)/禱（いの）り(1)
2642	忽	386	1.9762	99.609	忽然(148)/忽ち(145)/粗忽(33)/忽那(29)/忽(21)/軽忽(3)/忽忙(2)/忽滑谷(2)/忽焉(2)/忽必烈(1)
2643	沌	386	1.9762	99.610	混沌(313)/渾沌(73)
2644	狽	386	1.9762	99.611	狼狽(353)/狼狽え(25)/狼狽える(4)/狼狽へ(2)/狽舛(1)/驚き狼狽え(1)
2645	丑	385	1.9711	99.611	丑(196)/丑年(51)/丑寅(43)/丑三つ(15)/癸丑(13)/丑三(11)/丁丑(10)/丑松(9)/乙丑(8)/己丑(7)/辛丑(6)/丑之助(5)/丑満(3)/丑首(2)/孫丑(2)/丑吉(1)/丑次郎(1)/丑虎(1)/子丑寅年(1)
2646	墟	385	1.9711	99.612	廃墟(360)/殷墟(16)/丘墟(2)/墟土(2)/廢墟(2)/介墟(1)/灰墟(1)/癈墟(1)
2647	羞	385	1.9711	99.612	羞恥(277)/含羞(28)/羞(15)/羞じらい(8)/羞らい(8)/羞かしい(7)/羞し(6)/羞ずかし(5)/羞じる(4)/羞ずかしい(4)/羞かし(3)/羞しい(3)/羞じ(3)/羞じらっ(3)/羞かしく(2)/羞じらう(2)/嬌羞(1)/羞かしかっ(1)/羞しき(1)/羞ずかしかっ(1)
2648	諫	385	1.9711	99.613	諫早(126)/諫め(77)/諫言(59)/諫山(41)/諫(23)/諫める(20)/諫官(14)/諫めよう(7)/諫止(6)/直諫(3)/極諫(2)/諫奏(2)/諫死(2)/忠諫(1)/諫むれ(1)/諫原(1)
2649	瀕	384	1.9660	99.614	瀕し(180)/瀕死(161)/瀕する(34)/瀕(4)/瀕しよう(2)/瀕さ(1)/瀕せ(1)/瀕セ(1)
2650	琢	384	1.9660	99.614	琢磨(263)/琢(38)/彫琢(19)/琢郎(14)/琢也(9)/琢馬(8)/琢朗(6)/昌琢(5)/琢治(4)/琢己(3)/是琢(2)/永琢(2)/琢三(2)/琢二(2)/琢司(2)/王琢(1)/琢か(1)/琢夫(1)/琢照(1)/琳琢(1)
2651	茄	384	1.9660	99.615	茄子(336)/茄子作(15)/焼き茄子(9)/丸茄子(5)/茄(5)/唐茄子(4)/番茄(2)/茄子紺(2)/付藻茄子(1)/水茄子(1)/燉茄(1)/種茄子(1)/茄子色(1)/蒸し茄子(1)
2652	祠	383	1.9609	99.616	祠(237)/祠堂(45)/小祠(35)/社祠(19)/神祠(9)/生祠(5)/祅祠(5)/淫祠(4)/石祠(4)/正乙祠(3)/霊祠(3)/宗祠(2)/祠廟(2)/公祠(1)/叢祠(1)/古祠(1)/天祠(1)/祠る(1)/祠壇(1)/祠官(1)
2653	蹟	383	1.9609	99.616	奇蹟(165)/史蹟(37)/事蹟(30)/筆蹟(23)/遺蹟(23)/真蹟(20)/秘蹟(15)/三蹟(14)/旧蹟(14)/聖蹟(8)/墨蹟(7)/観蹟(6)/手蹟(5)/古蹟(4)/蹟(3)/勝蹟(2)/仏蹟(1)/佐蹟(1)/実蹟(1)/権蹟(1)
2654	蔣	381	1.9506	99.617	蔣(368)/援蔣(4)/蔣鶴(3)/蔣敬(2)/蔣雄(2)/蔣淵(1)/蔣舒(1)
2655	佃	379	1.9404	99.618	佃煮(225)/佃(63)/佃戸(46)/佃島(35)/佃政(7)/召佃(2)/陸佃(1)
2656	媚	379	1.9404	99.618	媚び(97)/媚(64)/明媚(62)/媚薬(61)/媚びる(40)/媚態(26)/媚肉(6)/柔媚(6)/媚びへつらう(3)/媚びへつらっ(2)/媚蠱(2)/媚術(2)/媚香(2)/媚びへつらい(1)/媚びよう(1)/媚び諂う(1)/媚味(1)/媚諛(1)/衒媚(1)
2657	巌	379	1.9404	99.619	巌(205)/巌流(49)/瑞巌(21)/巌本(15)/巌谷(14)/巌窟(10)/星巌(10)/訃巌(8)/洞巌(6)/碧巌(6)/巌頭(5)/巌夫(4)/奇巌(3)/巌藻(3)/千巌(2)/巌しい(2)/巌根(2)/巨巌(2)/桂巌(2)/仙巌(1)
2658	膠	379	1.9404	99.620	膠着(152)/膠原(103)/膠(87)/膠水(8)/膠質(6)/膠州(5)/白膠木(4)/阿膠(4)/漆膠(3)/膠液(3)/抵膠(1)/膠（こう）原(1)/解膠(1)/鹿膠(1)
2659	顆	379	1.9404	99.620	顆粒(325)/外顆(10)/顆頭(8)/内顆(7)/顆(6)/顆部(6)/顆間(6)/印顆(5)/球顆(4)/万顆(1)/二顆(1)
2660	學	378	1.9353	99.621	學(110)/文學(83)/學校(27)/大學(19)/國學(17)/學問(14)/皇學(11)/學處(10)/學生(8)/學ぶ(6)/中學(5)/學び(5)/學賢(5)/學德(4)/學界(4)/哲學(3)/學習(3)/小學(3)/科學(3)/美學(3)
2661	腑	378	1.9353	99.622	腑(189)/腑抜け(39)/六腑(36)/臓腑(34)/肺腑(26)/胃の腑(26)/腑分け(15)/腑甲斐な(3)/腑甲斐ない(3)/胃腑(2)/腑がい(2)/腑甲斐なく(1)/腑甲斐無(1)/腑甲斐無い(1)
2662	腱	377	1.9301	99.622	腱(277)/腱鞘(59)/腱膜(15)/腱炎(10)/腱弓(7)/屈腱(6)/半腱(2)/腱索(1)
2663	轢	377	1.9301	99.623	軋轢(133)/轢か(87)/轢い(44)/轢き逃げ(38)/轢死(16)/轢き殺さ(14)/轢き殺し(13)/轢き(6)/轢過(6)/轢く(5)/轢(4)/轢き殺す(3)/轢断(2)/轢殺(2)/轢殺さ(2)/轢き潰さ(1)/轢轆(1)
2664	掟	376	1.9250	99.623	掟(360)/掟破り(12)/村掟(3)/掟て(1)
2665	櫻	376	1.9250	99.624	櫻井(239)/櫻(52)/櫻内(41)/櫻川(10)/櫻子(7)/櫻葉(4)/柳櫻(3)/櫻山(3)/櫻田(3)/秋櫻子(3)/稚櫻(3)/櫻本(2)/櫻町(2)/琴櫻(2)/櫻木(1)/櫻球(1)
2666	甦	375	1.9199	99.625	甦っ(155)/甦る(80)/甦ら(51)/甦り(37)/甦えっ(12)/甦生(10)/甦える(6)/甦(5)/甦えら(4)/甦れ(4)/甦へる(2)/甦らさ(2)/甦ろう(2)/甦えり(1)/甦えろう(1)/甦つ(1)/甦らそう(1)/甦位(1)
2667	綜	375	1.9199	99.625	錯綜(184)/綜合(147)/綜絖(30)/綜(7)/綜芸(2)/唐綜(1)/日綜(1)/綜覧(1)/綜説(1)/複綜(1)
2668	舷	375	1.9199	99.626	左舷(88)/右舷(82)/舷側(64)/舷(44)/両舷(28)/舷梯(21)/接舷(11)/片舷(10)/舷窓(9)/舷門(7)/舷外(4)/半舷(3)/舷灯(2)/小舷(1)/舷直(1)
2669	扮	374	1.9148	99.627	扮し(172)/扮装(99)/扮する(97)/扮飾(4)/扮(1)/扮（ふん）し(1)
2670	灸	374	1.9148	99.627	灸(174)/鍼灸(168)/点灸(7)/灸経(6)/しん灸(4)/針灸(4)/施灸(2)/温灸(2)/灸師(2)/灸治(2)/灸点(1)/灸穴(1)/灸頭(1)
2671	鄧	372	1.9045	99.628	鄧(355)/鄧榕(6)/鄧発(3)/鄧林(2)/鄧楠(2)/鄧析(1)/鄧渕(1)/鄧華(1)/鄧通(1)
2672	倦	371	1.8994	99.628	倦怠(267)/倦む(24)/倦き(14)/倦ま(12)/倦ん(11)/倦(7)/倦み(7)/倦き倦き(6)/倦き足ら(4)/倦み疲れ(3)/倦きる(2)/倦め(2)/倦い(1)/倦く(1)/倦じ(1)/倦ましく(1)/倦る(1)/倦厭(1)/倦鳥(1)/困倦(1)
2673	珂	371	1.8994	99.629	那珂川(214)/那珂(84)/珂允(30)/那珂湊(26)/玖珂(7)/南那珂(3)/鳴珂曲(2)/妹阿夜珂志古泥(1)/摩珂部(1)/珂(1)/珂北(1)/珂哥(1)
2674	茜	370	1.8943	99.630	茜(309)/茜色(51)/茜空(3)/秋茜(2)/茜だすき(2)/寒茜(1)/茜染め(1)/茜町(1)
2675	疇	369	1.8892	99.630	範疇(361)/疇襲(2)/小疇(1)/田疇(1)/疇(1)/疇師(1)/疇津(1)/疇自(1)
2676	嵌	368	1.8841	99.631	嵌め(87)/象嵌(51)/嵌っ(36)/嵌まっ(36)/嵌め込ま(16)/嵌める(10)/嵌り(10)/嵌る(10)/嵌入(10)/嵌頓(9)/嵌め込む(8)/嵌め込ん(7)/嵌まり(6)/嵌れ(6)/嵌合(6)/当て嵌まる(6)/当て嵌め(6)/嵌まる(5)/嵌ら(4)/切り嵌め(3)
2677	毘	368	1.8841	99.632	毘沙門(138)/金毘羅(44)/毘盧遮那(32)/荼毘(23)/毘(11)/毘古(10)/阿毘(10)/山佐知毘古(9)/大毘古(7)/木花之佐久夜毘売(6)/毘婆沙(6)/毘那(6)/毘盧(5)/沙本毘古(4)/海佐知毘古(4)/豊玉毘売(4)/迦毘羅(4)/木花佐久夜毘売(3)/毘奈耶(3)/玉依毘売(3)
2678	蟻	368	1.8841	99.632	蟻(272)/白蟻(20)/蟻巣川(16)/蟻塚(9)/羽蟻(8)/防蟻(8)/蟻害(6)/働き蟻(5)/蟻川(4)/蟻酸(3)/黒蟻(3)/螻蟻(2)/蟻んこ(2)/蟻子(2)/蟻道(2)/赤蟻(2)/山蟻(1)/耐蟻(1)/蟻ん子(1)/蟻ヶ崎(1)
2679	陪	368	1.8841	99.633	陪審(262)/陪席(36)/陪臣(27)/陪伴(13)/陪乗(6)/陪塚(4)/陪膳(3)/陪葬(3)/陪観(3)/陪食(3)/位陪(2)/井陪(1)/陪(1)/陪っ(1)/陪使(1)/陪神(1)/陪聴(1)
2680	鰹	368	1.8841	99.633	鰹節(168)/鰹(162)/初鰹(10)/追い鰹(7)/鰹出汁(4)/鰹漁(3)/鰹釣り(3)/鰹魚木(3)/下り鰹(2)/削り鰹(1)/大鰹(1)/戻り鰹(1)/真鰹(1)/粉鰹(1)/鰹木(1)
2681	鍼	366	1.8738	99.634	鍼灸(168)/鍼(160)/鍼療(15)/刺鍼(9)/羅鍼(4)/鍼医(3)/鍼尖(2)/鍼管(2)/鍼術(2)/銀鍼(1)
2682	惰	365	1.8687	99.635	怠惰(166)/惰性(126)/惰(20)/惰眠(17)/懶惰(9)/惰力(8)/惰弱(7)/遊惰(5)/惰農(2)/酡惰野(2)/勤惰(1)/昏惰(1)/窳惰(1)
2683	袁	365	1.8687	99.635	袁(162)/袁紹(96)/袁傪(38)/袁術(35)/袁明(10)/里袁(8)/袁丁(3)/袁尚(2)/袁斌(2)/袁隗(2)/袁人(1)/袁奚(1)/袁康(1)/袁木(1)/袁煕(1)/袁越(1)/袁郊(1)
2684	佑	364	1.8636	99.636	柳佑(41)/佑司(40)/佑樹(40)/佑(38)/天佑(36)/範佑(18)/宗佑(15)/佑子(11)/佑月(10)/佑一郎(7)/佑介(7)/佑美(7)/相佑(7)/佑二(6)/佑磨(6)/圭佑(6)/幸佑(6)/知佑(5)/佑一(4)/佳佑(3)
2685	楓	363	1.8585	99.637	楓(282)/正楓(33)/楓林(9)/楓川(6)/恵楓(4)/桜楓(4)/蔦楓(4)/楓山(3)/楓月(3)/楓葉(3)/花楓(2)/若楓(2)/青楓(2)/いろは楓(1)/唐楓(1)/楓橋(1)/江楓(1)/王楓(1)/藤楓(1)
2686	爛	363	1.8585	99.637	絢爛(130)/爛漫(106)/爛熟(30)/爛々(27)/爛れ(19)/焼け爛れ(9)/燦爛(9)/腐爛(6)/爛(5)/糜爛(5)/不爛(2)/灼け爛れ(2)/爛柯(2)/爛目(2)/爛脱(2)/び爛(1)/濤爛(1)/焼爛らし(1)/爛れる(1)/爛春(1)
2687	巷	362	1.8533	99.638	巷(275)/巷間(60)/巷説(6)/巷談(5)/冷巷(4)/東交民巷(4)/陋巷(4)/巷流し(2)/巷子(1)/閭巷(1)
2688	餐	361	1.8482	99.638	晩餐(268)/聖餐(46)/午餐(21)/正餐(6)/餐(5)/素餐(4)/昼餐(3)/餐館(2)/夕餐(1)/快餐店(1)/朝餐(1)/粗餐(1)/餐庁(1)/餐廳(1)
2689	笙	360	1.8431	99.639	笙子(189)/笙一郎(76)/笙造(37)/笙(36)/月笙(15)/笙窟(2)/笙野(2)/原笙(1)/笙崛(1)/翰笙(1)
2690	胤	359	1.8380	99.640	保胤(90)/落胤(53)/胤舜(38)/篤胤(31)/胤(29)/胤栄(25)/直胤(12)/皇胤(9)/匡胤(8)/昭胤(5)/丘胤(3)/常胤(3)/康胤(3)/昌胤(3)/胤保(3)/胤子(3)/落とし胤(3)/太胤(2)/好胤(2)/式胤(2)
2691	嶽	358	1.8329	99.640	嶽(96)/御嶽(83)/春嶽(83)/大嶽(28)/富嶽(14)/盤嶽(9)/佐渡ケ嶽(8)/南嶽(5)/山嶽(5)/冨嶽(4)/勝上ケ嶽(4)/潮嶽(3)/冠嶽(2)/如意ヶ嶽(2)/釈迦ヶ嶽(2)/八嶽(1)/向嶽(1)/嶽ヶ城(1)/嶽原(1)/嶽夫(1)
2692	痰	358	1.8329	99.641	痰(219)/喀痰(81)/去痰(15)/血痰(12)/排痰(9)/痰壺(9)/痰壷(4)/痰量(2)/青痰(2)/化痰(1)/検痰(1)/痰とり(1)/痰吐き(1)/袪痰(1)
2693	峻	356	1.8226	99.641	峻別(81)/急峻(76)/峻(60)/峻厳(27)/峻険(22)/峻烈(21)/崇峻(17)/暉峻(15)/峻拒(5)/秀峻(5)/峻峭(4)/峻嶮(3)/峻護(3)/庾峻(3)/険峻(3)/峻輔(2)/高峻(2)/宕峻(1)/峻岩(1)/峻峙り(1)
2694	摯	356	1.8226	99.642	真摯(347)/摯(4)/伊摯(2)/摯実(2)/摯烈(1)
2695	氣	355	1.8175	99.643	氣(221)/元氣(22)/蒸氣(20)/病氣(9)/氣分(8)/氣味(7)/氣持ち(7)/電氣(7)/勇氣(6)/雰圍氣(5)/本氣(4)/氣持(4)/平氣(3)/正氣(3)/氣功(3)/氣質(3)/空氣(3)/多氣(2)/氣兼(2)/氣品(2)
2696	恣	354	1.8124	99.643	恣意(322)/放恣(15)/恣(13)/擅恣(2)/専恣(1)/專恣(1)
2697	渾	354	1.8124	99.644	渾身(135)/渾沌(73)/渾然(61)/渾名(42)/渾(11)/渾天(10)/雄渾(9)/渾て(3)/渾邪(3)/渾成(2)/吐谷渾(1)/柳渾(1)/渾々(1)/渾儀(1)/渾江(1)
2698	几	353	1.8073	99.644	几帳面(201)/几帳(95)/床几(43)/几(9)/浄几(3)/几杖(1)/几董(1)
2699	掠	353	1.8073	99.645	掠奪(125)/掠め(71)/掠れ(55)/掠める(18)/掠(14)/私掠(11)/劫掠(9)/掠れ声(8)/掠っ(5)/掠め取っ(5)/侵掠(3)/掠り傷(3)/考掠(3)/掠め取ら(2)/掠り(2)/掠取(2)/盗掠(2)/抄掠(1)/掠めとっ(1)/掠めとる(1)
2700	喬	351	1.7970	99.646	喬(67)/喬也(67)/喬木(45)/小喬(40)/喬子(39)/惟喬(12)/大喬(11)/喬平(8)/喬一(7)/喬司(7)/喬太郎(7)/喬栄(6)/喬史(5)/喬石(5)/喬夷(4)/遷喬(4)/喬二(2)/喬任(2)/保喬(1)/円喬(1)
2701	軋	351	1.7970	99.646	軋轢(133)/軋み(55)/軋む(52)/軋ん(44)/歯軋り(21)/軋ま(18)/軋る(9)/軋ら(5)/軋(4)/軋み音(4)/軋り(4)/摩軋(1)/軋め(1)
2702	猥	350	1.7919	99.647	卑猥(152)/猥褻(93)/猥雑(45)/淫猥(20)/猥(17)/猥談(12)/猥歌(3)/猥りがわしい(2)/鄙猥(2)/醜猥(2)/猥だん(1)/猥ら(1)
2703	挺	348	1.7817	99.647	挺(175)/空挺(60)/挺身(56)/挺し(36)/連挺(12)/挺する(5)/挺対協(2)/挺進(1)/金挺子(1)
2704	熾	347	1.7766	99.648	熾烈(234)/熾天(40)/熾(22)/熾し(12)/熾仁(9)/熾っ(6)/熾す(5)/熾火(5)/熾り(4)/熾ん(4)/熾盛(3)/陳熾(2)/熾章(1)
2705	瑛	347	1.7766	99.648	瑛(112)/美瑛(60)/瑛児(58)/瑛九(32)/瑛子(27)/瑛太(16)/楸瑛(9)/瑛二(9)/乙瑛碑(5)/瑛士(5)/李瑛(3)/張瑛(2)/瑛泰(2)/乙瑛(1)/千瑛(1)/慧瑛(1)/瑛一(1)/瑛州(1)/瑛泉(1)/瑛琳(1)
2706	濤	346	1.7714	99.649	怒濤(149)/錦濤(74)/波濤(52)/松濤(27)/濤(20)/香濤(4)/春濤(3)/大濤(2)/海濤(2)/濤克(2)/濤沸(2)/聽濤(2)/洋濤(1)/濤亭(1)/濤爛(1)/濤雲(1)/瀾濤(1)/載濤(1)/龔濤(1)
2707	奄	344	1.7612	99.650	奄美(329)/奄々(12)/奄奄(2)/奄(1)
2708	濱	344	1.7612	99.650	濱田(83)/濱(45)/濱崎(42)/濱中(29)/横濱(21)/濱野(17)/濱口(16)/石濱(11)/濱本(8)/小濱(7)/濱村(6)/長濱(6)/高濱(5)/哈爾濱(4)/濱下(4)/濱谷(4)/伊勢ヶ濱(3)/入福濱(3)/濱松(3)/濱進(3)
2709	耽	344	1.7612	99.651	耽っ(99)/耽美(56)/耽る(51)/耽溺(35)/耽り(33)/耽読(20)/読み耽っ(15)/耽つ(7)/読み耽り(6)/耽羅(4)/読み耽る(4)/耽ける(3)/耽牟羅(3)/耽二(2)/耽ら(1)/耽れ(1)/耽ろう(1)/耽介(1)/読み耽けり(1)/飡耽(1)
2710	鐸	344	1.7612	99.651	銅鐸(281)/木鐸(17)/鉄鐸(10)/鐸(10)/風鐸(10)/鐸木(5)/鐸身(4)/宝鐸(3)/王鐸(2)/令鐸(1)/馬鐸(1)
2711	塡	343	1.7561	99.652	補塡(117)/装塡(78)/充塡(77)/塡補(34)/塡め(11)/塡め込ま(7)/塡まっ(3)/塡充(3)/優塡(2)/塡っ(2)/塡墨(2)/塡(1)/塡ぐ(1)/塡まり込ん(1)/塡まる(1)/塡め込み(1)/塡る(1)/塡塞(1)
2712	珊	343	1.7561	99.653	珊瑚(264)/お珊(57)/睿珊(10)/珊(7)/源珊(2)/珊々(1)/珊吉(1)/珊底羅(1)
2713	緋	343	1.7561	99.653	緋(131)/緋色(76)/緋奈(35)/浅緋(25)/緋紗江(22)/緋桜(10)/緋奈子(7)/緋鯉(7)/緋鵬(5)/緋紗子(4)/緋縅(4)/緋い(3)/緋想(3)/緋襷(3)/緋月(2)/深緋(1)/緋山(1)/緋比古(1)/緋田(1)/緋真(1)
2714	冨	342	1.7510	99.654	冨田(48)/冨樫(42)/冨士(35)/冨士男(24)/冨山(23)/冨士子(15)/冨永(15)/冨士夫(14)/冨沢(12)/徳冨(10)/永冨(7)/諸冨(7)/冨(6)/冨岡(6)/冨春軒(5)/吉冨(5)/冨子(4)/冨嶽(4)/冨貴(4)/豆冨(4)
2715	吻	342	1.7510	99.654	接吻(210)/口吻(58)/吻合(50)/吻(15)/吻と(5)/口吻り(3)/吻端(1)
2716	按	342	1.7510	99.655	按摩(78)/按分(56)/按配(53)/按司(41)/按(31)/按察使(24)/按察(17)/按ずる(10)/按じ(6)/按針(6)/按地(5)/按梅(5)/按腹(3)/按剣(2)/按排(2)/按じる(1)/按ずれ(1)/考按(1)
2717	煌	342	1.7510	99.655	敦煌(109)/煌々(68)/乃煌(31)/煌めき(20)/煌春(16)/煌く(12)/煌(11)/煌き(11)/栃煌山(10)/煌めく(10)/煌びやか(9)/煌い(8)/煌めい(7)/李煌(4)/煌めか(2)/煌煌(2)/光り煌い(1)/光り煌めく(1)/克煌(1)/希煌(1)
2718	豹	342	1.7510	99.656	豹(159)/豹変(102)/黒豹(31)/豹柄(15)/豹頭(9)/女豹(5)/公豹(3)/海豹(3)/雪豹(3)/一豹(2)/水豹(2)/豹胎(2)/海豹(2)/牝豹(1)/虎豹(1)/豹尾(1)/雌豹(1)
2719	屏	340	1.7407	99.657	屏風(268)/銀屏(33)/屏風ヶ浦(10)/金屏(10)/屏(8)/藩屏(3)/屏禁(2)/錦屏(2)/障屏(2)/屏息(1)/高屏(1)
2720	卜	339	1.7356	99.657	卜伝(107)/卜部(67)/卜(37)/卜占(21)/亀卜(17)/卜骨(13)/卜辞(8)/卜し(7)/卜全(7)/卜する(6)/卜定(6)/卜知(5)/占卜(5)/卜い(4)/卜斎(4)/卜文(3)/卜筮(3)/卜者(3)/卜せ(2)/卜わ(2)
2721	捺	338	1.7305	99.658	捺印(136)/押捺(129)/捺し(29)/捺染(15)/捺さ(14)/捺す(10)/捺(2)/捺せ(1)/捺そう(1)/盗捺(1)
2722	屁	337	1.7253	99.658	屁(283)/放屁(22)/屁えこき(8)/屁こき(5)/屁っぴり(5)/っ屁(3)/握り屁(3)/屁くらべ(2)/屁糞(2)/すいこ屁(1)/報屁股(1)/屁古垂れる(1)/芋屁(1)
2723	翳	337	1.7253	99.659	翳り(112)/翳(92)/翳っ(32)/陰翳(29)/翳し(25)/翳る(13)/翳ら(10)/翳す(7)/振り翳し(3)/瑕翳(3)/振り翳す(2)/俯き翳っ(1)/底翳(1)/照翳り(1)/王翳(1)/翳せ(1)/翳らす(1)/翳れ(1)/翳風(1)/翳（かげ）り(1)
2724	薙	337	1.7253	99.659	薙刀(102)/草薙(85)/薙ぎ(29)/薙(20)/薙い(19)/薙ぎ倒し(10)/鴻薙(10)/薙ぎ倒さ(9)/横薙ぎ(7)/香沙薙(6)/薙ぐ(5)/横薙(3)/薙ぎはらっ(3)/薙ぎ倒す(3)/薙ぎ払い(3)/薙髪(3)/堂薙(2)/薙ぎ払う(2)/薙ぎ払っ(2)/薙ぎ払わ(2)
2725	允	336	1.7202	99.660	允(52)/孝允(50)/允恭(48)/市之允(47)/王允(41)/珂允(30)/允許(9)/張允(9)/右馬允(6)/陽允(5)/允彦(4)/奉允(4)/允子(2)/允当(2)/允忠(2)/允昭(2)/允栄(2)/智允(2)/炳允(2)/豊允(2)
2726	佛	335	1.7151	99.661	佛(120)/大佛(71)/佛教(45)/佛名(31)/佛法(13)/念佛(13)/佛陀(10)/佛彫(5)/佛國(4)/南無阿弥陀佛(4)/佛性(2)/彷佛(2)/蓮佛(2)/佛事(1)/佛体(1)/佛典(1)/佛滅(1)/佛舎(1)/佛頭(1)/室利佛逝(1)
2727	釉	334	1.7100	99.661	釉(164)/釉薬(74)/灰釉(14)/緑釉(13)/黒釉(13)/褐釉(11)/施釉(7)/釉色(7)/黄釉(7)/白釉(6)/青釉(5)/彩釉(3)/鉄釉(3)/赤釉(2)/釉彩(2)/柿釉(1)/瓷釉(1)/錫釉(1)
2728	詔	331	1.6946	99.662	詔(140)/詔勅(78)/詔書(68)/大詔(14)/俊詔(8)/南詔(6)/遺詔(6)/詔子(3)/詔版(2)/影詔(1)/応詔(1)/承詔(1)/矯詔(1)/茂詔(1)/詔宣(1)
2729	躾	329	1.6844	99.662	躾(222)/躾け(61)/不躾(25)/躾ける(9)/無躾(5)/躾る(3)/躾けれ(2)/躾糸(2)
2730	闊	329	1.6844	99.663	迂闊(118)/闊歩(100)/闊達(91)/久闊(10)/広闊(3)/海闊(2)/闊葉(2)/寛闊(1)/快闊(1)/闊十(1)
2731	麵	328	1.6793	99.663	麵(177)/素麵(32)/麵類(29)/乾麵(15)/麵棒(15)/冷麵(13)/製麵(13)/温麵(12)/甜麵醬(6)/生麵(3)/麵麭(3)/切麵(2)/太麵(1)/拉麵(1)/湯麵(1)/漏麵(1)/炒麵(1)/麵うち(1)/麵床(1)/麵筋(1)
2732	慄	327	1.6742	99.664	戦慄(197)/慄然(48)/慄え(22)/慄わ(9)/慄(6)/慄える(6)/慄き(5)/慄へ(4)/戰慄(4)/慄く(3)/慄ふ(3)/身慄い(3)/慄い(2)/慄えあがっ(2)/戦慄く(2)/おののき慄え(1)/慄え上がっ(1)/慄え上がら(1)/慄か(1)/慄し(1)
2733	漿	326	1.6690	99.664	血漿(190)/漿膜(46)/漿液(34)/脳漿(23)/鉄漿(12)/乳漿(5)/泥漿(4)/漿(4)/漿水(2)/酢漿草(2)/酸漿(2)/桂漿(1)/漿不(1)
2734	饒	326	1.6690	99.665	豊饒(155)/饒舌(148)/饒速日(14)/饒(5)/居常饒足(1)/饒ひ(1)/饒州(1)/饒談(1)
2735	鴻	325	1.6639	99.666	鴻(62)/鴻臚(51)/鴻池(44)/鴻巣(39)/鴻章(34)/鴻門(15)/鴻上(11)/鴻薙(10)/鴻の巣(8)/鴻毛(6)/鴻雪(5)/鴻偉(4)/大鴻(3)/秋鴻(3)/鴻波(3)/鴻門之会(3)/徳鴻(2)/高鴻(2)/鴻寿(2)/鴻恩(2)
2736	箔	324	1.6588	99.666	金箔(137)/箔(71)/アルミ箔(67)/縫箔(9)/銀箔(9)/箔打(6)/漆箔(4)/銅箔(4)/摺箔(3)/箔打ち(3)/錫箔(3)/切り箔(2)/摺り箔(2)/箔押し(2)/箔濃(1)/箔移し(1)
2737	傭	323	1.6537	99.667	傭兵(184)/雇傭(35)/傭(17)/傭っ(15)/傭わ(10)/日傭(8)/傭い(7)/傭う(7)/傭船(7)/傭人(6)/被傭(6)/傭い主(3)/試傭(3)/傭い入れ(2)/傭え(2)/傭われ(2)/傭忍(2)/傭い入れる(1)/傭つ(1)/傭ふ(1)
2738	嬌	323	1.6537	99.667	愛嬌(234)/嬌声(64)/嬌(9)/嬌名(3)/嬌態(3)/鶯嬌(3)/嬌笑(2)/嬌激(1)/嬌羞(1)/嬌談(1)/撒嬌(1)/花嬌(1)
2739	稔	323	1.6537	99.668	稔(183)/稔り(24)/稔子(12)/不稔(11)/稔侍(11)/稔っ(9)/稔性(8)/稔る(7)/稔幸(7)/稔彦(7)/稔麿(7)/豊稔(7)/稔ら(4)/稔夫(3)/一稔(2)/弘稔(2)/眞稔(2)/稔礼(2)/久稔(1)/了稔(1)
2740	窄	323	1.6537	99.668	狭窄(260)/窄まり(15)/窄め(11)/縮窄(8)/窄まっ(6)/口窄め(4)/窄(3)/窄ん(3)/見窄らしい(3)/尻窄み(2)/窄まる(2)/尻窄まり(1)/窄ま(1)/窄めよう(1)/窄める(1)/窄衣(1)/見窄らしく(1)
2741	竪	323	1.6537	99.669	竪穴(179)/竪琴(68)/竪(26)/竪川(14)/竪杵(8)/竪坑(6)/竪型(6)/竪櫛(4)/竪義(4)/竪縞(3)/竪堀(1)/竪山(1)/竪田(1)/竪皺(1)/竪者(1)
2742	遙	323	1.6537	99.669	遙か(222)/逍遙(44)/遙(37)/遙子(14)/遙任(3)/遙々(1)/遙けき(1)/遙邨(1)
2743	濠	322	1.6485	99.670	濠(154)/環濠(39)/外濠(32)/濠端(24)/内濠(17)/周濠(15)/大濠(12)/濠州(8)/空濠(6)/濠洲(5)/水濠(4)/塹濠(2)/乾濠(1)/城濠(1)/濠づたい(1)/濠木(1)
2744	逓	321	1.6434	99.670	逓信(86)/逓減(68)/駅逓(52)/逓増(50)/全逓(18)/逓次(12)/逓送(11)/逓(8)/逓相(5)/逓村(2)/郵逓(2)/逓下(1)/逓伝(1)/逓倍(1)/逓所(1)/逓書(1)/逓爲(1)/逓降(1)
2745	嘗	319	1.6332	99.671	嘗め(72)/大嘗(71)/嘗て(64)/新嘗(28)/嘗胆(23)/嘗める(17)/嘗(16)/神嘗(6)/嘗つて(5)/嘗め回す(3)/嘗君(3)/嘗め回し(2)/試嘗(2)/嘗めまわし(1)/嘗めまわす(1)/嘗めよ(1)/嘗めよう(1)/嘗めれ(1)/新栗嘗(1)/曷嘗(1)
2746	苫	319	1.6332	99.672	苫小牧(226)/志苫(43)/苫(11)/苫東(10)/駒苫(7)/苫屋(6)/苫田(4)/苫米地(3)/苫前(2)/苫舟(2)/苫葺(2)/片苫(1)/苫屋根(1)/苫篠(1)
2747	亢	318	1.6281	99.672	亢進(294)/亢(13)/亢奮(7)/亢陽(2)/亢龍(2)
2748	逞	318	1.6281	99.673	逞しい(121)/逞しく(83)/不逞(53)/逞し(32)/逞ましい(8)/逞ましく(6)/逞(5)/逞しかっ(4)/不逞不逞しく(2)/欒逞(1)/逞く(1)/逞しき(1)/逞しゅう(1)
2749	隕	318	1.6281	99.673	隕石(294)/隕鉄(11)/隕(6)/隕ち(6)/隕越(1)
2750	儂	317	1.6229	99.674	儂(316)/儂ゃ(1)
2751	囃	317	1.6229	99.674	囃子(137)/囃し(30)/祭り囃子(18)/囃子方(17)/囃し立て(14)/持て囃さ(13)/囃し言葉(10)/祭囃子(10)/囃す(9)/囃さ(8)/囃し立てる(8)/出囃子(4)/囃(4)/囃したて(4)/もて囃さ(3)/囃子舞(3)/狸囃子(3)/囃したてる(2)/囃し立(2)/囃子物(2)
2752	圃	316	1.6178	99.675	田圃(171)/圃場(102)/圃(24)/花圃(6)/本圃(5)/書圃(2)/苗圃(2)/圃畦(1)/東圃(1)/田ん圃(1)/良圃(1)
2753	彡	316	1.6178	99.675	彡(167)/☆彡(146)/ノ彡(1)/（−Ｌ−彡）(1)/（￣＿￣彡）(1)
2754	甫	316	1.6178	99.676	杜甫(69)/憲甫(60)/遠甫(39)/甫(31)/甫庵(26)/皇甫(13)/甫周(8)/明甫(6)/実甫(5)/新甫(5)/宏甫(4)/文甫(4)/正甫(4)/修甫(3)/立甫(3)/予甫(2)/忠甫(2)/筆甫(2)/翁甫(2)/芳甫(2)
2755	肋	316	1.6178	99.676	肋骨(228)/肋間(38)/肋膜(16)/肋(15)/季肋(7)/肋材(7)/肋木(2)/中肋(1)/助（肋）木(1)/鶏肋(1)
2756	蹄	316	1.6178	99.677	蹄(124)/馬蹄(82)/蹄鉄(31)/羊蹄(28)/蹄跡(11)/蹄状(9)/口蹄(8)/係蹄(6)/後方羊蹄(3)/碧蹄(2)/筌蹄(2)/装蹄(2)/鉢吉蹄(2)/削蹄(1)/蹄油(1)/蹄葉(1)/蹄音(1)/鉄蹄(1)/龍蹄(1)
2757	桓	314	1.6076	99.677	桓武(115)/桓(38)/桓魋(37)/桓温(28)/桓公(27)/桓子(21)/三桓(13)/貞桓(6)/桓冲(5)/桓景(4)/桓帝(3)/桓栄(3)/声桓(2)/明桓(2)/桓夫(2)/桓玄(2)/烏桓(2)/桓尹(1)/桓逸(1)/桓魅(1)
2758	訛	314	1.6076	99.678	訛り(174)/訛(65)/訛っ(22)/転訛(20)/国訛(7)/訛語(5)/訛伝(4)/訛音(4)/訛つ(3)/訛る(3)/京訛り(2)/国訛り(2)/訛れ(1)/訛聞(1)/音訛(1)
2759	檻	313	1.6025	99.678	檻(275)/折檻(36)/檻板(1)/檻送(1)
2760	穢	313	1.6025	99.679	穢れ(113)/穢多(78)/穢(47)/穢土(14)/穢す(9)/穢さ(8)/穢し(8)/穢い(7)/穢らわしい(7)/汚穢(5)/穢れる(3)/罪穢れ(3)/寝穢(1)/浄穢(1)/穢く(1)/穢らしい(1)/穢らわしく(1)/穢多崎(1)/穢多町(1)/穢多道(1)
2761	窩	312	1.5974	99.680	腋窩(88)/眼窩(80)/窩(74)/山窩(44)/惺窩(10)/上窩(5)/窩孔(4)/う窩(3)/心窩(3)/窩棚(1)
2762	竣	312	1.5974	99.680	竣工(282)/竣功(21)/竣(4)/竣成(2)/竣ハレ(1)/竣介(1)/竣敏(1)
2763	鋒	312	1.5974	99.681	先鋒(197)/舌鋒(21)/鋒(20)/国鋒(12)/鋭鋒(9)/次鋒(8)/蔵鋒(8)/長鋒(7)/鋒先(6)/中鋒(5)/機鋒(4)/筆鋒(4)/露鋒(4)/鋒鋩(2)/刃鋒(1)/前鋒(1)/剣鋒(1)/鋒矢(1)/霆鋒(1)
2764	捲	309	1.5820	99.681	捲っ(45)/捲り(42)/席捲(34)/捲く(30)/捲土(20)/捲る(14)/捲い(12)/捲(11)/捲き(11)/捲れ(6)/捲きこま(5)/捲き上げ(5)/捲し立て(5)/捲ら(5)/捲り上げ(5)/捲か(4)/捲きあげ(4)/捲き込ま(4)/捲くら(3)/捲きこむ(2)
2765	炸	309	1.5820	99.682	炸裂(260)/炸薬(29)/炸(10)/煎炸〓(5)/爆炸(2)/油炸塊(1)/炸菜(1)/炸醤(1)
2766	咄	308	1.5769	99.682	咄嗟(217)/咄(47)/小咄(19)/咄嵯(13)/夜咄(5)/廓咄(2)/咄喊(1)/咄家(1)/咄珍(1)/破礼咄(1)/莫賀咄(1)
2767	渚	308	1.5769	99.683	渚(286)/渚橋(8)/渚左(4)/良渚(4)/后渚(2)/海渚(1)/渚佐(1)/渚男(1)/鷗渚(1)
2768	魁	308	1.5769	99.683	花魁(87)/魁(79)/魁皇(62)/魁夷(15)/首魁(14)/巨魁(12)/魁偉(7)/魁奇(6)/応魁(4)/賦魁(3)/魁心(3)/抬魁(2)/花魁蜘蛛(2)/魁深(2)/魁鳳(2)/占魁(1)/奸魁(1)/貸し花魁(1)/賊魁(1)/魁悟(1)
2769	秤	307	1.5718	99.684	天秤(200)/秤(77)/秤量(22)/台秤(4)/秤り(2)/ゼンマイ秤(1)/秤ら(1)
2770	紘	307	1.5718	99.684	紘一(81)/真紘(64)/八紘(47)/紘(40)/紘子(31)/張紘(11)/昇紘(5)/紘基(3)/紘明(3)/紘爾(3)/裕紘(3)/勝紘(2)/正紘(2)/篤紘(2)/紘司(2)/幸紘(1)/朋紘(1)/紘三(1)/紘光(1)/紘史(1)
2771	鷺	306	1.5666	99.685	鷺宮(70)/白鷺(59)/鷺(54)/朱鷺(45)/鷺江(15)/鷺草(12)/鷺沢(11)/鷺梁(6)/青鷺(4)/鷺娘(4)/大鷺町(3)/烏鷺(3)/鷺とり(2)/鷺の浦(2)/鷺島(2)/鷺沼(2)/鷺苔(2)/鷺鶿(2)/朱鷺色(1)/鳥鷺(1)
2772	啞	305	1.5615	99.685	啞然(214)/啞(30)/聾啞(25)/啞巴(12)/啞蟬坊(8)/語啞(8)/盲啞(5)/啞娘(3)
2773	俄	304	1.5564	99.686	俄(102)/俄然(102)/俄か(92)/俄雨(3)/俄か作り(2)/俄仕込み(2)/俄踊(1)
2774	芹	304	1.5564	99.686	芹沢(158)/芹(46)/芹也(23)/芹香(22)/芹川(15)/芹奈(14)/井芹(6)/田芹(4)/芹菜(4)/芹澤(3)/芹田(3)/芹谷野(3)/彦五十狭芹(1)/水芹(1)/芹摘み(1)
2775	杓	303	1.5513	99.687	杓子(103)/茶杓(87)/柄杓(73)/杓(21)/戸杓(8)/栄杓(5)/不勝桮杓(1)/南杓(1)/成杓(1)/手杓(1)/杓文字(1)/馬柄杓(1)
2776	儘	302	1.5462	99.687	儘(119)/我儘(82)/我が儘(49)/気儘(49)/我が儘女(1)/有りの儘(1)/自儘(1)
2777	庚	302	1.5462	99.688	庚申(198)/庚(37)/庚麿(24)/庚寅(10)/庚子(8)/庚午(6)/庚戌(6)/庚辰(4)/武庚(4)/庚辛(2)/盤庚(2)/庚款(1)
2778	簞	301	1.5410	99.688	簞笥(217)/瓢簞(83)/簞(1)
2779	萱	301	1.5410	99.689	萱野(96)/萱(59)/萱山(23)/千萱(21)/甄萱(19)/萱津(10)/萱札(9)/萱鼠(8)/萱場(7)/萱刈(6)/萱草(6)/大萱(5)/茅萱(5)/刈萱(4)/萱島(4)/爪萱(3)/萱原(3)/萱ぶき(2)/萱伯(2)/萱生(2)
2780	誦	300	1.5359	99.689	読誦(69)/暗誦(62)/朗誦(40)/誦し(28)/誦経(12)/愛誦(9)/復誦(8)/誦(8)/諳誦(8)/誦する(6)/吟誦(5)/誦す(4)/伝誦(3)/念誦(3)/記誦(3)/誦え(3)/誦せ(3)/誦み(3)/誦む(3)/諷誦(3)
2781	趨	300	1.5359	99.690	趨勢(231)/帰趨(59)/趨(7)/反趨(1)/趨く(1)/趨向(1)
2782	嚥	299	1.5308	99.690	嚥下(187)/誤嚥(89)/嚥み(7)/嚥ん(6)/嚥み下し(3)/嚥み下す(2)/嚥脂(2)/嚥みおろす(1)/嚥みくだし(1)/嚥む(1)
2783	暢	296	1.5154	99.691	流暢(154)/暢気(48)/暢子(41)/暢(14)/暢んびり(9)/暢達(9)/暢雄(3)/元暢(2)/暢久(2)/一暢(1)/伸暢(1)/保暢(1)/和暢(1)/悠暢(1)/晃暢(1)/暢一郎(1)/暢三(1)/暢之(1)/暢俊(1)/暢和(1)
2784	罷	296	1.5154	99.691	罷免(173)/罷(25)/罷め(17)/罷業(15)/罷り(11)/罷り通っ(11)/罷り通る(7)/罷める(4)/罷り出る(3)/罷り越し(3)/罷り通り(3)/身罷ら(3)/罷り通れ(2)/罷る(2)/罷りとおっ(1)/罷りとおれ(1)/罷り下り(1)/罷り下る(1)/罷り出で(1)/罷り帰り(1)
2785	址	295	1.5103	99.692	城址(117)/址(86)/遺址(86)/寺址(3)/古址(2)/秉址(1)
2786	杵	295	1.5103	99.692	杵(112)/臼杵(48)/杵築(35)/杵島(11)/杵柄(11)/杵屋(9)/東臼杵(8)/竪杵(8)/市杵島姫(7)/手杵(7)/西彼杵(6)/西臼杵(6)/市杵島(4)/東彼杵(4)/燧杵(4)/瓊々杵(4)/瓊瓊杵(4)/杵崎(3)/杵谷(2)/市杵島比売(1)
2787	笥	295	1.5103	99.693	簞笥(217)/箪笥(51)/櫛笥(6)/供笥(5)/笥飯(4)/絵番笥(4)/笥(2)/簑笥(2)/玉櫛笥(1)/碁笥(1)/笥子(1)/簟笥(1)
2788	諒	294	1.5052	99.693	諒(92)/諒子(80)/諒解(65)/諒輔(22)/諒承(14)/諒闇(11)/諒平(3)/崔諒(2)/諒察(2)/諒せ(1)/諒一(1)/諒太(1)
2789	徊	293	1.5001	99.694	徘徊(283)/低徊(4)/彿徊(2)/彽徊(1)/徊(1)/徘徊う(1)/徘徊っ(1)
2790	瞥	293	1.5001	99.694	一瞥(254)/壮瞥(24)/瞥見(10)/瞥(3)/徳舜瞥(1)/瞥然(1)
2791	朧	292	1.4950	99.695	朦朧(156)/朧(100)/朧月(16)/朧夜(8)/朧ろ(5)/朧伶(2)/朧朦(2)/朧谷(1)/檬朧(1)/矇朧(1)
2792	實	291	1.4898	99.695	實(96)/蓮實(32)/事實(23)/新實(18)/朱實(11)/現實(10)/實政(8)/實際(7)/實践(6)/實相(4)/實行(4)/寫實(4)/實力(3)/實態(3)/實現(3)/實證(3)/實録(3)/實體(3)/確實(3)/切實(2)
2793	欽	291	1.4898	99.696	欽(73)/欽明(71)/欽定(56)/欽一(44)/欽也(7)/応欽(6)/欽宗(5)/欽天(4)/欽吾(3)/文欽(2)/杜欽(2)/欽ドン(2)/欽仰(2)/イモ欽(1)/欽一郎(1)/欽之(1)/欽二(1)/欽亮(1)/欽六(1)/欽司(1)
2794	辣	291	1.4898	99.696	辛辣(170)/辣腕(48)/悪辣(33)/辣(21)/辣椒(8)/辣油(5)/辣醤(2)/口辣(1)/辣い(1)/辣韮(1)/鋭辣(1)
2795	饅	291	1.4898	99.697	饅頭(285)/饅(5)/肉饅(1)
2796	艘	290	1.4847	99.697	艘(290)
2797	莉	290	1.4847	99.698	闘莉王(98)/茉莉(73)/莉英(32)/茉莉子(17)/莉(13)/茉莉花(10)/莉津子(4)/莉花(4)/紗央莉(3)/莉っ(3)/莉緒(3)/莉莎子(3)/友莉(2)/柚莉愛(2)/由加莉(2)/莉奈(2)/莉子(2)/莉菜(2)/世莉(1)/光莉(1)
2798	閤	290	1.4847	99.698	太閤(276)/閤門(9)/伏閤(1)/先閤(1)/大閤(1)/閤(1)/閤邨(1)
2799	祓	289	1.4796	99.699	祓い(127)/祓(41)/祓う(31)/大祓(29)/祓っ(17)/祓える(5)/祓戸(5)/祓詞(5)/修祓(4)/祓い清め(4)/祓え串(4)/祓え(3)/祓ひ(3)/祓おう(2)/祓わ(2)/悪祓(1)/清め祓い(1)/祓い去る(1)/祓い清める(1)/祓い除い(1)
2800	搗	288	1.4745	99.699	土搗き(66)/搗き(62)/石搗き(37)/搗い(25)/搗く(14)/搗き固める(13)/米搗き(9)/搗き固め(8)/地搗き(7)/搗精(7)/搗(6)/搗き手(6)/餅搗き(5)/搗か(4)/蛸搗き(4)/搗米(3)/米搗(3)/搗け(2)/餅搗(2)/搗きあげ(1)
2801	斡	288	1.4745	99.700	斡旋(281)/斡離不(3)/斡(2)/斡本(2)
2802	棹	288	1.4745	99.700	梅棹(123)/棹(95)/棹さし(18)/棹銅(9)/肉棹(8)/竹棹(7)/棹さす(5)/太棹(4)/棹させ(4)/棹差す(3)/旗棹(2)/棹ささ(1)/棹さしゃ(1)/棹天(1)/棹差し(1)/棹河(1)/棹立ち(1)/棹竹(1)/棹縁(1)/棹舟(1)
2803	歎	288	1.4745	99.701	歎異(63)/歎き(39)/歎願(31)/讃歎(17)/悲歎(15)/感歎(15)/歎く(15)/歎い(13)/歎(12)/歎息(10)/愁歎(7)/慨歎(6)/歎声(6)/歎か(5)/詠歎(5)/驚歎(5)/歎じ(4)/歎き悲しん(3)/歎き悲しむ(2)/歎ぜ(2)
2804	痔	288	1.4745	99.701	痔(202)/痔核(26)/内痔(13)/切れ痔(10)/痔瘻(9)/痔主(8)/痔疾(7)/いぼ痔(5)/痔ろう(4)/外痔(2)/痔持ち(2)
2805	舅	288	1.4745	99.702	舅(245)/舅姑(29)/小舅(13)/舅風(1)
2806	鉤	288	1.4745	99.702	鉤(155)/鉤爪(48)/鉤縄(12)/鉤鼻(9)/鉤の手(8)/毛鉤(7)/無鉤(6)/鉤型(4)/鉤形(4)/鉤裂き(4)/鉤針(4)/双鉤(3)/正鉤(3)/単鉤(2)/手鉤(2)/有鉤(2)/筋鉤(2)/釣鉤(2)/鉤引き(2)/鉤棒(2)
2807	蝕	287	1.4694	99.703	腐蝕(39)/蝕ま(31)/蝕ん(31)/う蝕(30)/侵蝕(23)/蝕(23)/蝕む(21)/浸蝕(14)/蝕み(12)/齲蝕(12)/日蝕(10)/酸蝕(9)/月蝕(7)/蝕甚(5)/海蝕(4)/耐蝕(4)/蝕し(3)/病蝕(2)/風蝕(2)/水蝕(1)
2808	瘡	286	1.4642	99.703	疱瘡(97)/褥瘡(92)/瘡(53)/瘡蓋(14)/痘瘡(8)/痊瘡(4)/裳瘡(4)/ざ瘡(3)/蓐瘡(2)/金瘡(2)/凍瘡(1)/痤瘡(1)/瘡ぶた(1)/瘡守(1)/瘡痍(1)/瘡瘍(1)/瘡開(1)
2809	聯	286	1.4642	99.704	聯合(68)/聯隊(62)/聯(37)/関聯(18)/ソ聯(16)/聯想(15)/聯邦(15)/春聯(8)/聯盟(8)/華聯(7)/上聯(5)/下聯(5)/対聯(3)/聯句(3)/文聯(2)/聯通(2)/聯関(2)/頷聯(2)/楷書五言聯(1)/聯展(1)
2810	鋸	286	1.4642	99.704	鋸(141)/鋸歯(61)/鋸山(13)/鋸筋(10)/大鋸(9)/帯鋸(7)/舟鋸(7)/大鋸屑(6)/鋸岳(6)/糸鋸(5)/金鋸(5)/竹鋸(4)/鋸南(3)/電鋸(3)/鋸屑(2)/丸鋸(1)/円鋸(1)/手鋸(1)/鋸盤(1)
2811	徘	285	1.4591	99.705	徘徊(283)/徘徊う(1)/徘徊っ(1)
2812	擢	283	1.4489	99.705	抜擢(279)/擢(4)
2813	嗚	282	1.4438	99.705	嗚咽(162)/嗚呼(87)/素戔嗚(19)/素盞嗚(4)/嗚(3)/嗚〜呼(3)/嗚乎(1)/嗚蛇(1)/嗚門(1)/素蓋嗚(1)
2814	酉	282	1.4438	99.706	酉(97)/辛酉(51)/酉年(50)/丁酉(17)/酉の市(15)/癸酉(10)/乙酉(9)/三の酉(6)/己酉(5)/酉澤(5)/酉子(4)/申酉(3)/酉陽(3)/一の酉(2)/初酉(1)/未申酉生まれ(1)/酉次(1)/酉福(1)/酉造(1)
2815	嚢	281	1.4386	99.706	嚢(48)/胆嚢(43)/嚢胞(33)/陰嚢(31)/壒嚢(28)/嚢腫(24)/胎嚢(14)/気嚢(10)/土嚢(9)/背嚢(8)/子嚢(7)/氷嚢(5)/毛嚢(4)/卵嚢(3)/嚢中(3)/砂嚢(3)/指嚢(2)/嚢子(1)/嚢（のう）状(1)/心嚢(1)
2816	糠	280	1.4335	99.707	糠(83)/糠手子(36)/糠床(27)/糠漬け(27)/米糠(24)/糟糠(15)/糠袋(11)/糠雨(10)/糠谷(9)/白糠(7)/糠平(7)/糠漬(7)/糠部(6)/小糠(4)/粉糠(4)/粟糠(1)/糠助(1)/糠手(1)
2817	腟	280	1.4335	99.707	腟(124)/腟壁(37)/腟部(33)/腟内(23)/腟脱(23)/腟炎(13)/経腟(10)/腟外(5)/腟口(3)/腟鏡(3)/腟式(2)/腟柱(2)/腟癌(1)/腟鉤(1)
2818	齋	280	1.4335	99.708	齋藤(133)/齋(34)/成齋(30)/静齋(18)/周齋(11)/拙齋(11)/齋木(8)/強齋(7)/惺齋(7)/一齋(5)/弦齋(3)/仁齋(2)/訒齋(2)/剛齋(1)/又號熹齋(1)/叡齋(1)/安齋(1)/尚齋(1)/潤齋(1)/聊齋(1)
2819	亥	279	1.4284	99.708	亥(98)/辛亥(56)/亥年(36)/亥之吉(23)/亥の子(15)/朱亥(13)/癸亥(11)/亥鼻(9)/亥歳(3)/仇亥(3)/戌亥(3)/胡亥(3)/丁亥(2)/亥之介(1)/亥之助(1)/亥子(1)/亥月(1)
2820	戮	279	1.4284	99.709	殺戮(260)/誅戮(7)/戮力(5)/戮(2)/惨戮(1)/戮し(1)/戮せ(1)/戮殺(1)/殲戮(1)
2821	攪	279	1.4284	99.709	攪乱(170)/攪拌(100)/攪乳(7)/攪(1)/攪亂(1)
2822	偲	278	1.4233	99.710	偲ぶ(95)/偲ん(64)/偲ば(63)/偲び(42)/偲(4)/偲び手(2)/偲べる(2)/偲佑(2)/偲草(2)/偲べ(1)/偲ぼう(1)
2823	沫	278	1.4233	99.710	飛沫(140)/泡沫(44)/沫若(26)/血飛沫(25)/水飛沫(23)/沫(7)/水沫(3)/塗沫(2)/天沫(1)/沫だっ(1)/沫標(1)/沫立つ(1)/沫録(1)/波飛沫(1)/白沫(1)/雨飛沫(1)
2824	蔡	278	1.4233	99.711	蔡(135)/蔡瑁(51)/蔡邕(21)/蔡京(18)/蔡峨(10)/蔡叔(9)/管蔡(5)/陳蔡(4)/上蔡(3)/蔡家溝(3)/蔡九(2)/蔡和(2)/蔡温(2)/蔡陽(2)/蔡仲(1)/蔡儁(1)/蔡勲(1)/蔡宏(1)/蔡慶(1)/蔡沢(1)
2825	蕩	278	1.4233	99.711	放蕩(110)/蕩け(27)/淫蕩(26)/蕩尽(25)/遊蕩(21)/駘蕩(14)/掃蕩(10)/蕩児(8)/蕩ける(5)/蕩減(5)/蕩々(3)/揺蕩(2)/蕩かす(2)/蕩子(2)/蕩揺(2)/蕩然(2)/人蕩らし(1)/女蕩し(1)/娘蕩し(1)/振蕩(1)
2826	謗	278	1.4233	99.712	誹謗(210)/謗法(27)/謗ら(9)/謗り(9)/謗る(7)/謗っ(6)/讒謗(4)/謗(3)/毀謗(2)/謗ろう(1)
2827	鞠	278	1.4233	99.712	鞠(125)/蹴鞠(101)/鞠精(11)/手鞠(10)/鞠躬(8)/鞠庭(5)/鞠子(4)/鞠壺(3)/鞠江(3)/鞠足(3)/鞠場(2)/庭鞠(1)/鞠塢(1)/鞠恵(1)
2828	芙	277	1.4182	99.713	芙美子(104)/芙蓉(96)/芙美(36)/芙佐(6)/芙龍(6)/先芙(5)/芙有香(5)/憲芙(4)/芙豪(3)/芙沙子(2)/芙洋(2)/洎芙藍(1)/芙(1)/芙充央(1)/芙季(1)/芙容(1)/芙恵(1)/芙美枝(1)/芙羽(1)
2829	寓	276	1.4130	99.713	寓話(116)/寓意(64)/寓居(34)/寄寓(20)/仮寓(12)/流寓(6)/寓し(5)/同寓(3)/公寓(2)/寓(2)/寓する(2)/寓さ(1)/寓す(1)/寓一(1)/寓喩(1)/寓所(1)/寓焉(1)/寓言(1)/寓（ぐう）話(1)/新寓(1)
2830	櫃	276	1.4130	99.713	櫃(93)/唐櫃(47)/岩櫃(29)/聖櫃(22)/小櫃(16)/米櫃(16)/鎧櫃(9)/長櫃(7)/板櫃(6)/木櫃(5)/折櫃(4)/横櫃(3)/櫃ヶ山(3)/櫃田(3)/玉櫃(3)/石櫃(3)/洋櫃(2)/古櫃(1)/櫃山(1)/櫃石(1)
2831	鱒	276	1.4130	99.714	鱒(139)/鱒二(57)/鱒男(46)/鱒沢(11)/姫鱒(4)/鱒寿司(4)/塩鱒(3)/虹鱒(3)/川鱒(2)/鮭鱒(2)/鱒釣り(2)/五月鱒(1)/養鱒(1)/鱒雄(1)
2832	濾	275	1.4079	99.714	濾過(177)/濾胞(48)/濾し(19)/濾す(7)/濾紙(5)/濾液(4)/濾し取っ(3)/濾さ(2)/濾丘(2)/濾材(2)/濾しとっ(1)/濾しとら(1)/濾し布(1)/濾せ(1)/濾元(1)/濾出(1)
2833	淘	274	1.4028	99.715	淘汰(273)/淘(1)
2834	諺	274	1.4028	99.715	諺(237)/俚諺(10)/諺解(7)/俗諺(5)/法諺(5)/諺文(3)/和諺(2)/諺語(2)/世諺(1)/西諺(1)/諺蔵(1)
2835	譚	274	1.4028	99.716	譚(226)/綺譚(22)/奇譚(21)/譚詩(2)/虚譚(1)/譚峭(1)/譚忠(1)
2836	噺	273	1.3977	99.716	噺(164)/噺家(62)/お伽噺(20)/昔噺(10)/御伽噺(6)/小噺(4)/噺本(3)/おとぎ噺(2)/落し噺(1)/落とし噺(1)
2837	繡	273	1.3977	99.717	刺繡(243)/繡(13)/錦繡(8)/繡帳(3)/張繡(2)/金繡(2)/繡い取り(1)/繡し(1)
2838	苺	273	1.3977	99.717	苺(231)/木苺(13)/野苺(6)/苺味(5)/蛇苺(3)/雛苺(3)/姫苺(2)/苺狩り(2)/苺色(2)/雪苺(2)/烏斂苺(1)/苺柄(1)/苺畑(1)/苺舌(1)
2839	靭	273	1.3977	99.718	強靭(121)/靭帯(91)/靭性(37)/靭(17)/靭猿(3)/靭負部(2)/靭彦(1)/靭殻(1)
2840	丙	272	1.3926	99.718	丙(177)/丙種(33)/丙午(20)/趙丙(13)/丙辰(11)/丙寅(9)/丙子(3)/丙仲(2)/丙濘(2)/丙丁(1)/孫丙(1)
2841	檎	272	1.3926	99.719	林檎(272)
2842	嗟	271	1.3875	99.719	咄嗟(217)/怨嗟(30)/嗟(9)/嗟嘆(6)/傷嗟(3)/嗟呼(3)/久嗟(1)/吁嗟(1)/嗟き(1)
2843	捏	271	1.3875	99.719	捏造(182)/捏ね(39)/捏ねる(19)/捏鉢(11)/手捏ね(4)/捏(3)/捏ね上げ(3)/湯捏ね(3)/手捏(2)/捏ねくり(1)/捏ね上がる(1)/捏ね回さ(1)/捏ね回し(1)/捏ね回す(1)
2844	裔	270	1.3823	99.720	末裔(172)/後裔(64)/裔(25)/弓裔(7)/子裔(1)/苗裔(1)
2845	墾	269	1.3772	99.720	開墾(218)/墾田(17)/墾(15)/未墾(11)/墾る(2)/切り墾い(1)/墾く(1)/墾り(1)/墾丁(1)/墾道(1)/農墾(1)
2846	悉	269	1.3772	99.721	悉く(127)/悉皆(43)/知悉(36)/悉(31)/蘇悉地(11)/悉有(7)/悉曇(5)/悉ク(3)/悉地(3)/悉昌(1)/悉直(1)/皆悉(1)
2847	蠣	268	1.3721	99.721	牡蠣(224)/生牡蠣(12)/蠣殻町(6)/岩牡蠣(3)/牡蠣殻(3)/蠣(3)/蠣崎(3)/牡蠣ひび(2)/牡蠣貝(2)/牡蠣飯(2)/剝蠣(1)/焼き牡蠣(1)/牡蠣油(1)/牡蠣粥(1)/牡蠣鍋(1)/蠣久(1)/蠣太(1)/蠣殻(1)
2848	憚	267	1.3670	99.722	憚ら(82)/忌憚(69)/憚る(42)/憚っ(25)/憚り(21)/憚(7)/憚かる(6)/憚から(5)/憚かり(2)/憚れ(2)/恐れ憚っ(1)/慴憚(1)/憚かっ(1)/憚かつ(1)/憚ろう(1)/畏憚(1)
2849	榴	267	1.3670	99.722	手榴(121)/柘榴(46)/榴弾(33)/海石榴(23)/榴(18)/石榴(14)/海石榴市(7)/榴ケ岡(2)/榴ヶ岡(1)/海拓榴(1)/海柘榴市(1)
2850	邑	267	1.3670	99.723	邑(98)/邑久(28)/中邑(12)/城邑(12)/豊邑(12)/都邑(10)/邑楽(8)/陶邑(8)/雒邑(8)/邑智(7)/山邑(6)/紀邑(4)/邑主(4)/仲邑(3)/安邑(3)/田邑(3)/邑南(3)/乗邑(2)/大邑(2)/小邑(2)
2851	衷	265	1.3567	99.723	折衷(196)/苦衷(29)/衷心(27)/衷(8)/微衷(3)/衷情(2)
2852	謁	265	1.3567	99.724	謁見(135)/拝謁(93)/謁し(11)/謁(7)/面謁(7)/謁する(4)/謁す(3)/賜謁(3)/謁え(1)/謁せ(1)
2853	亨	264	1.3516	99.724	亨(176)/元亨(31)/亨俊(10)/運亨(9)/亨司(5)/祐亨(4)/亨る(3)/亨代(3)/亨け(2)/亨二(2)/亨黙(2)/咸亨(2)/彭亨(2)/時亨(2)/亨吉(1)/亨國(1)/亨碩(1)/俊亨(1)/信亨(1)/啓亨(1)
2854	匈	264	1.3516	99.724	匈奴(261)/匈双(1)/匈和(1)/匈奴鉄弗(1)
2855	彗	264	1.3516	99.725	彗星(257)/彗(4)/孛彗(1)/彗佳(1)/彗君(1)
2856	瑚	264	1.3516	99.725	珊瑚(264)
2857	絢	263	1.3465	99.726	絢爛(130)/絢子(82)/絢姫(19)/絢(17)/絢香(15)
2858	罫	263	1.3465	99.726	罫線(233)/罫(13)/罫紙(9)/飾り罫(3)/横罫(2)/罫巻き(1)/裏罫(1)/赤罫(1)
2859	隋	262	1.3414	99.727	隋(156)/隋書(34)/遣隋(31)/隋唐(21)/隋軍(11)/隋代(5)/隋末(4)
2860	埴	261	1.3362	99.727	埴輪(145)/更埴(30)/埴原(22)/埴(19)/埴谷(10)/埴生(9)/埴科(7)/赤埴(7)/埴田(5)/埴土(3)/埴山姫(1)/白埴(1)/盧埴(1)/黄埴(1)
2861	悸	261	1.3362	99.728	動悸(244)/心悸(15)/悸(1)/悸れ(1)
2862	畝	261	1.3362	99.728	畝(192)/畝傍(21)/南畝(16)/千畝(11)/畝間(6)/畝高(3)/畎畝(2)/畝幅(2)/青畝(2)/麦畝(2)/寛畝(1)/畝数(1)/畝立て(1)/耕畝(1)
2863	蓬	261	1.3362	99.728	蓬(74)/蓬萊(58)/蓬莱(42)/蓬髪(24)/蓬生(21)/蓬峠(11)/蓬田(8)/蓬沢(4)/孤蓬(3)/朔蓬(3)/蓬々(2)/蓬左(2)/蓬莢(2)/蓬餅(2)/苦蓬(1)/蓬色(1)/蓬茅(1)/蓬餠(1)/蓬麩(1)
2864	矩	260	1.3311	99.729	矩形(107)/宗矩(40)/規矩(34)/矩(18)/長矩(15)/正矩(11)/不矩(6)/重矩(6)/茲矩(4)/直矩(3)/規矩雄(3)/友矩(2)/孝矩(2)/矩子(2)/一矩(1)/善矩(1)/忠矩(1)/矩準(1)/裴矩(1)/規矩治(1)
2865	虔	259	1.3260	99.729	敬虔(239)/虔(14)/虔ましい(2)/恭虔(1)/敬‐虔(1)/晴虔(1)/虔次郎(1)
2866	梓	258	1.3209	99.730	梓(147)/上梓(77)/梓川(28)/梓君(3)/玉梓(2)/梓巫女(1)
2867	楢	258	1.3209	99.730	楢崎(75)/楢(65)/楢山(25)/楢橋(21)/楢柴(14)/楢林(13)/楢葉(11)/楢本(6)/楢重(6)/楢原(5)/楢下(3)/楢戸(3)/楢﨑(3)/小楢(2)/楢彦(2)/楢渡(2)/楢川(1)/水楢(1)
2868	珈	257	1.3158	99.731	珈琲(247)/珈司(3)/珈流(2)/珈(1)/珈屋(1)/珈排(1)/珈論(1)/珈郡(1)
2869	倹	256	1.3107	99.731	倹約(161)/大倹(33)/勤倹(27)/倹(10)/節倹(8)/恭倹(4)/倹しい(3)/倹亮(2)/丘倹(1)/倹勤(1)/倹学(1)/倹格(1)/倹素(1)/倹路(1)/元倹(1)/豊倹院(1)
2870	脹	256	1.3107	99.731	腫脹(117)/膨脹(63)/脹れ(16)/脹らん(12)/脹脛(10)/脹れ上がっ(7)/脹らま(5)/脹(4)/脹ら脛(2)/脹れあがっ(2)/脹れ上がる(2)/脹ん(2)/䐜脹(1)/下脹れ(1)/水脹れ(1)/満脹(1)/火脹れ(1)/脹らか(1)/脹らまし(1)/脹らみ(1)
2871	賽	255	1.3055	99.732	賽銭(107)/賽(88)/賽の河原(26)/賽の目(15)/奉賽(8)/賽子(5)/報賽(4)/賽唐猊(2)
2872	燗	254	1.3004	99.732	燗(117)/熱燗(70)/燗酒(42)/ぬる燗(15)/燗番(4)/上燗(2)/温燗(2)/あつ燗(1)/燗鍋(1)
2873	諧	254	1.3004	99.733	俳諧(193)/諧謔(27)/諧調(24)/諧音(3)/長諧(3)/誹諧(2)/不諧(1)/諧(1)
2874	穣	253	1.2953	99.733	豊穣(102)/穣太郎(64)/穣(47)/穣治(40)
2875	賂	253	1.2953	99.734	賄賂(249)/賂(3)/賂い(1)
2876	鍬	253	1.2953	99.734	鍬(154)/鍬形(25)/鍬太郎(15)/馬鍬(12)/鍬入れ(7)/豊鍬入姫(6)/黒鍬(6)/唐鍬(4)/石鍬(3)/鍬下(3)/平鍬(2)/御田鍬(2)/鋤鍬(2)/鍬ヶ崎(2)/鍬三郎(2)/鍬立て(2)/木鍬(1)/踏み鍬(1)/踏鍬(1)/鍬本(1)
2877	埠	250	1.2799	99.734	埠頭(243)/三正埠(2)/澳埠(2)/〓埠等(1)/商埠(1)/紅花埠(1)
2878	跨	250	1.2799	99.735	跨線(46)/跨い(39)/跨っ(36)/跨がっ(24)/跨ぐ(24)/跨ぎ(15)/跨り(14)/跨る(11)/跨がり(9)/跨がる(7)/跨が(5)/句跨(3)/跨つ(2)/跨ろう(2)/打ち跨っ(1)/跨(1)/跨がら(1)/跨がり乗っ(1)/跨ぎ越(1)/跨ぎ越え(1)
2879	填	249	1.2748	99.735	充填(139)/補填(57)/装填(30)/填補(9)/填まっ(3)/填(2)/填っ(2)/填め(2)/填める(1)/填井(1)/填圧(1)/填料(1)/填隙(1)
2880	琲	249	1.2748	99.736	珈琲(247)/琲(1)/琲虯(1)
2881	頚	249	1.2748	99.736	頚(90)/頚椎(67)/頚部(52)/頚管(14)/頚髄(11)/東頚(5)/中頚(3)/西頚(3)/平頚(1)/斜頚(1)/頚城(1)/頭頚(1)
2882	梵	248	1.2697	99.737	梵天(54)/梵語(50)/梵鐘(40)/梵(39)/梵字(22)/梵網(9)/梵我(6)/梵文(5)/梵珠(5)/梵釈(4)/梵仙(3)/梵篋(3)/梵刹(2)/梵名(2)/憍梵(1)/梵唄(1)/梵式(1)/梵筐(1)
2883	疱	248	1.2697	99.737	疱瘡(97)/水疱(91)/疱疹(43)/膿疱(8)/汗疱(5)/疱(2)/発疱(2)
2884	翅	248	1.2697	99.737	翅(169)/双翅(9)/鱗翅(9)/膜翅(8)/半翅(7)/翅脈(7)/鞘翅(7)/有翅(6)/金翅(5)/直翅(4)/前翅(3)/翅音(3)/魚翅(3)/後翅(2)/脈翅(2)/妙翅(1)/展翅(1)/翅芽(1)/裂け翅(1)
2885	捌	247	1.2646	99.738	捌き(60)/捌い(27)/捌く(26)/捌け(21)/捌け口(18)/捌か(9)/荷捌(9)/足捌き(9)/荷捌き(8)/捌ける(7)/売り捌い(5)/売り捌き(5)/売捌き(5)/手捌き(5)/売り捌く(4)/売捌(4)/捌(4)/水捌け(4)/売り捌か(3)/体捌き(2)
2886	祟	247	1.2646	99.738	祟り(144)/祟っ(28)/祟ら(22)/祟る(20)/祟(9)/祟り神(8)/祟り目(7)/祟り石(4)/祟つ(2)/祟り封じ(1)/祟り物(1)/祟リ(1)
2887	壜	246	1.2594	99.739	壜(211)/酒壜(10)/空壜(7)/薬壜(6)/壜詰(5)/壜詰め(3)/空き壜(2)/洗壜(1)/玻璃壜(1)
2888	嵩	245	1.2543	99.739	嵩(66)/年嵩(29)/増嵩(17)/嵩山(17)/水嵩(17)/嵩上げ(16)/嵩む(12)/御嵩(12)/嵩み(7)/嵩張る(6)/嵩じ(5)/嵩ん(5)/嵩高(4)/嵩ばる(3)/新嵩(3)/枝嵩(3)/亀嵩(2)/嵩ばっ(2)/嵩口(2)/嵩征(2)
2889	廓	245	1.2543	99.739	廓(92)/遊廓(87)/輪廓(10)/一廓(9)/廓清(9)/胸廓(9)/外廓(8)/廓然(6)/城廓(5)/廓咄(2)/廓遊び(2)/内廓(1)/廓ことば(1)/廓寥(1)/廓慧(1)/廓爾喀(1)/石廓(1)
2890	澱	245	1.2543	99.740	澱(60)/沈澱(52)/澱ん(52)/澱粉(40)/澱み(25)/澱む(8)/澱め(2)/言い澱み(2)/言い澱ん(2)/云い澱ま(1)/云い澱ん(1)
2891	筏	245	1.2543	99.740	筏(211)/筏流し(8)/花筏(7)/筏師(6)/筏士(4)/大筏(3)/筏橋(2)/筏下り(1)/筏宿(1)/筏釣り(1)/馬筏(1)
2892	屠	244	1.2492	99.741	屠殺(69)/浮屠(32)/屠蘇(28)/屠(21)/屠っ(19)/屠畜(19)/屠る(12)/屠り(9)/屠ら(8)/屠場(5)/屠所(5)/休屠(4)/屠龍(4)/屠れ(3)/屠り去っ(1)/屠り去ら(1)/屠殺子(1)/屠沽(1)/屠腹(1)/赴屠能瀰哆磨(1)
2893	犀	244	1.2492	99.741	犀川(139)/木犀(44)/犀(31)/犀星(16)/犀利(7)/犀之助(2)/犀角(2)/烏犀(1)/犀水(1)/霊犀(1)
2894	銚	244	1.2492	99.742	銚子(243)/銚電(1)
2895	屓	243	1.2441	99.742	贔屓(243)
2896	贔	243	1.2441	99.742	贔屓(243)
2897	遁	243	1.2441	99.743	隠遁(67)/遁走(47)/遁れ(29)/遁世(19)/遁げ(18)/遁(12)/遁甲(9)/遁げる(4)/遁辞(4)/遁がす(2)/遁し(2)/遁れよう(2)/遁れる(2)/遁れ出(2)/遁残(2)/遁逃(2)/隱遁(2)/夜遁(1)/見遁せ(1)/言い遁れ(1)
2898	饗	243	1.2441	99.743	饗宴(104)/饗応(53)/饗(48)/饗庭(22)/饗し(5)/饗膳(3)/饗せ(2)/早苗饗(1)/道饗(1)/饗する(1)/饗場(1)/饗客(1)/饗饌(1)
2899	鯖	243	1.2441	99.744	鯖(148)/鯖江(46)/鯖寿司(10)/塩鯖(9)/しめ鯖(8)/秋鯖(5)/鯖缶(5)/鯖寿し(3)/鯖雲(3)/〆鯖(2)/寒鯖(2)/鯖鮨(2)
2900	棘	242	1.2390	99.744	棘(206)/骨棘(11)/棘皮(8)/荊棘(6)/棘路(3)/有棘(1)/棘とげしかっ(1)/棘とげしく(1)/棘筋(1)/棘茨(1)/棘部(1)/棘魚(1)/棘鰭(1)
2901	蓑	242	1.2390	99.744	蓑島(73)/蓑(56)/隠れ蓑(48)/蓑虫(14)/蓑笠(13)/猿蓑(8)/腰蓑(5)/蓑毛(5)/蓑輪(5)/田蓑(3)/蓑原(3)/かくれ蓑(2)/兜蓑(2)/蓑山(2)/蓑束(2)/蓑田(1)
2902	靡	242	1.2390	99.745	風靡(115)/淫靡(57)/靡く(14)/死怒靡瀉酢(10)/靡い(9)/靡か(9)/靡き(9)/萎靡(6)/靡(6)/上靡(1)/胥靡(1)/邪靡堆(1)/靡かせ(1)/靡け(1)/靡こう(1)/風靡（び）(1)
2903	聚	241	1.2338	99.745	聚楽(78)/類聚(67)/聚落(27)/定聚(13)/聚(7)/聚光(7)/聚め(6)/積聚(4)/聚衆(3)/聚り(2)/聚会(2)/聚宝(2)/聚散(2)/聚義(2)/聚遠(2)/三聚(1)/屯聚(1)/法聚(1)/福聚(1)/聚っ(1)
2904	腋	241	1.2338	99.746	腋窩(88)/腋の下(67)/腋(26)/腋毛(21)/葉腋(17)/腋臭(15)/腋芽(4)/腋下(3)
2905	孵	240	1.2287	99.746	孵化(180)/孵卵(14)/孵っ(13)/孵る(8)/孵ら(7)/孵り(6)/孵す(5)/孵し(4)/孵(3)
2906	鵬	240	1.2287	99.746	大鵬(63)/白鵬(60)/鵬(39)/旭天鵬(20)/李鵬(18)/海鵬(11)/作鵬(5)/緋鵬(5)/露鵬(5)/鵬翔(3)/鵬飛(3)/鵬二(2)/柏鵬(1)/鵬仁(1)/鵬心(1)/鵬斎(1)/鵬程(1)/鵬芳(1)
2907	瀧	238	1.2185	99.747	瀧(78)/瀧口(36)/瀧川(22)/瀧之(18)/大瀧(16)/瀧井(14)/瀧本(7)/瀧澤(7)/瀧田(6)/瀧治郎(5)/瀧島(4)/飛瀧(4)/清瀧(3)/瀧安(3)/瀧村(3)/瀧太郎(2)/瀧水(2)/瀧沢(2)/瀧下(1)/瀧子(1)
2908	痘	238	1.2185	99.747	痘(138)/水痘(39)/種痘(37)/痘瘡(8)/牛痘(6)/痘痕(4)/痘科(2)/護痘(2)/人痘(1)/痘苗(1)
2909	靱	238	1.2185	99.748	靱帯(132)/強靱(79)/靱(13)/靱性(5)/靱負(3)/宏靱(2)/正靱(1)/靱本町(1)/靱猿(1)/靱草(1)
2910	啜	237	1.2134	99.748	啜っ(67)/啜り(63)/啜る(47)/啜り泣き(11)/啜り泣く(9)/啜り泣い(7)/吸啜(6)/啜り上げ(6)/啜ら(4)/啜り泣か(3)/啜(2)/啜つ(2)/啜り取っ(1)/啜り哭く(1)/啜り込み(1)/啜り込む(1)/啜り込ん(1)/啜れ(1)/啜ノミニテ(1)/啜茶(1)
2911	脛	237	1.2134	99.748	脛(124)/脛骨(46)/七掬脛(14)/脹脛(10)/向こう脛(8)/脛巾(7)/毛脛(5)/脛当て(5)/左脛(3)/脛斬り(3)/脛齧り(3)/ふくら脛(2)/向う脛(2)/脹ら脛(2)/脛毛(1)/脛穿(1)/脛節(1)
2912	蠅	237	1.2134	99.749	蠅(190)/甘蠅(9)/黒蠅(9)/五月蠅い(7)/金蠅(3)/五月蠅かっ(2)/五月蠅く(2)/蠅とり(2)/蠅取(2)/蠅取り(2)/五月蠅(1)/五月蠅し(1)/牛蠅(1)/糞蠅(1)/蒼蠅く(1)/蠅叩き(1)/蠅帳(1)/銀蠅(1)/馬蠅(1)
2913	鉾	237	1.2134	99.749	鉾(83)/蒲鉾(50)/山鉾(33)/鉾先(28)/逆鉾(7)/笹蒲鉾(5)/鉾田(5)/傘鉾(3)/笠鉾(3)/鉾町(3)/片鉾本町(2)/片鉾東町(2)/鉾建て(2)/鉾車(2)/かさ鉾(1)/天御鉾(1)/鉄鉾(1)/鉾ヶ岳(1)/鉾ヶ峯(1)/鉾名(1)
2914	拮	236	1.2083	99.750	拮抗(222)/拮坑(7)/拮橋(4)/拮据(2)/拮屈(1)
2915	瞞	236	1.2083	99.750	欺瞞(200)/瞞着(13)/偽瞞(8)/瞞さ(7)/瞞(4)/瞞し(3)/瞞せ(1)
2916	誹	236	1.2083	99.750	誹謗(210)/誹る(7)/誹ら(5)/誹り(5)/誹(2)/誹っ(2)/誹諧(2)/誹れ(1)/誹腹(1)/誹議(1)
2917	弐	235	1.2031	99.751	弐(122)/大弐(40)/少弐(34)/亜弐(21)/弐平(13)/亮弐(2)/弐薩体(2)/〓垸弐(1)
2918	籾	235	1.2031	99.751	籾(113)/籾殻(39)/籾山(19)/種籾(16)/籾数(13)/籾通し(11)/籾打ち(7)/籾摺り(4)/籾がら(3)/籾米(3)/実籾(2)/籾篩(2)/稲籾(1)/籾井(1)/籾摺(1)
2919	吃	234	1.1980	99.752	吃驚(82)/吃音(53)/吃り(22)/吃(16)/吃っ(15)/吃水(13)/吃る(12)/吃ら(8)/吃飯(4)/吃〓(2)/吃れ(1)/吃ろう(1)/吃人(1)/吃逆(1)/吃飯了(1)/吃驚り(1)/好吃(1)
2920	襞	234	1.1980	99.752	襞(167)/肉襞(29)/柔襞(14)/山襞(6)/膣襞(4)/襞口(3)/皺襞(2)/箱襞(2)/襞飾り(2)/内襞(1)/花襞(1)/襞々(1)/襞襟(1)/頸襞(1)
2921	鬘	234	1.1980	99.752	玉鬘(113)/鬘(96)/勝鬘(12)/華鬘(9)/ボテ鬘(1)/生締鬘(1)/花鬘(1)/鬘物(1)
2922	耀	233	1.1929	99.753	耀子(53)/耀蔵(41)/耀東(27)/耀邦(22)/お耀(19)/栄耀(12)/耀(8)/耀華(7)/宣耀(4)/耀司(4)/耀き(3)/耀く(3)/耀勲(2)/耀南(2)/耀国(2)/耀明(2)/耀貝(2)/費耀(2)/光耀(1)/庭耀(1)
2923	菖	233	1.1929	99.753	菖蒲(186)/花菖蒲(27)/石菖(12)/菖蒲園(8)
2924	邁	232	1.1878	99.754	邁進(146)/高邁(64)/邁(9)/英邁(8)/豪邁(4)/靖邁(1)
2925	餡	232	1.1878	99.754	餡(140)/餡子(24)/漉し餡(12)/白餡(12)/餡かけ(10)/こし餡(8)/粒餡(6)/つぶし餡(4)/餡こ(4)/明餡(3)/餡ころ(2)/餡蜜(2)/コシ餡(1)/晒し餡(1)/漉餡(1)/製餡(1)/餡まん(1)
2926	鴉	232	1.1878	99.754	鴉(187)/大鴉(20)/烏鴉兵(8)/渡鴉(3)/鴉沼(3)/はぐれ鴉(1)/寒鴉(1)/小鴉(1)/暁鴉(1)/烏鴉(1)/神鴉(1)/老鴉(1)/金鴉(1)/鳶鴉(1)/鴉片(1)/鴉猫(1)
2927	曼	231	1.1827	99.755	曼荼羅(70)/曼珠沙華(63)/曼陀羅(46)/曼茶羅(21)/曼殊(12)/浪曼(10)/曼(2)/曼的(2)/日耳曼(1)/曼公(1)/曼利(1)/曼子(1)/曼魚(1)
2928	漑	231	1.1827	99.755	灌漑(213)/潅漑(18)
2929	焰	231	1.1827	99.756	焰(121)/火焰(65)/気焰(14)/焰硝(10)/焰々(5)/福焰(5)/水焰(3)/白焰斧(2)/勢焰(1)/焰えさかり(1)/焰慧(1)/焰色(1)/猛焰(1)/苦焰(1)
2930	鼎	231	1.1827	99.756	鼎(113)/順鼎(18)/鼎立(15)/宝鼎(13)/鼎談(12)/玉鼎(10)/鼎芬(8)/鼎蔵(8)/方鼎(6)/盂鼎(4)/石鼎(3)/雪鼎(3)/鼎昌(3)/碩鼎(2)/鼎湖(2)/鼎足(2)/九鼎・大呂(1)/克鼎(1)/列鼎(1)/牛鼎(1)
2931	聘	230	1.1775	99.756	招聘(187)/聘(25)/文聘(6)/聘せ(4)/聘し(3)/聘か(2)/聘用(2)/傭聘セシムルコト(1)
2932	虞	230	1.1775	99.757	虞(123)/虞犯(39)/虞翻(26)/虞れ(20)/勝虞(5)/虞韶(4)/英虞(3)/虞仲(3)/虞舜(2)/劉虞(1)/虞るる(1)/虞れる(1)/虞人(1)/郎虞(1)
2933	塑	228	1.1673	99.757	可塑(101)/塑性(63)/塑像(33)/彫塑(22)/塑造(5)/弾塑性(2)/塑仏(1)/塑形(1)
2934	戊	228	1.1673	99.757	戊辰(155)/戊午(14)/戊戌(14)/戊子(13)/戊寅(11)/戊(9)/戊申(7)/戊己(4)/司母戊(1)
2935	錨	228	1.1673	99.758	錨(123)/投錨(41)/錨泊(24)/錨地(14)/抜錨(8)/錨鎖(7)/錨綱(5)/錨索(3)/揚錨(1)/転錨(1)/錨草(1)
2936	厘	227	1.1622	99.758	厘(222)/厘差(3)/五厘沢町(1)/厘毛(1)
2937	紬	227	1.1622	99.759	紬(194)/島紬(11)/紬糸(6)/都紬(4)/重紬子(4)/紬地(3)/紬ぎ(2)/手紬(1)/白紬(1)/繭紬(1)
2938	錫	227	1.1622	99.759	錫(100)/錫杖(57)/無錫(11)/錫縁(10)/巡錫(9)/基錫(8)/閻錫(5)/掛錫(4)/留錫(3)/錫山(3)/錫箔(3)/禹錫(2)/錫基(2)/錫林(2)/錫柱(2)/仁錫(1)/泰錫(1)/錫厚(1)/錫板(1)/錫洋(1)
2939	硯	226	1.1571	99.759	硯(126)/硯箱(41)/硯友(38)/筆硯(7)/硯川(4)/硯石(3)/神硯(2)/秋硯(2)/懐硯(1)/硯夫(1)/硯洗い(1)
2940	謬	226	1.1571	99.760	誤謬(137)/無謬(50)/謬(11)/謬見(11)/謬説(6)/謬り(4)/謬論(3)/謬っ(1)/謬り用い(1)/謬る(1)/謬れ(1)
2941	逼	226	1.1571	99.760	逼迫(177)/逼塞(30)/逼っ(4)/逼ら(4)/侵逼(2)/逼(2)/逼る(2)/官逼(1)/逼む(1)/逼り(1)/逼れ(1)/逼蒋(1)
2942	鰻	226	1.1571	99.761	鰻(175)/鰻屋(21)/鰻重(10)/鰻丼(6)/海鰻(3)/鰻谷(3)/鰻上り(2)/鰻登り(2)/養鰻(1)/鰻串(1)/鰻漁(1)/鰻男(1)
2943	禰	225	1.1519	99.761	宿禰(111)/禰衡(43)/禰宜(17)/多賀禰(15)/刀禰(4)/曾禰(4)/禰寝(4)/美禰(4)/見禰(4)/曽禰(3)/禰津(3)/美禰子(3)/加禰(2)/禰(2)/た禰(1)/多禰(1)/禰嶋(1)/禰神(1)/禰軍(1)/禰麻呂(1)
2944	贋	224	1.1468	99.761	贋物(66)/贋作(65)/贋(41)/真贋(31)/贋金(8)/贋札(6)/贋造(5)/贋者(2)
2945	馨	224	1.1468	99.762	馨(206)/馨り(3)/明馨(2)/貞馨(2)/馨しい(2)/馨八郎(2)/伊馨耆(1)/寧馨(1)/馨しく(1)/馨る(1)/馨れ(1)/馨子(1)/馨遠(1)
2946	勒	223	1.1417	99.762	弥勒(163)/勒(17)/鉄勒(5)/水勒(4)/馬勒(4)/徳勒津(3)/疏勒(3)/大勒(2)/小勒(2)/石勒(2)/装勒(2)/訶梨勒(2)/貝勒(2)/勒し(1)/勒する(1)/勒せ(1)/勒之(1)/勒柯(1)/干勒(1)/敕勒(1)
2947	衙	223	1.1417	99.762	官衙(98)/国衙(58)/郡衙(30)/衙門(28)/登衙(2)/衙遺(2)/公衙(1)/内衙(1)/当衙(1)/衙(1)/衙卒(1)
2948	饉	223	1.1417	99.763	飢饉(216)/饑饉(7)
2949	宕	222	1.1366	99.763	愛宕(193)/宕陰(23)/豪宕(2)/宕峻(1)/宕海(1)/宕蔭(1)/愛宕下町(1)
2950	蘆	222	1.1366	99.764	葫蘆(57)/蘆花(49)/蘆(46)/蘆屋(19)/蘆溝(14)/葫蘆島(7)/寄蘆(6)/蘆名(4)/蘆管(3)/枯蘆(2)/蘆刈(2)/蘆水(2)/蘆荻(2)/寿語蘆久(1)/蘆庵(1)/蘆手(1)/蘆村(1)/蘆毛(1)/蘆田(1)/蘆笛(1)
2951	會	221	1.1315	99.764	會(99)/町會(19)/都會(11)/會津(10)/社會(10)/商會(9)/機會(7)/會古(6)/會つ(5)/會ふ(5)/會社(3)/神會(3)/議會(3)/國會(2)/摩阿陀會(2)/會は(2)/會田(2)/會舘(2)/覽會(2)/三會(1)
2952	燻	221	1.1315	99.764	燻製(87)/燻煙(26)/燻蒸(13)/燻し(11)/燻っ(11)/燻り(10)/燻し銀(8)/燻す(8)/燻さ(7)/燻(6)/燻りがっこ(6)/燻る(5)/燻ら(4)/燻ん(4)/燻らす(2)/燻肉(2)/ムジナ燻し(1)/熱燻(1)/燻し出し(1)/燻ぶっ(1)
2953	靄	221	1.1315	99.765	靄(180)/朝靄(31)/夕靄(6)/靄っ(2)/寒靄(1)/雨靄(1)
2954	尤	220	1.1263	99.765	尤も(173)/尤(32)/尤度(4)/尤め(3)/尤渓(3)/尤孝(2)/最尤(2)/蚩尤(1)
2955	尹	220	1.1263	99.765	尹(116)/伊尹(20)/信尹(20)/尹端(19)/府尹(6)/三尹(4)/道尹(4)/宗尹(3)/尹夫(3)/州尹(3)/師尹(3)/関尹(3)/尹子(2)/尹明(2)/尹祥(2)/尹喜(1)/尹房(1)/尹文(1)/尹盛(1)/尹黙(1)
2956	托	220	1.1263	99.766	托鉢(83)/托し(36)/托生(21)/茶托(13)/托(8)/托塔(8)/托さ(7)/托する(7)/托す(5)/委托(4)/屈托(4)/托せ(4)/托卵(3)/仮托(2)/依托(2)/信托(2)/托克托(2)/托言け(2)/全托(1)/托せよ(1)
2957	澪	220	1.1263	99.766	澪(187)/澪子(24)/澪標(6)/澪筋(2)/澪つくし(1)
2958	絣	220	1.1263	99.767	絣(165)/絵絣(13)/紺絣(10)/矢絣(8)/絣柄(6)/絣糸(5)/白絣(3)/経絣(3)/たて絣(2)/段絣(2)/矢絣り(1)/絣足(1)/絹絣(1)
2959	聾	220	1.1263	99.767	聾(149)/聾啞(25)/聾する(15)/聾唖(11)/聾者(7)/聾し(5)/聾せ(5)/聾す(1)/聾桟敷(1)/語聾(1)
2960	鶯	220	1.1263	99.767	鶯(153)/鶯哥(11)/鶯谷(11)/鶯色(10)/鶯宿(8)/鶯母(5)/鶯神楽(4)/老鶯(3)/鶯嬌(3)/鶯父(3)/鶯亭(2)/鶯餅(2)/山鶯(1)/藪鶯(1)/鶯塚(1)/鶯張り(1)/鶯菜(1)
2961	黎	220	1.1263	99.768	黎明(140)/黎元(14)/黎深(14)/黎平(13)/黎(11)/黎人(8)/青黎(6)/闍黎(4)/黎子(3)/黎二(2)/黎鉏(2)/麗黎(1)/黎時(1)/黎陽(1)
2962	劾	219	1.1212	99.768	弾劾(216)/劾(3)
2963	篭	219	1.1212	99.768	灯篭(54)/篭(45)/燈篭(17)/篭っ(15)/篭城(12)/引き篭もり(7)/篭り(7)/旅篭(6)/切篭(4)/引き篭もっ(4)/巣篭もり(3)/引き篭っ(3)/竹篭(3)/篭め(3)/篭る(3)/蒸篭(3)/引き篭り(2)/引き篭る(2)/篭もっ(2)/篭もり(2)
2964	繭	219	1.1212	99.769	繭(166)/繭玉(15)/繭糸(8)/繭香(6)/糸繭(4)/玉繭(3)/屑繭(2)/白繭(2)/竜繭(2)/繭価(2)/繭子(2)/黄繭(2)/くず繭(1)/収繭(1)/秋繭(1)/繭づくり(1)/繭紬(1)
2965	戟	218	1.1161	99.769	刺戟(157)/戟(38)/剣戟(15)/画戟(3)/交戟之衛士(1)/大戟(1)/巴戟(1)/巴戟天(1)/鎗戟(1)
2966	柊	218	1.1161	99.769	柊子(106)/柊(75)/柊一(31)/柊二(3)/柊花(3)
2967	彿	216	1.1059	99.770	彷彿(207)/彿兼(7)/彿徊(2)
2968	恍	216	1.1059	99.770	恍惚(203)/天恍(5)/恍(4)/恍け(3)/恍ける(1)
2969	褪	216	1.1059	99.771	色褪せ(124)/褪せ(43)/褪め(13)/色褪せる(11)/褪色(9)/青褪め(5)/褪せる(4)/蒼褪め(3)/褪(3)/褪紅(1)
2970	榜	215	1.1007	99.771	標榜(199)/榜示(5)/虎榜(4)/榜眼(3)/榜(1)/榜ぐ(1)/紙榜(1)/金榜提名時(1)
2971	眸	215	1.1007	99.771	双眸(97)/眸(96)/明眸(5)/眸子(4)/恒眸(3)/眼眸(3)/眸っ(2)/緑眸(2)/黒眸(2)/一眸(1)
2972	狡	214	1.0956	99.772	狡猾(146)/狡い(23)/狡(21)/狡く(8)/狡智(7)/狡知(4)/狡き(1)/狡兎(1)/狡賢(1)/狡賢い(1)/郤狡(1)
2973	懺	213	1.0905	99.772	懺悔(197)/懺法(9)/懺(3)/懺儀(1)/懺已(1)/懺愧(1)/懺禮(1)
2974	揶	213	1.0905	99.772	揶揄(201)/揶揄う(4)/揶揄っ(3)/揶喩(2)/揶(1)/揶揄ふ(1)/揶霓(1)
2975	滔	213	1.0905	99.773	滔天(133)/滔々(69)/韓滔(9)/滔(1)/滔夫(1)
2976	襄	213	1.0905	99.773	襄(49)/襄治(48)/襄陽(48)/襄公(23)/宋襄(16)/姚襄(9)/襄平(5)/冒襄(4)/多襄丸(4)/荘襄(3)/襄二(1)/襄児(1)/襄樊(1)/襄王(1)
2977	麹	213	1.0905	99.773	麹(74)/米麹(48)/麹町(37)/麹菌(21)/紅麹(6)/麹漬け(5)/黒麹(5)/麦麹(3)/麹室(3)/麹造り(3)/麹屋(2)/麹黴(2)/全麹(1)/赤麹(1)/麹作り(1)/麹蓋(1)
2978	廠	212	1.0854	99.774	廠(110)/工廠(90)/廠舎(4)/入廠(3)/本廠(2)/分廠(1)/船廠(1)/退廠(1)
2979	廿	211	1.0803	99.774	廿(181)/廿日市(23)/廿治(5)/廿原(1)/莊廿(1)
2980	埒	210	1.0751	99.775	埒(92)/不埒(57)/埒外(30)/放埒(26)/埒明(5)
2981	揄	210	1.0751	99.775	揶揄(201)/揶揄う(4)/揶揄っ(3)/揶揄ふ(1)/椰揄(1)
2982	晰	209	1.0700	99.775	明晰(207)/晰(1)/晰作(1)
2983	淹	209	1.0700	99.776	淹れ(153)/淹れる(38)/仲淹(5)/淹れよう(3)/淹(2)/淹れ替え(2)/淹茶(2)/淹るる(1)/淹れかえよう(1)/淹れよ(1)/淹留(1)
2984	璋	209	1.0700	99.776	劉璋(66)/豊璋(26)/天璋院(25)/璋子(25)/元璋(24)/潘璋(19)/璋(9)/久璋(7)/国璋(4)/基璋(2)/王璋(2)
2985	雫	209	1.0700	99.776	雫(159)/雫石(39)/雫井(4)/一雫(3)/雨雫(2)/雪雫(2)
2986	匙	207	1.0598	99.777	匙(99)/大匙(71)/小匙(26)/鋭匙(4)/円匙(3)/水匙(1)/茶匙(1)/茶（さ）匙（じ）(1)/飯匙(1)
2987	屛	207	1.0598	99.777	屛風(178)/屛(9)/蕃屛(8)/屛山(6)/藩屛(4)/石屛(1)/素屛(1)
2988	鰯	207	1.0598	99.777	鰯(120)/干鰯(43)/鰯雲(28)/小鰯(8)/干鰯問屋(4)/焼き鰯(1)/畳鰯(1)/赤鰯(1)/鰯漁(1)
2989	嬰	206	1.0547	99.778	嬰児(120)/嬰(61)/退嬰(15)/灌嬰(4)/子嬰(2)/嬰商(1)/嬰羽(1)/嬰音(1)/晏嬰(1)
2990	楡	206	1.0547	99.778	楡崎(123)/楡(77)/大楡(1)/楡俣(1)/楡原(1)/楡木(1)/白楡(1)/臨楡(1)
2991	琳	206	1.0547	99.778	琳(65)/光琳(55)/鳴琳(38)/琳派(19)/卓琳(4)/慧琳(3)/陳琳(3)/琳琅(2)/琳聖(2)/儲琳(1)/宗琳(1)/彩琳(1)/朋琳(1)/法琳(1)/泰琳(1)/琳様(1)/琳琢(1)/琳黌(1)/瑛琳(1)/蕙琳(1)
2992	癪	206	1.0547	99.779	癇癪(100)/癪(90)/小癪(15)/癪持ち(1)
2993	仄	205	1.0495	99.779	仄(65)/仄か(60)/仄めかし(27)/仄聞(21)/平仄(16)/仄めかす(7)/仄めか(2)/仄めかさ(2)/仄々(1)/仄かす(1)/仄めい(1)/仄めき(1)/仄陋(1)
2994	沃	205	1.0495	99.779	肥沃(140)/沃野(16)/沃懸(11)/曲沃(8)/沃素(5)/沃川(4)/沃溝(4)/沃土(3)/沃度(3)/沃沮(3)/豊沃(3)/沃地(2)/沃(1)/沃え(1)/沃会(1)
2995	蜀	204	1.0444	99.780	蜀(155)/玉蜀黍(16)/蜀山人(8)/蜀漢(8)/蜀江(4)/望蜀(3)/蜀葵(3)/蜀錦(2)/劉蜀(1)/巴・蜀(1)/巴蜀(1)/蜀黍(1)/黄蜀葵(1)
2996	袂	204	1.0444	99.780	袂(197)/橋袂(4)/衣袂(1)/袖袂(1)/連袂(1)
2997	凪	203	1.0393	99.780	凪子(67)/凪(62)/凪い(24)/夕凪(22)/凪ぎ(8)/朝凪(4)/絵凪(4)/草凪(4)/凪ぐ(2)/大凪町(2)/寒凪(2)/凪げ(1)/玲凪(1)
2998	孕	203	1.0393	99.781	孕ん(104)/孕む(32)/孕ま(27)/孕み(26)/妊孕(9)/孕(1)/孕み女(1)/孕め(1)/孕婦(1)/穂孕み(1)
2999	漉	203	1.0393	99.781	漉し(27)/裏漉し(23)/茶漉し(16)/漉い(15)/手漉き(12)/漉し餡(12)/紙漉き(12)/漉す(11)/漉き(10)/漉く(10)/漉か(8)/手漉(5)/紙漉(4)/噌漉(3)/漉し器(3)/漉過(3)/漉き上げ(2)/漉き手(2)/漉き込む(2)/金漉し(2)
3000	臀	203	1.0393	99.781	臀部(124)/臀(47)/双臀(15)/臀筋(11)/臀球(3)/豊臀(3)
3001	臍	202	1.0342	99.782	臍(130)/臍帯(35)/臍の緒(16)/臍下(15)/臍曲がり(3)/戸臍(2)/膃肭臍(1)
3002	雖	202	1.0342	99.782	雖も(119)/雖(83)
3003	麩	202	1.0342	99.783	麩(86)/天麩羅(53)/生麩(28)/麩屋(9)/焼き麩(7)/粟麩(5)/花麩(3)/車麩(3)/よもぎ麩(1)/揚げ麩(1)/梅麩(1)/焼麩(1)/田麩(1)/蓬麩(1)/角麩(1)/軽麩(1)
3004	彬	201	1.0291	99.783	斉彬(62)/彬(51)/高彬(42)/成彬(13)/彬光(5)/彬子(4)/咯彬(3)/曹彬(3)/彬夫(2)/彬良(2)/才彬(2)/正彬(2)/貴彬(2)/佳彬(1)/彦彬(1)/彬之(1)/彬之亟(1)/彬生(1)/直彬(1)/鳳彬(1)
3005	槃	201	1.0291	99.783	涅槃(196)/婆薮槃頭(1)/槃百(1)/槃遊(1)/陳槃(1)/鳩槃茶(1)
3006	肚	201	1.0291	99.784	肚(193)/肚づもり(4)/肚立たし(2)/下肚(1)/肚立たしく(1)
3007	僑	200	1.0239	99.784	華僑(168)/僑(8)/印僑(6)/日僑(5)/外僑(4)/僑居(3)/僑胞(3)/僑報(2)/僑郷(1)
3008	瑜	200	1.0239	99.784	周瑜(136)/瑜伽(18)/孫瑜(17)/楚瑜(17)/瑜伽師地(3)/伯瑜(2)/元瑜(2)/瑜(2)/子瑜(1)/良瑜(1)/頼瑜(1)
3009	證	200	1.0239	99.785	證券(114)/證(22)/修證(8)/證拠(8)/證文(8)/考證(6)/實證(3)/本證(3)/證明(3)/證果(3)/證誠(3)/保證(2)/檢證(2)/確證(2)/大證(1)/引證(1)/明證(1)/智證(1)/證し(1)/證す(1)
3010	顚	200	1.0239	99.785	顚末(135)/顚倒(25)/動顚(13)/顚覆(9)/顚落(6)/太顚(3)/大顚(2)/顚(2)/山顚(1)/酒顚(1)/顚動(1)/顚趾(1)/顚頓(1)
3011	丿	199	1.0188	99.785	丿(199)
3012	已	199	1.0188	99.786	已(52)/已に(43)/已む(26)/亜已(19)/已ま(12)/已然(11)/而已(9)/已上(5)/已むなく(3)/已め(3)/已後(3)/已經(2)/滅已(2)/已み(1)/已ん(1)/已全(1)/已如(1)/已是に(1)/已経(1)/已経走了(1)
3013	涅	199	1.0188	99.786	涅槃(196)/涅(3)
3014	涌	199	1.0188	99.786	涌井(71)/涌谷(39)/泉涌(20)/地涌(10)/涌(10)/涌い(7)/涌く(7)/立涌(7)/涌出(6)/小涌(5)/涌き(3)/涌泉(3)/涌き上がっ(2)/涌か(1)/涌きおこっ(1)/涌き上がる(1)/涌き出で(1)/涌き出でる(1)/涌き水(1)/涌現(1)
3015	燐	199	1.0188	99.787	燐(111)/燐光(30)/燐酸(27)/燐寸(10)/燐鉱(7)/全燐(3)/熔燐(3)/黄燐(3)/燐火(2)/燐之助(1)/白燐(1)/赤燐(1)
3016	當	199	1.0188	99.787	當(62)/當時(41)/本當(11)/當然(10)/相當(10)/當っ(9)/當つ(6)/適當(6)/我當(4)/當る(4)/不當(3)/正當(3)/當銘(3)/當麻(3)/目當(3)/見當(3)/敢當(2)/當て(2)/當別當(2)/當眞(2)
3017	舘	199	1.0188	99.787	舘(111)/古舘(35)/中舘(11)/舘内(10)/舘岩(8)/田中舘(5)/舘山(5)/飯舘(5)/舘野(3)/會舘(2)/上豊舘(1)/内舘(1)/平舘(1)/舘越(1)
3018	鳶	199	1.0188	99.788	鳶(100)/鳶凧(18)/鳶沢(16)/鳶職(16)/鳶口(11)/鳶色(11)/鳶魚(7)/鳶の者(5)/鳶尾(4)/鳶いろ(3)/鳶頭(3)/江鳶(1)/紙鳶(1)/鳶ノ巣(1)/鳶ヶ巣(1)/鳶鴉(1)
3019	呵	198	1.0137	99.788	呵責(76)/啖呵(69)/呵成(28)/呵々(13)/呵(4)/呵呵(4)/呵し(1)/呵っ(1)/呵り(1)/呵然(1)
3020	崗	197	1.0086	99.788	花崗(141)/崗(22)/下崗(13)/孫崗(4)/北崗(3)/崗子(3)/高崗(3)/崗鶏(2)/井崗(1)/宗崗(1)/本崗(1)/西崗子(1)/雲崗(1)/鶴崗(1)
3021	荊	197	1.0086	99.789	荊州(132)/荊(45)/荊冠(7)/荊棘(6)/荊口(2)/荊川(2)/荊楚(2)/荊和(1)
3022	應	196	1.0035	99.789	慶應(127)/應(45)/幸應(6)/應じ(5)/應神(2)/玄應(2)/一應(1)/即應(1)/弘應(1)/應ずる(1)/應仁(1)/應後(1)/應德(1)/應神(1)/豊應(1)
3023	瓢	196	1.0035	99.789	瓢簞(83)/瓢(56)/瓢箪(24)/干瓢(12)/椰瓢(9)/瓢丸(6)/瓢亭(2)/金瓢(2)/愛瓢(1)/瓢太(1)
3024	畦	195	0.9983	99.790	畦(117)/畦道(56)/畦畔(19)/畦倉(2)/圃畦(1)
3025	茉	195	0.9983	99.790	茉莉(73)/茉麻(22)/茉屋(21)/茉理(20)/茉莉子(17)/茉莉花(10)/茉(6)/茉利江(5)/茉梨(5)/茉利子(3)/茉央(2)/茉子(2)/茉〓(1)/茉依(1)/茉優(1)/茉奈(1)/茉希(1)/茉知(1)/茉祐(1)/茉美(1)
3026	錮	195	0.9983	99.790	禁錮(189)/党錮(4)/五錮(2)
3027	壽	194	0.9932	99.791	壽雄(39)/壽(38)/滿壽男(27)/壽緒(14)/壽一(11)/壽賀子(11)/仙壽(5)/壽子(5)/壽美子(5)/延壽(4)/壽山(3)/長壽(3)/久壽彌(2)/壽夫(2)/壽宏(2)/壽椿(2)/福壽(2)/鶴壽(2)/一壽(1)/久壽(1)
3028	彌	194	0.9932	99.791	彌(86)/彌太郎(17)/久彌(11)/彌生(11)/元彌(10)/不彌(6)/智彌(6)/須彌(5)/彌撒(3)/彌永(3)/久壽彌(2)/俊彌(2)/宗彌(2)/小彌太(2)/彌彌那利(2)/彌縫(2)/忠彌(2)/辰彌(2)/一彌(1)/其阿彌(1)
3029	悍	194	0.9932	99.791	精悍(147)/悍馬(19)/剽悍(13)/兇悍(2)/悍ましい(2)/悍婦(2)/悍気(2)/強悍(1)/悍(1)/悍し(1)/悍しい(1)/悍まし(1)/悍母(1)/驍悍(1)
3030	繍	194	0.9932	99.792	刺繍(185)/京繍(2)/繍帳(2)/張繍(1)/繍(1)/繍い紋(1)/繍佛(1)/錦繍(1)
3031	脾	194	0.9932	99.792	脾臓(59)/脾(56)/脾摘(41)/副脾(11)/脾胃(7)/脾腹(7)/脾経(4)/脾腫(4)/帰脾(1)/摘脾(1)/脾実(1)/脾肉(1)/脾腎(1)
3032	鹼	194	0.9932	99.792	石鹼(193)/鹼化(1)
3033	圀	193	0.9881	99.792	光圀(146)/本圀(30)/圀(2)/圀勝(2)/圀圀(2)/圀依(1)/圀府寺(1)/圀彦(1)/圀旗(1)/圀民(1)/圀美(1)/圀雄(1)/守圀(1)/愛圀(1)/正圀(1)/米圀(1)
3034	戌	193	0.9881	99.793	戌(109)/戌年(36)/戊戌(14)/甲戌(8)/壬戌(7)/戌里(7)/庚戌(6)/戌亥(3)/戌辰(3)
3035	蕃	193	0.9881	99.793	玄蕃(52)/蕃(44)/吐蕃(27)/生蕃(11)/蕃国(10)/蕃書(10)/蕃屛(8)/蕃山(8)/信蕃(5)/蕃人(4)/蕃殖(3)/蕃族(2)/南蕃(1)/吐魯蕃(1)/威蕃(1)/東蕃(1)/理蕃(1)/蕃地(1)/蕃夷(1)/蕃隆(1)
3036	閻	193	0.9881	99.793	閻魔(118)/閻羅(21)/閻王(15)/閻(9)/閻浮(9)/閻君(8)/閻浮提(7)/閻錫(5)/閻摩(1)
3037	侘	192	0.9830	99.794	侘び(43)/侘しい(39)/侘し(18)/侘助(16)/侘び茶(13)/待ち侘び(10)/侘(9)/侘数寄(8)/侘び寂び(7)/侘茶(7)/侘しく(4)/侘びしい(3)/侘び住い(3)/侘びる(2)/待ち侘びる(2)/侘しかっ(1)/侘びし(1)/侘び好み(1)/侘住まい(1)/侘住居(1)
3038	冑	192	0.9830	99.794	甲冑(143)/冑(36)/冑山(5)/馬冑(4)/冑首(3)/筋冑(1)
3039	咤	192	0.9830	99.794	叱咤(192)
3040	憫	192	0.9830	99.795	不憫(107)/憐憫(62)/憫笑(8)/憫然(4)/不憫げら(2)/憫ん(2)/憫(1)/憫む(1)/憫れ(1)/憫れま(1)/憫れむ(1)/憫れめ(1)/憫れん(1)
3041	癬	192	0.9830	99.795	白癬(114)/乾癬(41)/疥癬(25)/苔癬(6)/癬(5)/頑癬(1)
3042	袢	192	0.9830	99.795	襦袢(116)/長襦袢(68)/袢纏(3)/袢(2)/袢天(2)/繻袢(1)
3043	褥	192	0.9830	99.796	褥瘡(92)/産褥(48)/褥(42)/臥褥(5)/褥そう(3)/病褥(1)/褥創(1)
3044	椰	191	0.9779	99.796	椰子(175)/椰瓢(9)/椰(1)/椰子夫(1)/椰岳(1)/椰揄(1)/椰木(1)/椰樹(1)/椰菜(1)
3045	沁	191	0.9779	99.796	沁み(113)/沁みる(31)/沁む(14)/沁(8)/沁み入る(5)/沁み沁み(4)/喀喇沁(2)/沁みとおっ(2)/沁みとおる(2)/沁み出(2)/沁春(2)/沁々(1)/沁みとおら(1)/沁み入っ(1)/沁み通る(1)/沁カビ(1)/沁込(1)
3046	瞰	191	0.9779	99.797	俯瞰(120)/鳥瞰(59)/烏瞰(7)/瞰(3)/仰瞰(1)/瞰おろせ(1)
3047	蓉	191	0.9779	99.797	芙蓉(96)/子蓉(51)/蓉子(21)/蓉峰(8)/蒜蓉(6)/蓯蓉(6)/蓉(2)/楊蓉(1)
3048	蔦	191	0.9779	99.797	蔦(128)/蔦屋(28)/お蔦(8)/蔦重(8)/蔦楓(4)/蔦村(3)/蔦葛(3)/木蔦(2)/蔦子(2)/枯蔦(1)/蔦かずら(1)/蔦紅葉(1)/蔦草(1)/蔦谷(1)
3049	駁	191	0.9779	99.798	反駁(137)/論駁(19)/雑駁(12)/乙駁(7)/弁駁(6)/駁す(4)/駁し(3)/駁論(2)/駁する(1)
3050	咸	190	0.9728	99.798	咸臨(58)/咸(33)/咸陽(31)/咸鏡(20)/咸宜(17)/咸豊(11)/咸興(8)/咸昌(4)/咸味(3)/咸亨(2)/咸和(1)/咸淳(1)/阮咸(1)
3051	芻	190	0.9728	99.798	反芻(187)/烏芻沙摩(1)/芻(1)/芻蕘(1)
3052	煕	189	0.9676	99.799	護煕(32)/家煕(28)/康煕(26)/煕(24)/正煕(21)/基煕(19)/忠煕(6)/嘉煕(5)/斗煕(3)/清煕(2)/煕徳(2)/紹煕(2)/輔煕(2)/阮煕(2)/永煕(1)/洪煕(1)/煕々(1)/煕一郎(1)/煕代(1)/煕寧(1)
3053	煤	189	0.9676	99.799	煤(59)/煤煙(54)/煤け(45)/煤竹(7)/煤払い(6)/煤塵(3)/煤色(3)/煤まみれ(2)/煤掃(2)/煤掃き(2)/煤ける(1)/煤け建つ(1)/煤屋(1)/煤山(1)/煤烟(1)/畑煤(1)
3054	襦	189	0.9676	99.799	襦袢(116)/長襦袢(68)/襦絆(2)/襦(1)/襦半(1)/襦子(1)
3055	鍾	189	0.9676	99.800	鍾乳(76)/鍾(33)/鍾馗(13)/鍾繇(9)/鍾路(9)/鍾離(8)/鍾泌(7)/圭鍾(6)/鍾書(6)/鍾圭(5)/鍾宇(4)/鍾愛(3)/鍾旭(2)/鍾基(1)/鍾徳(1)/鍾植(1)/鍾権(1)/鍾範(1)/鍾美(1)/鍾賛(1)
3056	疆	188	0.9625	99.800	新疆(121)/蒙疆(19)/南疆(14)/疆土(11)/北疆(6)/無疆(6)/辺疆(3)/疆域(2)/疆界(2)/范疆(2)/疆壁(1)/疆禾(1)
3057	錘	188	0.9625	99.800	紡錘(79)/錘(75)/錘状(13)/土錘(8)/重錘(7)/錘数(5)/鉄錘(1)
3058	捷	187	0.9574	99.801	敏捷(118)/捷(21)/戦捷(7)/大捷(4)/捷一(4)/捷平(4)/捷昭(4)/祝捷(4)/捷報(3)/捷く(2)/捷っ(2)/捷径(2)/捷治(2)/捷雄(2)/奇捷(1)/字捷(1)/心捷(1)/捷利(1)/捷宏(1)/捷彦(1)
3059	爬	186	0.9523	99.801	爬虫(170)/搔爬(14)/掻爬(2)
3060	癇	186	0.9523	99.801	癇癪(100)/癇(44)/癲癇(25)/癇性(10)/子癇(3)/癇癖(3)/癇症(1)
3061	禎	186	0.9523	99.801	禎子(40)/禎蔵(30)/崇禎(20)/禎一(18)/禎(13)/嘉禎(12)/承禎(10)/禎彦(9)/禎二(7)/一禎(3)/禎昭(3)/禎介(2)/禎吾(2)/禎夫(2)/基禎(1)/澤禎(1)/禎三(1)/禎佑(1)/禎元(1)/禎司(1)
3062	肇	186	0.9523	99.802	肇(146)/肇星(11)/肇国(10)/祥肇(8)/肇興(5)/令肇(1)/王肇〓(1)/肇め(1)/肇久(1)/肇刺(1)/肇淛(1)
3063	鬆	186	0.9523	99.802	粗鬆(164)/鬆(16)/国鬆(5)/鬆筋(1)
3064	者	186	0.9523	99.802	者(177)/讀者(6)/著者(3)
3065	僻	185	0.9472	99.803	僻地(109)/僻み(21)/僻村(13)/僻ん(7)/僻遠(7)/僻む(6)/僻(3)/僻目(3)/僻陬(3)/僻し(2)/僻易(2)/僻案(2)/僻み者(1)/僻処(1)/僻處(1)/僻説(1)/僻邑(1)/僻陋(1)/窮僻(1)
3066	庖	185	0.9472	99.803	庖丁(174)/庖(2)/庖刀(2)/庖供(1)/庖即(1)/庖厨(1)/庖善(1)/庖宰(1)/庖氏(1)/庖犧(1)
3067	誼	185	0.9472	99.803	友誼(93)/誼(30)/交誼(21)/厚誼(11)/情誼(9)/好誼(6)/誼み(5)/正誼(4)/高誼(2)/信誼(1)/恩誼(1)/誼雄(1)/隣誼(1)
3068	雉	185	0.9472	99.804	雉(115)/雉子(38)/白雉(25)/雉肉(2)/雉子丸(1)/雉子猫(1)/雉子町(1)/雉狩り(1)/雉鳩(1)
3069	頒	185	0.9472	99.804	頒布(142)/頒(23)/頒ち(11)/頒け(2)/頒っ(2)/頒た(1)/頒ち合え(1)/頒価(1)/頒行(1)/頒賜(1)
3070	啼	184	0.9420	99.804	啼く(49)/啼い(40)/啼き声(28)/啼き(25)/啼か(9)/啼け(9)/啼泣(4)/啼きあるく(3)/啼声(3)/烏啼(3)/啼鳥(2)/啼(1)/啼きすます(1)/啼きたて(1)/啼きたてる(1)/啼き騒い(1)/啼出(1)/啼哭(1)/啼聲(1)/鳴啼(1)
3071	麴	184	0.9420	99.805	麴町(103)/麴(46)/米麴(13)/麴屋(6)/製麴(4)/酒麴(3)/フスマ麴(2)/麴塵(2)/黒麴(2)/麴嘉(1)/麴漬け(1)/麴雍(1)
3072	乎	183	0.9369	99.805	断乎(67)/乎(62)/確乎(19)/茫乎(6)/凝乎と(4)/純乎(4)/郁乎(4)/断々乎(2)/煥乎(2)/確乎り(2)/〜乎。(1)/乎麻呂岐太(1)/凛乎(1)/凜乎(1)/嗚乎(1)/士乎路(1)/斷乎(1)/炳乎(1)/独〜乎。(1)/醇乎(1)
3073	驒	183	0.9369	99.805	飛驒(183)
3074	寇	182	0.9318	99.806	倭寇(88)/元寇(47)/寇(10)/入寇(7)/司寇(6)/来寇(6)/北寇(5)/外寇(5)/侵寇(4)/和寇(1)/禁寇(1)/禦寇(1)/進寇(1)
3075	柩	181	0.9267	99.806	柩(131)/霊柩(50)
3076	欣	181	0.9267	99.806	欣三(56)/欣也(23)/欣(13)/欣喜(13)/欣一(11)/欣二(11)/欣然(8)/欣五郎(6)/欣快(4)/欣求(4)/欣治(4)/欣伯(3)/欣子(3)/欣弥(3)/欣び(2)/欣ん(2)/欣哉(2)/欣幸(2)/欣樹(2)/詩欣(2)
3077	涸	181	0.9267	99.806	涸れ(73)/涸沢(21)/涸渇(16)/涸れる(13)/涸(6)/涸れ山(6)/干涸び(5)/涸川(4)/乾涸び(3)/涸らす(3)/涸れ川(3)/涸れ沢(3)/涸れ谷(3)/乾涸らび(2)/出涸らし(2)/水涸れ(2)/涸池(2)/涸沼(2)/ジグザオ涸谷(1)/干涸らび(1)
3078	壹	180	0.9215	99.807	壹岐(127)/壹(26)/邪馬壹(21)/壹与(2)/恵壹(2)/壹八(1)/欽壹(1)
3079	箒	180	0.9215	99.807	箒(126)/竹箒(23)/箒木(10)/羽箒(6)/毛箒(2)/箒星(2)/箒沢(2)/箒磨き(2)/小箒(1)/庭箒(1)/手箒(1)/掃箒(1)/箒川(1)/箒神(1)/箒茸(1)
3080	輯	180	0.9215	99.807	輯(121)/編輯(43)/特輯(7)/輯合(6)/続輯(2)/輯め(1)
3081	壷	179	0.9164	99.808	壷(123)/滝壷(10)/骨壷(8)/茶壷(5)/藤壷(5)/壷坂(4)/壷屋(4)/痰壷(4)/小壷(3)/足壷(2)/壷井(1)/壷作り(1)/壷棺(1)/尿壷(1)/桐壷(1)/涙壷(1)/漏壷(1)/箭壷(1)/薬壷(1)/蛸壷(1)
3082	徽	179	0.9164	99.808	安徽(59)/徽州(31)/弘徽(25)/徽宗(22)/徽章(21)/徽子(9)/徽(8)/永徽(2)/徽典(1)/白徽(1)
3083	砥	179	0.9164	99.808	砥石(83)/青砥(27)/砥(20)/砥用(9)/砥ぎ(8)/砥部(8)/荒砥(8)/砥ぐ(2)/砥礪(2)/上砥川(1)/下砥川(1)/中砥(1)/砥い(1)/砥が(1)/砥の粉(1)/砥徳(1)/砥柱(1)/砥磨(1)/砥粒(1)/砥草(1)
3084	憬	178	0.9113	99.809	憧憬(155)/憬(12)/憬れ(5)/崔憬(2)/憧憬れ(1)/憬がれ(1)/憶憬(1)/賢憬(1)
3085	傳	177	0.9062	99.809	傳(117)/傳統(13)/傳へ(6)/左傳(6)/宣傳(5)/傳田(4)/秘傳(4)/傳え(3)/傳次郎(3)/傳つ(2)/傳わっ(2)/大傳(2)/傳える(1)/傳ふ(1)/傳へよう(1)/傳わら(1)/傳わり(1)/傳三郎(1)/叙傳(1)/手傳つ(1)
3086	竦	177	0.9062	99.809	竦め(66)/立ち竦ん(32)/竦ん(19)/竦める(17)/竦ま(9)/立ち竦む(5)/立竦ん(4)/竦み上がっ(4)/竦み(3)/竦む(3)/三竦み(2)/抱き竦め(2)/立ち竦み(2)/射竦める(1)/立竦む(1)/竦(1)/竦みあがっ(1)/竦みあがら(1)/竦みあがり(1)/竦みあがる(1)
3087	苅	177	0.9062	99.809	苅田(97)/苅谷(46)/苅部(8)/嘉手苅(3)/穂苅(3)/苅住(2)/苅安(2)/苅豆(2)/井苅(1)/戸苅(1)/苅っ(1)/苅りとら(1)/苅る(1)/苅屋(1)/苅敷(1)/苅杙(1)/苅磨(1)/苅米(1)/苅藻(1)/苅藻島(1)
3088	俱	176	0.9011	99.810	俱楽部(113)/俱(22)/俱爾(13)/不俱(10)/俱舎(4)/道俱(4)/俱利伽羅(3)/俱非(3)/俱知安(2)/俱胝(1)/北俱盧(1)
3089	宥	176	0.9011	99.810	宥め(40)/宥和(33)/宥める(31)/天宥(13)/宥免(6)/宥し(5)/寛宥(5)/結宥花(5)/贖宥(5)/宥めよう(4)/宥めすかし(3)/宥め賺し(3)/宥(2)/宥さ(2)/宥す(2)/宥恕(2)/宥文(2)/かばい宥める(1)/宥めすかす(1)/宥めろ(1)
3090	桔	176	0.9011	99.810	桔梗(147)/桔平(17)/桔橋(4)/桔抗(2)/桔草(2)/桔書(1)/桔梗ヶ原(1)/桔氏(1)/誠桔(1)
3091	浚	176	0.9011	99.811	趙浚(54)/浚渫(51)/浚介(29)/許浚(13)/浚っ(6)/浚い(5)/浚う(4)/洗い浚い(3)/浚(3)/浚え(3)/大浚(1)/浚える(1)/浚わ(1)/溝浚(1)/溝浚ひ(1)
3092	皐	176	0.9011	99.811	皐月(129)/皐(23)/保皐(6)/九方皐(5)/星皐(4)/如皐(2)/三皐(1)/成皐(1)/杉皐(1)/皐平(1)/皐比(1)/皐陶(1)/皐雲(1)
3093	趾	176	0.9011	99.811	趾(60)/母趾(28)/城趾(23)/趾間(19)/足趾(17)/患趾(10)/交趾(7)/指趾(4)/麟趾(4)/小趾(2)/趾源(1)/顚趾(1)
3094	韋	176	0.9011	99.812	韋駄(35)/室韋(32)/不韋(29)/韋(26)/韋護(18)/杜韋(9)/韋提希(4)/韋荘(4)/韋威(3)/典韋(2)/熏韋(2)/絵韋(2)/韋足袋(2)/染韋(1)/皺韋(1)/絲韋(1)/赤韋(1)/韋彪(1)/韋所(1)/韋抗(1)
3095	桧	175	0.8960	99.812	桧山(93)/桧(27)/桧原(25)/桧枝岐(6)/桧前(5)/小桧山(4)/桧垣(4)/桧皮(4)/桧木(3)/桧倉(1)/桧川(1)/桧扇(1)/桧葉(1)
3096	瀆	175	0.8960	99.812	冒瀆(99)/瀆神(43)/瀆し(6)/四瀆(5)/瀆す(5)/瀆聖(4)/自瀆(4)/瀆職(3)/溝瀆(1)/滬瀆(1)/瀆(1)/瀆るる(1)/瀆れ(1)/褻瀆(1)
3097	崔	174	0.8908	99.812	崔(131)/崔虎(25)/崔杼(6)/崔顥(3)/崔憬(2)/崔諒(2)/崔賢(2)/崔光(1)/崔宏(1)/崔彧(1)
3098	榮	174	0.8908	99.813	榮(30)/榮太郎(19)/明榮(18)/榮仁郎(16)/新榮(12)/繁榮(11)/榮西(9)/榮倉(8)/光榮(6)/龍榮(6)/榮一(5)/榮久庵(4)/角榮(4)/榮秀(3)/眞榮(3)/豊榮(3)/榮夫(2)/榮榮(2)/榮花(2)/煥榮(2)
3099	禽	174	0.8908	99.813	猛禽(66)/家禽(44)/禽(27)/禽獣(22)/子禽(3)/水禽(3)/夜禽(2)/寒禽(1)/小禽(1)/渉禽(1)/禽獸(1)/禽鹿(1)/種禽(1)/野禽(1)
3100	蔘	174	0.8908	99.813	山蔘(129)/蔘(26)/人蔘(18)/沙蔘(1)
3101	颯	174	0.8908	99.814	颯爽(142)/颯(24)/颯颯(4)/一颯(2)/颯太(1)/颯田(1)
3102	宍	173	0.8857	99.814	宍道(86)/宍戸(47)/宍粟(12)/宍塚(9)/宍倉(5)/宍喰(5)/宍人(4)/宍人者(2)/宍原(1)/宍賞(1)/宍鳳(1)
3103	斂	173	0.8857	99.814	収斂(154)/苛斂(8)/斂葬(3)/殯斂(3)/斂(2)/公斂(1)/烏斂苺(1)/重斂(1)
3104	恢	172	0.8806	99.814	恢復(80)/恢子(42)/恢蛍(19)/恢恢(14)/恢(11)/恢弘(3)/恢成(2)/恢々(1)
3105	琥	172	0.8806	99.815	琥珀(151)/琥璉(10)/琥(8)/琥太郎(3)
3106	凰	171	0.8755	99.815	鳳凰(151)/凰牙(7)/凰林(5)/凰林ジャー(2)/凰(1)/凰ぉぉぉぉぉぉぉぉぉ(1)/凰宮(1)/凰巳(1)/凰火(1)/凰稀(1)
3107	贖	171	0.8755	99.815	贖罪(83)/贖い(45)/贖わ(15)/贖う(12)/贖宥(5)/贖っ(4)/贖(3)/贖おう(2)/贖え(1)/贖える(1)
3108	迭	171	0.8755	99.816	更迭(160)/迭立(7)/交迭(3)/迭香(1)
3109	乍	170	0.8703	99.816	乍ら(146)/乍(22)/乍而(1)/乍麽生(1)
3110	怜	170	0.8703	99.816	怜子(43)/怜(36)/怜悧(34)/怜奈(29)/怜治(21)/怜以子(2)/怜士(2)/怜二(1)/怜二郎(1)/憂怜(1)
3111	橙	170	0.8703	99.816	橙(86)/橙色(73)/橙黄(5)/夏橙(4)/柳橙(1)/香橙(1)
3112	歿	170	0.8703	99.817	歿(68)/歿し(29)/歿後(18)/歿年(14)/歿っ(13)/病歿(8)/歿くなっ(6)/歿す(4)/歿する(2)/歿ら(2)/歿り(2)/戰歿(1)/歿せ(1)/歿る(1)/陣歿(1)
3113	毫	170	0.8703	99.817	揮毫(61)/毫も(37)/一毫(12)/毫(11)/白毫(10)/兼毫(9)/寸毫(7)/筆毫(6)/羊毫(5)/秋毫(3)/毫毛(2)/毫絲(2)/秒毫(2)/毫差(1)/毫末(1)/毫釐(1)
3114	顰	170	0.8703	99.817	顰め(78)/顰蹙(60)/顰める(19)/效顰(3)/顰み(3)/顰め面(3)/顰(2)/一顰(1)/顰めっ面(1)
3115	斃	169	0.8652	99.818	斃れ(50)/斃死(28)/斃し(24)/斃す(12)/斃れる(10)/斃牛馬(9)/斃(8)/斃さ(8)/斃せ(6)/斃せる(2)/斃馬(2)/行き斃れ(2)/射斃し(1)/打ち斃し(1)/斃そう(1)/斃る(1)/斃れしなり(1)/斃休(1)/斃薬(1)/疲れ斃れ(1)
3116	篁	169	0.8652	99.818	篁(139)/篁村(17)/松篁(9)/篁子(4)
3117	簀	169	0.8652	99.818	簀(45)/簀子(27)/簀の子(26)/生簀(19)/生け簀(18)/簀巻き(9)/巻き簀(8)/葦簀(8)/葭簀(3)/活け簀(1)/漉簀(1)/竹簀(1)/簀巻(1)/簀搔(1)/簀蔵(1)
3118	徨	168	0.8601	99.818	彷徨(72)/彷徨っ(39)/彷徨い(25)/彷徨う(22)/彷徨わ(7)/彷徨え(2)/彷徨へ(1)
3119	撞	168	0.8601	99.819	撞く(39)/撞き(29)/撞着(27)/撞い(11)/撞点(11)/撞球(11)/撞け(10)/撞木(9)/鐘撞(7)/撞か(4)/撞鐘(3)/撞(2)/鐘撞き(2)/撞保(1)/撞見(1)/項王則受壁…撞而破之(1)
3120	焙	168	0.8601	99.819	焙煎(96)/焙っ(11)/焙り(11)/焙じ茶(8)/焙炒(7)/焙烙(6)/焙る(4)/火焙り(3)/焙じ(3)/焙ら(3)/焙焦(3)/手焙り(2)/焙(2)/焙乾(2)/焙炉(2)/手焙(1)/焙り焼き(1)/焙り立てる(1)/焙れ(1)/焙焼(1)
3121	藉	168	0.8601	99.819	慰藉(69)/狼藉(69)/藉(9)/藉り(6)/藉さ(4)/藉口(4)/藉き(2)/藉りる(2)/藉し(1)/藉す(1)/藉そう(1)
3122	傀	167	0.8550	99.820	傀儡(125)/傀魔(25)/傀儡子(9)/傀(3)/傀儡女(3)/人傀(1)/傀儡谷(1)
3123	斤	167	0.8550	99.820	斤(131)/斤量(36)
3124	蛸	167	0.8550	99.820	蛸(106)/蛸薬師(10)/仔蛸(7)/蛸足(7)/蛸壺(6)/蛸島(6)/蛸搗き(4)/親蛸(4)/茹で蛸(3)/ゆで蛸(2)/畔蛸(2)/真蛸(2)/茹蛸(2)/水蛸(1)/蛸井(1)/蛸壷(1)/蛸踊り(1)/酢蛸(1)/飯蛸(1)
3125	弼	166	0.8499	99.820	直弼(105)/輔弼(18)/弼(11)/弼時(6)/少弼(5)/王弼(5)/良弼(4)/補弼(4)/弼源(2)/大弼(1)/弼徳(1)/弼成(1)/弼流(1)/弼済(1)/弼疏(1)
3126	蠢	166	0.8499	99.821	蠢い(61)/蠢く(47)/蠢き(30)/蠢動(9)/蠢かし(5)/蠢か(4)/蠢(3)/蠢めい(2)/蠢愚(2)/蠢かす(1)/蠢惑セシムルトキハ(1)/蠢然(1)
3127	榛	165	0.8448	99.821	榛名(101)/榛原(22)/榛(19)/榛の木(13)/榛村(2)/榛東(2)/榛沢(2)/榛色(2)/榛葉(2)
3128	舜	165	0.8448	99.821	舜(49)/胤舜(38)/舜臣(18)/悠舜(12)/舜水(11)/舜功(5)/堯舜(4)/舜天(4)/舜昌(4)/尭舜(3)/舜一(2)/舜秀(2)/虞舜(2)/陽舜(2)/大舜(1)/太舜(1)/徳舜瞥(1)/盛舜(1)/舜二郎(1)/舜勝(1)
3129	跪	165	0.8448	99.822	跪い(76)/跪き(29)/跪く(25)/跪か(9)/拝跪(8)/跪拝(4)/跪坐(3)/沙至比跪(2)/跪け(2)/跪九(2)/跪こう(1)/跪坐く(1)/跪礼(1)/跪随(1)/長跪(1)
3130	閏	165	0.8448	99.822	閏(116)/閏年(35)/閏月(8)/正閏(6)
3131	韮	165	0.8448	99.822	韮山(68)/韮崎(48)/韮(21)/韮塚(18)/韮川(8)/辣韮(1)/韮垣(1)
3132	巽	164	0.8396	99.822	巽(163)/震巽(1)
3133	朦	164	0.8396	99.823	朦朧(156)/朦々(4)/朧朦(2)/朦気(1)/朦艟(1)
3134	耆	164	0.8396	99.823	伯耆(82)/黄耆(27)/耆三郎(19)/焉耆(12)/耆婆(6)/耆闍崛(4)/善耆(2)/耆宿(2)/耆目(2)/耆老(2)/㮈女耆域(1)/伊馨耆(1)/耆(1)/耆烏(1)/耆聲(1)/耆鶏(1)
3135	聳	164	0.8396	99.823	聳え(60)/聳える(42)/聳え立つ(23)/聳え立っ(7)/聳(5)/聳えたっ(5)/聳え立ち(5)/聳動(5)/聳えたつ(4)/聳ゆ(2)/聳えたち(1)/聳つ(1)/聳やかし(1)/聳やかす(1)/聳峙(1)/聳立(1)
3136	譬	164	0.8396	99.824	譬え(96)/譬喩(30)/譬(15)/譬え話(6)/譬える(4)/譬えれ(4)/譬へ(4)/譬えよう(2)/譬うる(1)/譬ふ(1)/譬ふれ(1)
3137	卦	163	0.8345	99.824	卦(74)/八卦(72)/本卦(5)/卦辞(4)/有卦(3)/筮卦(2)/設卦(2)/卦爻(1)
3138	嘴	163	0.8345	99.824	嘴(134)/砂嘴(19)/鶴嘴(8)/犂嘴(1)/陸家嘴(1)
3139	姥	163	0.8345	99.824	姥山(42)/姥(33)/山姥(18)/姥捨(13)/姥屋敷(12)/姥百合(8)/姥神(6)/姥本(5)/姥竹(5)/姥堂(3)/姥桜(3)/姥ァ(2)/姥ヶ池(2)/姥捨て(2)/姥袋(2)/姥貝(2)/石凝姥(2)/姥が餅(1)/姥棄(1)/姥石(1)
3140	桝	162	0.8294	99.825	桝(67)/桝形(20)/桝澤(18)/桝屋(12)/桝本(10)/桝目(7)/山桝(6)/桝田(5)/桝崎(4)/溜桝(4)/三桝(2)/桝井(2)/桝席(2)/桝組(2)/桝谷(1)
3141	痣	162	0.8294	99.825	痣(130)/痣丸(14)/赤痣(10)/青痣(8)
3142	綸	162	0.8294	99.825	綸太郎(94)/綸旨(27)/経綸(18)/綸子(13)/綸〓(5)/綸(2)/佩綸(1)/綸言(1)/花綸(1)
3143	奘	161	0.8243	99.825	玄奘(145)/懐奘(9)/伊奘冉(2)/伊奘諾(2)/怡奘過(2)/奘三郎(1)
3144	鍮	161	0.8243	99.826	真鍮(160)/真鍮甕(1)
3145	幇	160	0.8192	99.826	幇助(78)/幇間(44)/幇(19)/青幇(15)/幇主(3)/黒幇(1)
3146	燦	160	0.8192	99.826	燦然(70)/燦々(35)/燦(17)/燦燦(16)/燦爛(9)/燦めき(3)/燦星(3)/燦く(2)/燦めく(2)/燦か(1)/燦き(1)/燦運(1)
3147	璽	160	0.8192	99.827	璽(59)/璽印(22)/国璽(17)/御璽(16)/玉璽(14)/剣璽(8)/神璽(6)/霊璽(6)/印璽(4)/剱璽(3)/璽宇(2)/三希堂精鑑璽(1)/劔璽(1)/康璽(1)
3148	芒	160	0.8192	99.827	芒(83)/光芒(55)/芒種(11)/穂芒(5)/芒洋(3)/星芒(2)/李芒(1)
3149	廐	159	0.8140	99.827	廐戸(144)/廐舎(8)/廐(7)
3150	筍	159	0.8140	99.827	筍(145)/石筍(11)/筍芽(2)/筍吉(1)
3151	轡	159	0.8140	99.828	轡田(73)/轡(47)/猿轡(37)/轡虫(1)/金轡(1)
3152	辟	159	0.8140	99.828	辟易(120)/辟(14)/復辟(7)/辟支(5)/辟邪(5)/劉辟(3)/辟強(3)/双辟(1)/辟除(1)
3153	鋏	159	0.8140	99.828	鋏(135)/花鋏(5)/鋏ん(3)/握り鋏(2)/裁ち鋏(2)/鋏ま(2)/鋏み(2)/鋏む(2)/すき鋏(1)/坩堝鋏(1)/小鋏(1)/鋏め(1)/鋏める(1)/鋏虫(1)
3154	鮨	159	0.8140	99.828	鮨(95)/鮨屋(37)/握り鮨(6)/鮨詰め(6)/押し鮨(3)/にぎり鮨(2)/鯖鮨(2)/姿鮨(1)/巻き鮨(1)/松鮨(1)/稲荷鮨(1)/蒸し鮨(1)/鮨ネタ(1)/鮨千(1)/鮨板(1)
3155	抒	158	0.8089	99.829	抒情(152)/抒(3)/抒之抒本(2)/抒持(1)
3156	炙	158	0.8089	99.829	膾炙(34)/炙り(33)/炙っ(21)/炙ら(11)/炙り出し(10)/炙り出さ(8)/炙る(8)/火炙り(5)/炙(5)/炙り焼き(4)/親炙(4)/炙り出す(2)/炙家(2)/炙臠(2)/焼炙(2)/噲炙(1)/炙り殺さ(1)/炙り肉(1)/炙れる(1)/炙器(1)
3157	矮	158	0.8089	99.829	矮小(72)/矮星(26)/矮性(21)/矮化(13)/矮鶏(12)/矮生(5)/矮虎(3)/矮(2)/矮神(2)/矮い(1)/矮軀(1)
3158	娑	157	0.8038	99.829	娑婆(98)/頻婆娑羅(19)/魔娑斗(12)/婆娑羅(9)/娑羅(5)/婆娑(3)/娑伽羅(2)/娑娑(2)/娑斗(2)/娑(1)/娑嚩訶(1)/娑縛(1)/曷娑那(1)/陀娑(1)
3159	玖	157	0.8038	99.830	和玖也(31)/須玖(25)/玖珠(20)/伊玖磨(16)/玖実(14)/玖(10)/玖珂(7)/美玖(5)/伊玖子(4)/玖保(4)/玖村(4)/菟玖波(4)/玖美(3)/国夫玖(2)/彦国夫玖(2)/理玖(2)/海玖斗(1)/玖我(1)/玖木(1)/賢玖郎(1)
3160	祷	157	0.8038	99.830	祈祷(99)/黙祷(44)/連祷(6)/時祷(2)/祝祷(2)/朝祷(1)/祷(1)/祷る(1)/終祷(1)
3161	竺	157	0.8038	99.830	天竺(109)/麋竺(16)/竺(15)/竺仙(10)/糜竺(5)/入竺(1)/竺信(1)
3162	籐	157	0.8038	99.831	籐(133)/皮籐(10)/籐桐(6)/籐子(2)/重籐(2)/主籐(1)/江籐(1)/籐ひも(1)/籐右衛門(1)
3163	鞋	156	0.7987	99.831	草鞋(126)/鞋(10)/草鞋銭(5)/馬草鞋(5)/草鞋ばき(4)/革草鞋(3)/皮鞋(1)/草鞋履き(1)/鞋子(1)
3164	匁	155	0.7936	99.831	匁(155)
3165	沓	155	0.7936	99.831	沓(73)/沓掛(18)/雑沓(14)/沓澤(10)/雪沓(8)/沓形(6)/沓脱(6)/沓脱ぎ(6)/毛沓(3)/藁沓(3)/沓箆(2)/沓良(2)/沓ぬぎ(1)/沓ヶ原(1)/沓名(1)/革沓(1)
3166	咥	154	0.7884	99.832	咥え(120)/咥える(17)/咥え込ん(12)/咥へ(2)/咥えさす(1)/咥えとり(1)/咥え込む(1)
3167	昴	154	0.7884	99.832	昴(151)/重昴(2)/寒昴(1)
3168	滓	154	0.7884	99.832	残滓(93)/滓(30)/鉱滓(14)/鉄滓(6)/残り滓(5)/食べ滓(2)/燃え滓(1)/絞り滓(1)/緇滓(1)/魚滓(1)
3169	匡	153	0.7833	99.832	匡(43)/匡房(17)/匡緒(17)/匡俊(9)/匡胤(8)/匡輝(7)/匡衡(6)/匡史(5)/匡子(5)/洋匡(5)/匡弘(4)/匡正(4)/匡夫(3)/宗匡(3)/一匡(2)/匡王(2)/匡省(2)/匡也(1)/匡人(1)/匡代(1)
3170	拌	153	0.7833	99.833	攪拌(100)/撹拌(45)/かく拌(3)/拌(3)/拌し(1)/涼拌(1)
3171	枷	153	0.7833	99.833	足枷(65)/枷(47)/手枷(17)/枷市(14)/首枷(6)/連枷(2)/口枷(1)/鉄枷(1)
3172	桿	153	0.7833	99.833	桿(102)/桿菌(46)/槓桿(3)/桿体(2)
3173	珪	153	0.7833	99.833	珪藻(68)/珪酸(22)/珪(15)/珪石(11)/盤珪(11)/珪素(8)/了珪(3)/珪化(3)/珪岩(2)/珪肺(2)/陳珪(2)/万珪(1)/廷珪(1)/珍珪(1)/珪寿(1)/珪線(1)/硼珪(1)
3174	竈	153	0.7833	99.834	竈(87)/塩竈(32)/竈神(18)/土竈(3)/鹽竈(3)/竈有(2)/竈番(2)/竈門(2)/七竈(1)/石竈(1)/竈突(1)/竈脇(1)
3175	跋	153	0.7833	99.834	跋扈(75)/跋(25)/跋文(23)/拓跋(14)/跋渉(9)/跋祇(4)/跋難陀(1)/跋魔(1)/那跋摩(1)
3176	躯	153	0.7833	99.834	躯体(48)/体躯(47)/躯(39)/躯幹(10)/短躯(4)/巨躯(2)/中躯(1)/老躯(1)/長躯(1)
3177	轍	153	0.7833	99.834	轍(109)/途轍(24)/転轍(13)/轍次(6)/轍迹(1)
3178	咀	152	0.7782	99.835	咀嚼(134)/呪咀(7)/尖沙咀(4)/咀わ(3)/咀しゃく(2)/咀(1)/磨咀子(1)
3179	繩	152	0.7782	99.835	沖繩(111)/繩(21)/繩張(7)/繩張り(3)/繩文(3)/墨繩(1)/投げ繩(1)/火繩(1)/継繩(1)/繩跳び(1)/荒繩(1)/麻繩(1)
3180	蟇	152	0.7782	99.835	蟇子(47)/蟇(35)/蟇目(20)/蟇六(19)/蝦蟇(13)/蟇股(9)/蟇口(5)/蝦蟇蛙(4)
3181	誅	152	0.7782	99.835	天誅(69)/誅殺(28)/誅(12)/誅し(8)/誅求(8)/誅戮(7)/誅せ(6)/誅滅(4)/筆誅(3)/誅伐(3)/誅する(2)/誅すれ(1)/誅伏(1)
3182	旱	151	0.7731	99.836	旱魃(101)/旱(18)/旱岐(15)/大旱(7)/旱ばつ(5)/旱害(3)/旱天(1)/水旱(1)
3183	暈	151	0.7731	99.836	眩暈(122)/暈(15)/乳暈(6)/赤暈(2)/光暈(1)/暈け(1)/暈し(1)/暈す(1)/月暈(1)/紅暈(1)
3184	珀	151	0.7731	99.836	琥珀(151)
3185	彪	150	0.7680	99.836	林彪(101)/班彪(18)/楊彪(17)/彪(11)/彪太(2)/韋彪(1)
3186	涵	150	0.7680	99.837	涵養(123)/涵月(13)/涵(11)/涵せ(1)/涵会(1)/［王禹］涵(1)
3187	罐	150	0.7680	99.837	罐(57)/罐詰(26)/空罐(16)/空き罐(13)/薬罐(11)/罐焚き(10)/汽罐(9)/罐入り(3)/罐詰め(3)/罐室(2)
3188	蕪	150	0.7680	99.837	蕪(73)/蕪村(44)/荒蕪(11)/小蕪(7)/蕪根(4)/蕪島(2)/蕪木(2)/蕪湖(2)/蕪菁(1)/蕪菜(1)/蕪鮓(1)/赤蕪(1)/韋蕪(1)
3189	髷	150	0.7680	99.837	髷(123)/丸髷(19)/ちょん髷(4)/丁髷(2)/侍髷(1)/髷物(1)
3190	掩	149	0.7628	99.838	掩護(45)/直掩(20)/掩蔽(19)/掩っ(11)/掩う(9)/掩(8)/掩い(8)/掩体(7)/掩いかぶさっ(3)/掩わ(3)/掩蓋(3)/掩い塞ぐ(2)/掩は(2)/掩ふ(2)/掩い隠し(1)/掩おう(1)/掩し(1)/掩ひ(1)/掩へ(1)/相窺掩(1)
3191	滸	149	0.7628	99.838	水滸(142)/滸(3)/烏滸(2)/滸我(1)/烏滸がましい(1)
3192	猾	149	0.7628	99.838	狡猾(146)/奸猾(1)/巧猾(1)/弟猾(1)
3193	厠	148	0.7577	99.838	厠(112)/厠神(33)/厠上(2)/厠坑(1)
3194	朕	148	0.7577	99.839	朕(148)
3195	欒	148	0.7577	99.839	団欒(138)/朱欒(4)/菓欒(3)/欒(1)/欒盈(1)/欒逞(1)
3196	烙	148	0.7577	99.839	烙印(126)/朱烙(10)/焙烙(6)/炮烙(5)/烙(1)
3197	躙	148	0.7577	99.839	蹂躙(131)/躙口(5)/踏み躙り(3)/踏み躙ら(2)/躙り口(2)/踏み躙っ(1)/踏み躙る(1)/躙り上り(1)/躙り寄り(1)/躙る(1)
3198	鱈	148	0.7577	99.840	鱈(55)/出鱈目(44)/矢鱈(14)/真鱈(10)/寒鱈(7)/鱈子(4)/棒鱈(2)/無闇矢鱈(2)/銀鱈(2)/鱈汁(2)/塩鱈(1)/干鱈(1)/鱈の子(1)/鱈場(1)/鱈船(1)/鱈釣り(1)
3199	做	147	0.7526	99.840	見做さ(40)/見做し(33)/見做す(23)/做(14)/看做さ(12)/看做す(9)/看做し(6)/做去る(2)/做る(1)/做出(1)/做戯(1)/呼做す(1)/思做す(1)/見做せる(1)/見做そう(1)/視做す(1)
3200	鑽	147	0.7526	99.840	研鑽(116)/火鑽(15)/鑽(4)/鑽井(4)/鑽仰(3)/金鑽(2)/硏鑽(1)/鑽ら(1)/鑽り(1)
3201	侑	146	0.7475	99.840	侑(79)/侑子(30)/侑哉(21)/玄侑(3)/侑二(2)/侑樹(2)/侑載(2)/侑里(2)/侑壬子(1)/侑弘(1)/侑李(1)/侑香(1)/秀侑(1)
3202	宦	146	0.7475	99.841	宦官(143)/宦(1)/宦游(1)/宦者(1)
3203	枡	146	0.7475	99.841	枡(60)/枡形(44)/枡川(14)/京枡(10)/枡目(7)/溜枡(4)/枡席(3)/大枡(2)/枡嵜(1)/枡掛け(1)
3204	煥	146	0.7475	99.841	斗煥(79)/崇煥(19)/李煥(13)/煥発(9)/根煥(5)/煥(5)/大煥(3)/晶煥(2)/煥乎(2)/煥榮(2)/英煥(2)/哲煥(1)/江煥(1)/潤煥(1)/重煥(1)/錠煥(1)
3205	倖	145	0.7424	99.841	僥倖(57)/倖田(42)/倖せ(25)/倖(9)/薄倖(6)/倖い(4)/倖子(1)/妙倖(1)
3206	嶼	145	0.7424	99.842	島嶼(125)/嶼(12)/浦嶼(4)/蘭嶼(3)/大嶼(1)
3207	臂	145	0.7424	99.842	臂(74)/六臂(17)/屈臂(13)/臂釧(7)/二臂(6)/四臂(6)/両臂(4)/猿臂(4)/手臂(3)/断臂(3)/足臂(3)/一臂(2)/多臂(2)/左臂(1)
3208	贄	145	0.7424	99.842	生贄(77)/生け贄(44)/贄(21)/幣贄(1)/贄牛(1)/速贄(1)
3209	蹂	145	0.7424	99.842	蹂躙(131)/蹂躪(14)
3210	塚	145	0.7424	99.843	塚原(38)/手塚(28)/塚(26)/大塚(12)/殿塚(9)/姫塚(8)/戸塚(6)/藁塚(6)/宝塚(4)/横塚(2)/貝塚(2)/塚穴(2)/経塚(1)/赤塚(1)
3211	慾	144	0.7372	99.843	慾(54)/意慾(19)/情慾(13)/慾望(10)/食慾(9)/性慾(6)/貪慾(6)/愛慾(4)/肉慾(4)/慾求(3)/慾張る(2)/慾情(2)/物慾(2)/私慾(2)/人慾(1)/大慾(1)/慾張り(1)/慾徳(1)/淫慾(1)/無慾(1)
3212	敲	144	0.7372	99.843	推敲(105)/敲き(9)/敲く(9)/敲(6)/敲い(6)/敲か(2)/敲け(1)/敲立(1)/敲等(1)/敲鐘(1)/敲門(1)/軽敲(1)/重敲(1)
3213	蛾	144	0.7372	99.843	蛾(116)/誘蛾(6)/青蛾(6)/火蛾(5)/白蛾(3)/灯蛾(2)/蛾氷女(2)/蛾眉(2)/孝女曹蛾碑(1)/蚕蛾(1)
3214	鐵	144	0.7372	99.844	鐵(36)/製鐵(23)/鐵雄(15)/日鐵(12)/新日鐵(11)/鐵五郎(10)/石鐵(9)/鐵三(9)/鐵道(7)/鐵筋(3)/想鐵(2)/鐵郎(2)/正鐵(1)/蘇鐵(1)/鐵之祐(1)/鐵工(1)/鐵砲(1)
3215	喀	143	0.7321	99.844	喀痰(81)/喀血(28)/喀出(13)/喀たん(5)/喀什(4)/喀い(2)/喀く(2)/喀喇沁(2)/喀(1)/喀喇(1)/喀左(1)/喀拉(1)/喀疾(1)/廓爾喀(1)
3216	掬	143	0.7321	99.844	掬っ(22)/掬(20)/掬い(15)/七掬脛(14)/掬い上げる(12)/掬い上げ(7)/掬いあげる(6)/掬う(6)/掬わ(6)/一掬(3)/掬いあげ(3)/掬い出し(3)/掬水(3)/掬いとっ(2)/掬い取っ(2)/掬い取り(2)/掬い取る(2)/掬す(2)/掬ひ(2)/掬太郎(2)
3217	睾	143	0.7321	99.844	睾丸(137)/睾(6)
3218	俘	142	0.7270	99.845	俘虜(85)/俘囚(25)/俘軍(8)/夷俘(7)/狄俘(5)/降俘(3)/俘(2)/俘人(1)/俘因(1)/俘子(1)/俘慮(1)/俘獲(1)/俘解(1)/掠俘(1)
3219	婢	142	0.7270	99.845	奴婢(50)/婢(50)/婢元(13)/婢女(9)/小婢(7)/老婢(7)/下婢(4)/僕婢(1)/婢僕(1)
3220	拵	141	0.7219	99.845	拵え(69)/拵(30)/拵える(10)/拵へ(7)/下拵え(5)/急拵え(5)/銀拵え(3)/太刀拵(2)/腹拵え(2)/地拵え(1)/拵えもの(1)/拵えよう(1)/拵さえ(1)/拵らえ(1)/足拵え(1)/身拵(1)/身拵え(1)
3221	綬	141	0.7219	99.845	紫綬(28)/綬章(23)/綬(22)/藍綬(21)/印綬(20)/略綬(6)/黄綬(6)/青綬(4)/紅綬(3)/紺綬(3)/綬鶏(3)/秉綬(2)
3222	訶	141	0.7219	99.846	摩訶(118)/摩訶陀(6)/魔訶(4)/訶梨帝(3)/訶梨勒(2)/訶臨訶利(2)/娑嚩訶(1)/摩訶波闍波提(1)/毘羅訶(1)/薩婆訶(1)/訶み(1)/訶譴(1)
3223	儡	140	0.7168	99.846	傀儡(125)/傀儡子(9)/傀儡女(3)/如儡子(2)/傀儡谷(1)
3224	槙	140	0.7168	99.846	槙(89)/槙原(20)/小槙(7)/槙野(5)/槙村(4)/槙島(3)/柏槙(2)/槙子(2)/槙屋(2)/槙本(2)/槙田(2)/坂槙(1)/槙ノ尾(1)
3225	蒐	140	0.7168	99.846	蒐集(114)/蒐め(13)/蒐一(3)/蒐(2)/蒐める(2)/蒐合(2)/蒐書(2)/蒐めよう(1)/蒐荷(1)
3226	衍	140	0.7168	99.847	敷衍(85)/衍(9)/垣衍(8)/鄒衍(8)/衍台(7)/衍義(6)/祥衍(5)/布衍(3)/衍字(3)/夏衍(1)/王衍(1)/蕭衍(1)/衍人(1)/衍像(1)/衍成(1)
3227	牒	139	0.7116	99.847	通牒(79)/牒(37)/符牒(20)/戒牒(1)/牒送(1)/申牒(1)
3228	猜	139	0.7116	99.847	猜疑(133)/猜(3)/猜忌(2)/猜い(1)
3229	蕗	139	0.7116	99.847	蕗(63)/石蕗(31)/蕗子(23)/蕗の薹(12)/蕗谷(5)/蕗のとう(3)/石蕗とり(2)
3230	鄙	139	0.7116	99.847	辺鄙(47)/鄙び(30)/鄙(24)/都鄙(15)/鄙俗(7)/鄙根(6)/鄙陋(3)/鄙猥(2)/野鄙(2)/東鄙(1)/鄙歌(1)/鄙語(1)
3231	咆	138	0.7065	99.848	咆哮(114)/咆え(12)/咆吼(5)/咆える(4)/咆(1)/咆號(1)/咆裂(1)
3232	嚼	138	0.7065	99.848	咀嚼(134)/嚼(2)/嚼み分け(1)/嚼ん(1)
3233	曠	138	0.7065	99.848	曠吉(79)/曠野(36)/曠劫(5)/曠(4)/明曠(3)/具曠(2)/曠平(2)/曠職(2)/憲曠(1)/曠しゅう(1)/曠世(1)/曠兮(1)/曠日(1)
3234	俠	137	0.7014	99.848	任俠(31)/俠(23)/俠客(20)/義俠(19)/仁俠(12)/俠気(10)/女俠(5)/残俠(4)/遊俠(4)/游俠(3)/俠道(2)/剣俠(2)/俠死(1)/武俠(1)
3235	凜	137	0.7014	99.849	凜子(65)/凜と(22)/香凜(18)/凜々(14)/凜(12)/凜烈(3)/凜然(2)/凜乎(1)
3236	渠	137	0.7014	99.849	暗渠(58)/渠(42)/船渠(11)/管渠(10)/溝渠(5)/街渠(4)/入渠(2)/柄渠觚(2)/開渠(2)/渠明勇(1)
3237	隘	137	0.7014	99.849	狭隘(68)/隘路(58)/隘(5)/隘地(3)/湫隘(1)/陋隘(1)/隘れ(1)
3238	餉	137	0.7014	99.849	夕餉(91)/朝餉(27)/昼餉(12)/餉(4)/角餉(2)/餉鉢(1)
3239	神	137	0.7014	99.850	精神(57)/神(57)/神經(9)/神聖(4)/神風(2)/神神(2)/惡神(1)/應神(1)/明神(1)/神南備(1)/神武(1)/祖神(1)
3240	冤	136	0.6963	99.850	冤罪(123)/冤(9)/伸冤(2)/冤案(1)/冤親(1)
3241	截	136	0.6963	99.850	直截(71)/截然(25)/截っ(8)/截金(6)/截頭(4)/截(3)/截る(3)/断截(3)/截ち(2)/截ら(2)/截鉄(2)/截ち切り(1)/截り(1)/截取(1)/截断(1)/截斷(1)/截石(1)/黃金截(1)
3242	瞠	136	0.6963	99.850	瞠っ(56)/瞠目(43)/瞠る(23)/瞠い(5)/瞠り(5)/瞠(1)/瞠か(1)/瞠く(1)/瞠ら(1)
3243	輛	136	0.6963	99.850	車輛(83)/輛(53)
3244	戈	135	0.6912	99.851	戈(48)/銅戈(46)/干戈(15)/厳戈(13)/鉄戈(5)/戈術(3)/精戈(2)/八千戈(1)/兵戈(1)/止戈男(1)
3245	抉	135	0.6912	99.851	抉ら(27)/抉っ(25)/抉る(18)/抉り(14)/剔抉(10)/抉(7)/抉り出し(6)/抉れ(6)/抉り出す(3)/抉じ開け(2)/抉り取り(2)/抉ぐる(1)/抉じる(1)/抉りたて(1)/抉り出さ(1)/抉り取っ(1)/抉り取ら(1)/抉り取る(1)/抉り回さ(1)/抉り回し(1)
3246	涛	135	0.6912	99.851	怒涛(81)/涛子(40)/涛(5)/松涛(3)/錦涛(3)/白涛(2)/涛沸(1)
3247	疋	135	0.6912	99.851	疋(82)/疋田(34)/千疋(18)/疋嶋(1)
3248	疏	135	0.6912	99.852	疏(51)/疏水(47)/義疏(12)/上疏(4)/疏勒(3)/論疏(3)/写疏(2)/弁疏(2)/疏明(2)/疏通(2)/皇疏(2)/弼疏(1)/注疏(1)/疏削(1)/疏散(1)/疏菜(1)
3249	聲	135	0.6912	99.852	聲(88)/和聲(9)/大聲(5)/松聲(5)/新聲(4)/聲義(3)/晩聲(2)/歌聲(2)/聲句(2)/聲音(2)/音聲(2)/从邑幵聲(1)/入聲(1)/同聲(1)/呼び聲(1)/啼聲(1)/耆聲(1)/而聲(1)/聲價(1)/聲変わり(1)
3250	邊	135	0.6912	99.852	渡邊(79)/邊(25)/田邊(15)/澤邊(7)/四邊(2)/川邊(2)/磯邊(2)/安邊(1)/越邊(1)/邊見(1)
3251	頽	135	0.6912	99.852	頽廃(92)/頽(8)/衰頽(7)/頽れ(6)/頽唐(5)/頽落(5)/頽勢(3)/廃頽(2)/頽廢(2)/泣頽（なきくず）れ(1)/頽れる(1)/頽崩(1)/頽敗(1)/頽運(1)
3252	翰	134	0.6860	99.853	書翰(54)/宸翰(14)/翰林(13)/染翰(9)/翰海(7)/来翰(6)/往翰(5)/貴翰(5)/返翰(3)/本翰(2)/約翰(2)/翰墨(2)/翰苑(2)/王翰(1)/益翰(1)/維翰(1)/翰(1)/翰確(1)/翰笙(1)/翰長(1)
3253	麒	134	0.6860	99.853	麒麟(103)/景麒(25)/麒(2)/麒一郎(2)/潤麒(1)/麒次郎(1)
3254	傅	133	0.6809	99.853	傅(98)/太傅(9)/傅役(8)/師傅(6)/傅い(2)/傅か(2)/傅僉(2)/傅育(2)/傅厳(1)/傅説(1)/傅険(1)/金傅(1)
3255	游	133	0.6809	99.853	游(48)/游子(36)/游游(8)/回游(6)/浮游(6)/陸游(5)/游ぐ(3)/游俠(3)/游学(3)/優游(2)/游い(2)/游泳(2)/周游(1)/宦游(1)/東游(1)/游〓〓(1)/游が(1)/游人(1)/游基(1)/游山(1)
3256	羲	133	0.6809	99.853	羲之(110)/伏羲(15)/羲農(2)/鄭羲下碑(2)/宗羲(1)/羲元(1)/草書臨王羲之帖軸(1)/鄭羲(1)
3257	卷	132	0.6758	99.854	卷(129)/卷け(1)/卷舒(1)/寢卷(1)
3258	抛	132	0.6758	99.854	抛棄(32)/抛入(29)/抛っ(16)/抛り(8)/抛り出し(8)/抛げ(7)/抛り出さ(4)/抛(3)/抛た(3)/抛り投げ(3)/抛る(3)/抛物(3)/抛ち(2)/抛つ(2)/抛り込ん(2)/抛ら(1)/抛り出す(1)/抛り捨て(1)/抛れ(1)/抛ツコトガ(1)
3259	擾	132	0.6758	99.854	騒擾(89)/擾乱(28)/擾(6)/洋擾(5)/喧擾(2)/紛擾(2)
3260	楷	132	0.6758	99.854	楷書(94)/楷(23)/道楷(6)/張楷(2)/大楷(1)/小楷(1)/楷書九老図記軸(1)/楷書五言聯(1)/楷梯(1)/楷法(1)/細楷(1)
3261	殲	132	0.6758	99.855	殲滅(130)/殲(1)/殲戮(1)
3262	鰭	132	0.6758	99.855	鰭(57)/尾鰭(23)/背鰭(23)/鰭脚(10)/小鰭(5)/腹鰭(5)/鱶鰭(2)/下鰭(1)/尻鰭(1)/棘鰭(1)/肉鰭(1)/胸鰭(1)/鰭膜(1)/鰭衣(1)
3263	茲	131	0.6707	99.855	茲(107)/亀茲(13)/茲矩(4)/茲親(3)/茲監(2)/今茲(1)/茲ニ左ノ条款ヲ締約セリ(1)
3264	涎	130	0.6656	99.855	涎(76)/垂涎(39)/流涎(10)/竜涎(3)/涎かけ(1)/涎れ(1)
3265	貶	130	0.6656	99.855	貶め(36)/貶める(27)/褒貶(20)/貶し(13)/貶す(8)/貶さ(7)/貶めよう(7)/貶(4)/貶価(2)/貶し言葉(1)/貶せ(1)/貶そう(1)/貶ま(1)/貶めれ(1)/貶下(1)
3266	蹲	130	0.6656	99.856	蹲っ(47)/蹲踞(41)/蹲る(11)/蹲(8)/蹲り(7)/這い蹲っ(3)/蹲み込ん(2)/蹲居(2)/蹲踞ん(2)/蹲み(1)/蹲む(1)/蹲ら(1)/蹲踞まり(1)/蹲踞む(1)/蹲躅(1)/躊蹲(1)
3267	祗	129	0.6604	99.856	祗園(95)/神祗(8)/大山祗(6)/祗候(4)/忠祗(3)/宗祗(2)/祗(2)/訥祗(2)/地祗(1)/祗だ(1)/祗動(1)/祗此(1)/祗神(1)/祗見(1)/祗陀(1)
3268	縋	129	0.6604	99.856	縋る(31)/縋っ(22)/縋り(18)/縋りつく(11)/縋りつい(7)/縋り付い(5)/縋ろう(5)/縋ら(4)/取り縋っ(3)/縋つ(3)/縋り付く(3)/取り縋ら(2)/取り縋る(2)/追い縋っ(2)/追い縋ら(2)/追い縋る(2)/とり縋ら(1)/取り縋り(1)/寄り縋り(1)/泣き縋る(1)
3269	薯	129	0.6604	99.856	馬鈴薯(77)/薯(42)/薯蕷(4)/甘薯(3)/長薯(2)/真薯(1)
3270	什	128	0.6553	99.856	什器(57)/什麼(19)/鳩摩羅什(11)/什宝(9)/什物(7)/佳什(4)/喀什(4)/什(3)/什伯(3)/什長(2)/常什(2)/羅什(2)/什么(1)/什倫(1)/什方(1)/什景(1)/篇什(1)
3271	擲	128	0.6553	99.857	放擲(28)/一擲(21)/投擲(21)/打擲(20)/擲弾(16)/擲(5)/擲ち(3)/擲る(3)/擲つ(2)/擲〓(1)/擲か(1)/擲た(1)/擲っ(1)/擲て(1)/擲れ(1)/擲ろう(1)/擲瓦(1)/放擲っ(1)
3272	睫	128	0.6553	99.857	睫毛(80)/睫(35)/目睫(5)/つけ睫毛(2)/付け睫毛(2)/下睫(1)/下睫毛(1)/付け睫(1)/眉睫(1)
3273	羹	128	0.6553	99.857	羊羹(109)/羹(15)/乳羹(3)/湯羹(1)
3274	蛉	128	0.6553	99.857	蜻蛉(103)/赤蜻蛉(10)/蜻蛉切り(5)/川蜻蛉(3)/蚊蜻蛉(2)/竹蜻蛉(1)/蛉化(1)/蜻蛉取り(1)/蜻蛉玉(1)/蜻蛉返り(1)
3275	蛹	128	0.6553	99.858	蛹(83)/前蛹(28)/蛹化(8)/垂蛹(5)/帯蛹(4)
3276	蜻	128	0.6553	99.858	蜻蛉(103)/赤蜻蛉(10)/蜻蛉切り(5)/川蜻蛉(3)/蚊蜻蛉(2)/竹蜻蛉(1)/蜻嶋(1)/蜻蛉取り(1)/蜻蛉玉(1)/蜻蛉返り(1)
3277	黴	128	0.6553	99.858	黴(63)/黴菌(14)/黴臭い(13)/黴くさい(8)/黴毒(8)/青黴(4)/黴び(4)/黴臭く(4)/麹黴(2)/黴臭かっ(2)/白黴(1)/赤黴(1)/駆黴(1)/黒黴(1)/黴くさく(1)/黴臭(1)
3278	悴	127	0.6502	99.858	憔悴(91)/悴(28)/悴み(4)/悴ん(3)/悴む(1)
3279	炬	127	0.6502	99.858	炬燵(104)/炬火(17)/炬(3)/蠟炬(2)/法炬(1)
3280	詭	127	0.6502	99.859	詭弁(110)/詭計(6)/詭道(5)/詭激(2)/奇詭(1)/詭(1)/詭祕(1)/詭言(1)
3281	浙	126	0.6451	99.859	浙江(120)/浙東(3)/江浙(1)/浙醋(1)/閩浙贛皖(1)
3282	帷	125	0.6400	99.859	帷子(46)/帷(18)/経帷子(17)/鎖帷子(16)/帷幄(12)/帷幕(9)/帷帳(2)/帷〓(1)/帷子ノ辻(1)/帷幔(1)/湯帷子(1)/経帷(1)
3283	杞	125	0.6400	99.859	杞憂(88)/枸杞(13)/黄杞(10)/杞梁(7)/盧杞(3)/杞(1)/杞人(1)/杞國(1)/柳杞(1)
3284	烹	125	0.6400	99.859	割烹(109)/烹(9)/烹る(4)/炊烹(1)/烹炊(1)/烹魚(1)
3285	紆	125	0.6400	99.860	紆余(123)/紆鬱(1)/縈紆(1)
3286	熙	124	0.6349	99.860	康熙(40)/正熙(18)/護熙(13)/忠熙(9)/時熙(9)/光熙(4)/健熙(3)/輔熙(3)/持熙(2)/熙仁(2)/熙成(2)/祥熙(2)/郭熙(2)/利熙(1)/基熙(1)/家熙(1)/熙(1)/熙子(1)/熙寧(1)/熙徳(1)
3287	鮑	124	0.6349	99.860	鮑(80)/鮑叔(24)/鮑旭(10)/蒸し鮑(3)/干鮑(2)/打鮑(2)/熨斗鮑(1)/鮑貝(1)/鮑隆(1)
3288	偈	123	0.6297	99.860	偈(116)/詩偈(7)
3289	圓	123	0.6297	99.861	圓(44)/圓生(21)/圓朝(9)/圓楽(6)/大圓(5)/了圓(3)/圓山(3)/圓歌(3)/圓滿(3)/圓（円）生(3)/全圓(2)/圓丈(2)/圓徳(2)/圓蔵(2)/慈圓(2)/圓仁(1)/圓光(1)/圓喬(1)/圓太郎(1)/圓滑(1)
3290	團	123	0.6297	99.861	團(66)/團十郎(37)/團菊(4)/團子(3)/左團次(3)/蒲團(3)/春團治(2)/梅團治(2)/團蔵(1)/團體(1)/營團(1)
3291	奸	123	0.6297	99.861	奸(31)/奸計(20)/斬奸(14)/漢奸(11)/奸臣(8)/奸賊(8)/奸策(7)/奸佞(4)/奸物(4)/奸吏(3)/奸悪(3)/奸智(3)/奸商(2)/奸猾(1)/奸知(1)/奸譎(1)/奸邪(1)/奸魁(1)
3292	嗤	122	0.6246	99.861	嗤っ(34)/嗤う(33)/嗤い(31)/嗤わ(12)/あざ嗤っ(2)/せせら嗤っ(2)/せせら嗤い(1)/嗤(1)/嗤え(1)/嗤おう(1)/嗤つ(1)/嗤ひ(1)/嗤笑(1)/嘲り嗤う(1)
3293	崋	122	0.6246	99.861	崋山(119)/小崋(3)
3294	愈	122	0.6246	99.862	愈(69)/愈々(49)/愈創(2)/韓愈(2)
3295	與	122	0.6246	99.862	與(46)/與へ(26)/與板(4)/與謝野(4)/與ふ(3)/與一(3)/與三郎(3)/與志雄(3)/與田(3)/與重郎(3)/貞與(3)/與える(2)/與ふる(2)/與倉(2)/與太者(2)/與市(2)/不論城市與山林(1)/佐與子(1)/榰與(1)/與え(1)
3296	驕	122	0.6246	99.862	驕り(32)/驕慢(21)/驕る(11)/驕ら(9)/驕れる(9)/驕(7)/驕っ(6)/驕奢(5)/驕り高ぶる(4)/奇驕(3)/驕り高ぶっ(3)/驕傲(2)/驕児(2)/矜驕(1)/驕りたかぶっ(1)/驕りたかぶれ(1)/驕り高ぶら(1)/驕り高ぶり(1)/驕れ(1)/驕敵(1)
3297	鵠	122	0.6246	99.862	鵠沼(66)/正鵠(39)/鵠(13)/黄鵠(2)/鵠助(1)/鵠鳴(1)
3298	吼	121	0.6195	99.862	吼え(62)/獅子吼(23)/吼える(14)/吼(9)/咆吼(5)/吼えたてる(2)/吼ゆ(2)/吼々(1)/吼えたて(1)/吼えれ(1)/猛り吼え(1)
3299	浣	121	0.6195	99.863	浣腸(112)/下浣(2)/浣(2)/火浣(2)/上浣(1)/中浣(1)/浣熊(1)
3300	翡	121	0.6195	99.863	翡翠(114)/翡媛(6)/翡色(1)
3301	讀	121	0.6195	99.863	讀賣(35)/讀物(33)/讀書(10)/讀む(8)/讀者(6)/讀(3)/讀め(3)/讀ん(3)/讀本(3)/朗讀(3)/讀ま(2)/讀める(2)/通讀(2)/讀み返し(1)/讀佛(1)/讀候(1)/讀史(1)/讀篆(1)/讀經(1)/讀者(1)
3302	橿	120	0.6144	99.863	橿原(92)/橿日(14)/甘橿(10)/橿(1)/橿尾(1)/橿鳥(1)/白橿(1)
3303	漲	120	0.6144	99.863	漲っ(49)/漲ら(29)/漲る(25)/漲り(9)/漲ぎる(1)/漲す(1)/漲つ(1)/漲らし(1)/漲り出し(1)/漲り出す(1)/漲リ(1)/漲溢(1)
3304	爲	120	0.6144	99.864	爲(93)/爲め(7)/行爲(6)/以爲(3)/所爲(3)/人爲(1)/營爲(1)/爲る(1)/爲メ(1)/爲方(1)/臘爲(1)/逓爲(1)/阿弖流爲(1)
3305	碓	120	0.6144	99.864	碓氷(72)/小碓(17)/碓井(11)/碓(9)/大碓(7)/碓冰(2)/水碓(1)/碓米(1)
3306	磔	120	0.6144	99.864	磔(70)/磔刑(35)/波磔(8)/磔磔(4)/磔柱(2)/磔木(1)
3307	邇	120	0.6144	99.864	邇邇芸(48)/東久邇宮(22)/久邇(13)/久邇宮(5)/建波邇安(4)/日子番能邇邇芸(4)/邇邇藝(4)/丸邇(3)/迦邇米雷(3)/邇保姫(2)/久邇典(1)/妹須比智邇(1)/字比地邇(1)/宇比地邇(1)/布止麻邇(1)/波邇夜須毘古(1)/蘓邇(1)/邇(1)/邇々藝(1)/邇弊姫(1)
3308	瀾	119	0.6092	99.864	波瀾(84)/載瀾(13)/玉瀾(5)/瀾滄(4)/狂瀾(3)/瀾(2)/紫瀾(2)/赤瀾(2)/瀾公(1)/瀾山(1)/瀾濤(1)/蔡瀾(1)
3309	獰	119	0.6092	99.865	獰猛(116)/猙獰(1)/獰呂(1)/獰悪(1)
3310	袱	119	0.6092	99.865	卓袱台(62)/袱紗(44)/卓袱(10)/袱(3)
3311	誨	119	0.6092	99.865	教誨(111)/訓誨(6)/誨(1)/誨へる(1)
3312	齧	119	0.6092	99.865	齧っ(37)/齧り(32)/齧る(14)/齧歯(13)/齧ら(5)/丸齧り(3)/聞き齧り(3)/脛齧り(3)/齧り付い(3)/齧り付き(2)/齧り付く(2)/聴き齧っ(1)/齧ん(1)
3313	于	118	0.6041	99.865	于(48)/単于(25)/于謙(20)/淳于(7)/于闐(5)/于伶(3)/于禁(3)/于誠(2)/于基(1)/宗于(1)/延于(1)/精于(1)/高于都刀(1)
3314	哮	118	0.6041	99.866	咆哮(114)/吠え哮っ(1)/哮える(1)/哮つ(1)/哮り(1)
3315	夥	118	0.6041	99.866	夥しい(90)/夥しく(17)/夥(2)/夥しかつ(2)/夥多(2)/夥し(1)/夥しかっ(1)/夥しき(1)/夥だしく(1)/夥伴(1)
3316	奎	118	0.6041	99.866	奎介(32)/雲奎(26)/奎(13)/奎吾(10)/奎植(10)/東奎(9)/黄奎(5)/奎星(3)/鄭奎(3)/昭奎(2)/永奎(2)/奎五郎(1)/奎爾(1)/奎甲(1)
3317	栩	118	0.6041	99.866	栩谷(70)/栩(36)/張栩(7)/栩野(3)/栩原(1)/栩木(1)
3318	毬	118	0.6041	99.866	手毬(55)/毬(25)/松毬(7)/毬杖(6)/毬子(5)/毬花(4)/毬藻(4)/木毬(3)/毬乃(2)/毬遊び(2)/三毬打(1)/三毬杖(1)/優婆毬多(1)/毬栗(1)/蹴毬(1)
3319	狄	118	0.6041	99.867	夷狄(57)/狄(37)/北狄(9)/蝦狄(6)/狄俘(5)/征狄(2)/狄人(1)/狄青(1)
3320	疸	118	0.6041	99.867	黄疸(114)/疸(4)
3321	碩	118	0.6041	99.867	碩学(45)/昌碩(24)/碩(20)/碩田(7)/宗碩(6)/因碩(2)/碩儒(2)/碩哉(2)/碩鼎(2)/良碩(2)/鎮碩(2)/亨碩(1)/呉昌碩臨書幅(1)/碩徳(1)/邦碩(1)
3322	稗	118	0.6041	99.867	稗(55)/稗田(44)/稗貫(8)/稗益(3)/稗原(2)/稗史(2)/稗編(2)/稗入り(1)/稗飯(1)
3323	頗	118	0.6041	99.867	頗る(84)/偏頗(20)/頗(11)/廉頗(1)/桑頗(1)/頗章(1)
3324	媽	117	0.5990	99.868	媽祖(48)/媽媽(42)/老媽(24)/你媽々日本鬼(1)/媽(1)/阿媽(1)
3325	欝	117	0.5990	99.868	欝(38)/憂欝(27)/陰欝(11)/欝屈(9)/欝憤(6)/欝蒼(5)/欝積(4)/沈欝(3)/抑欝(2)/欝欝(2)/気欝(2)/悒欝(1)/欝々(1)/欝傾(1)/欝勃(1)/欝所(1)/欝血(1)/欝金(1)/欝陶しい(1)
3326	莢	117	0.5990	99.868	薬莢(42)/莢(40)/莢膜(30)/蓬莢(2)/皀莢(1)/絹莢(1)/莢豆(1)
3327	髑	117	0.5990	99.868	髑髏(112)/髑(3)/髑鏤(2)
3328	鬚	117	0.5990	99.868	鬚(53)/顎鬚(32)/白鬚(23)/口鬚(2)/山羊鬚(2)/黄鬚(2)/ヤギ鬚(1)/赤鬚(1)/黒鬚(1)
3329	奕	116	0.5939	99.869	博奕(85)/奕劻(18)/奕(7)/奕訢(2)/赫奕(2)/賭奕(1)/郭奕(1)
3330	扈	116	0.5939	99.869	跋扈(75)/扈(27)/扈従(14)
3331	柾	116	0.5939	99.869	柾樹(40)/柾雄(24)/柾田(15)/柾(13)/柾目(10)/柾木(8)/柾宏(2)/柾輝(2)/柾夫(1)/柾緒(1)
3332	棉	116	0.5939	99.869	棉(49)/棉業(27)/棉花(16)/棉作(10)/棉布(8)/木棉(5)/種棉(1)
3333	棍	116	0.5939	99.869	棍棒(98)/棍(15)/夾棍(2)/鼓棍(1)
3334	熔	116	0.5939	99.870	熔岩(29)/熔融(23)/熔解(18)/熔接(15)/熔け(8)/熔かし(6)/媒熔(5)/熔燐(3)/熔ける(2)/熔鉱(2)/熔け崩れ(1)/熔炉(1)/熔焼(1)/熔着(1)/熔銅(1)
3335	瓊	116	0.5939	99.870	祥瓊(48)/瓊浦(14)/恵瓊(10)/瓊瓊杵(8)/瓊矛(7)/瓊(6)/瓊々杵(4)/瓊玉(4)/瓊春(2)/瓊瓊岐(2)/瓊花(2)/秦瓊(2)/乗瓊(1)/八坂瓊(1)/子瓊(1)/瓊ノ浦(1)/瓊實(1)/瓊山(1)/瓊崖(1)
3336	舒	116	0.5939	99.870	舒淇(43)/舒明(29)/調舒(15)/舒翹(6)/仲舒(5)/舒琪(5)/舒(3)/魏舒(2)/卷舒(1)/温舒(1)/舒栄(1)/舒玄(1)/舒生(1)/舒緩(1)/舒翰(1)/蔣舒(1)
3337	鋲	116	0.5939	99.870	鋲(57)/画鋲(36)/鋲打ち(10)/鉄鋲(4)/鋲打(3)/鋲螺(3)/鋲穴(1)/鋲飾り(1)/飾り鋲(1)
3338	魃	116	0.5939	99.870	旱魃(101)/干魃(14)/魃(1)
3339	哭	115	0.5888	99.871	慟哭(54)/哭い(10)/哭き(9)/哭く(5)/哭(3)/哭し(3)/餓哭(3)/卒哭(2)/哀哭(2)/哭か(2)/哭き叫ぶ(2)/哭す(2)/痛哭(2)/すすり哭き(1)/すすり哭く(1)/号哭(1)/哭きやま(1)/哭こう(1)/哭之(1)/哭島(1)
3340	莞	115	0.5888	99.871	莞爾(80)/莞(24)/東莞(7)/莞島(3)/莞爾か(1)
3341	處	115	0.5888	99.871	處(54)/處父(18)/何處(13)/學處(10)/處女(7)/其處(6)/處分(3)/僻處(1)/處斷(1)/處罰(1)/随處(1)
3342	杢	114	0.5837	99.871	杢(31)/杢兵衛(20)/杢太郎(17)/杢太郞(16)/杢右衛門(11)/高杢(10)/杢左衛門(3)/杢阿弥(3)/杢三郎(1)/杢之助(1)/杢来(1)
3343	畢	114	0.5837	99.871	畢竟(67)/畢(19)/畢沅(9)/畢生(8)/畢る(3)/畢っ(2)/畢ん(2)/畢へ(1)/畢り(1)/畢公(1)/畢業(1)
3344	訃	114	0.5837	99.872	訃報(91)/訃(12)/訃巌(8)/訃音(3)
3345	鋤	114	0.5837	99.872	鋤(94)/鋤か(4)/鋤きかえし(3)/鋤鍬(2)/鋤雲(2)/鋤き(1)/鋤き込み(1)/鋤き込ん(1)/鋤く(1)/鋤け(1)/鋤床(1)/鋤持(1)/鋤柄(1)/鋤簾(1)
3346	厥	113	0.5785	99.872	突厥(102)/厥陰(7)/厥上(1)/厥吏(1)/厥在(1)/厥里(1)
3347	憮	113	0.5785	99.872	憮然(109)/宣憮(3)/憮巣(1)
3348	欅	113	0.5785	99.872	欅(98)/欅平(7)/大欅(4)/山毛欅(4)
3349	狛	113	0.5785	99.872	狛犬(61)/狛江(38)/狛(11)/虎狛(2)/狛笛(1)
3350	輻	113	0.5785	99.873	輻射(61)/輻輳(35)/輻(10)/輻そう(4)/輻湊(3)
3351	霖	113	0.5785	99.873	作霖(50)/霖之助(26)/秋霖(8)/化霖(7)/霖雨(7)/春霖(3)/汝霖(3)/霖(3)/胡霖(2)/霖堂(2)/兆霖(1)/黙霖(1)
3352	縣	112	0.5734	99.873	縣(74)/山縣(33)/縣島(4)/縣田(1)
3353	蓼	112	0.5734	99.873	蓼科(62)/蓼(26)/蓼川(12)/原蓼川(3)/紅蓼(2)/蓼太(2)/蓼文(2)/白蓼(1)/蓼村(1)/蓼酢(1)
3354	逍	112	0.5734	99.873	逍遥(67)/逍遙(44)/逍(1)
3355	酊	112	0.5734	99.874	酩酊(110)/酊感(1)/酊線(1)
3356	醇	112	0.5734	99.874	芳醇(61)/醇化(18)/醇正(10)/濃醇(8)/醇(6)/至醇(2)/醇朴(2)/醇浩(2)/清醇(1)/誠醇(1)/醇乎(1)
3357	髏	112	0.5734	99.874	髑髏(112)
3358	柘	111	0.5683	99.874	柘榴(46)/柘植(43)/柘和子(13)/礬柘(4)/桑柘(2)/柘城(1)/柘銀(1)/海柘榴市(1)
3359	椋	111	0.5683	99.874	小椋(45)/椋(26)/椋鳥(19)/巨椋(9)/椋梨(5)/椋の木(4)/椋原(1)/椋橋(1)/椋田(1)
3360	瑣	111	0.5683	99.875	瑣末(47)/煩瑣(34)/瑣事(15)/連瑣(7)/煩瑣い(4)/瑣(3)/瑣細(1)
3361	酋	111	0.5683	99.875	酋長(104)/酋(3)/巨酋(2)/奴酋(1)/舂酋(1)
3362	酩	111	0.5683	99.875	酩酊(110)/酩(1)
3363	﨑	111	0.5683	99.875	宮﨑(48)/山﨑(18)/柴﨑(18)/岩﨑(7)/川﨑(4)/楢﨑(3)/田﨑(2)/須﨑(2)/﨑大(2)/﨑(1)/﨑栄(1)/﨑洋(1)/﨑由(1)/﨑町(1)/﨑聡(1)/﨑良(1)
3364	凋	110	0.5632	99.875	凋落(95)/萎凋(4)/不凋(3)/凋(2)/凋ま(2)/凋れ(2)/凋ん(2)
3365	哥	110	0.5632	99.875	哥(28)/兄哥(20)/鶯哥(11)/鸚哥(11)/哥仙(10)/大哥(6)/阿尼哥(6)/阿哥(5)/哥ィ(4)/哥兄(4)/二哥(1)/哥老(1)/哥舞妓(1)/哥袋(1)/珂哥(1)
3366	彭	110	0.5632	99.876	彭湃(31)/彭(21)/彭生(15)/彭玘(14)/彭城(12)/彭真(4)/彭越(4)/宗彭(3)/彭沢(3)/彭亨(2)/彭寿(1)
3367	憺	110	0.5632	99.876	惨憺(106)/暗憺(2)/憺(1)/憺任(1)
3368	栞	110	0.5632	99.876	栞(108)/彩栞(1)/栞草(1)
3369	棗	110	0.5632	99.876	棗(85)/大棗(14)/棗売り(5)/棗仁(2)/白棗(2)/棗玉(1)/棗荘(1)
3370	疽	110	0.5632	99.876	炭疽(64)/壊疽(33)/脱疽(7)/疽(4)/瘭疽(2)
3371	繹	110	0.5632	99.877	演繹(104)/安繹(2)/絡繹(2)/繹(1)/蕭繹(1)
3372	荼	110	0.5632	99.877	曼荼羅(70)/荼毘(23)/荼吉(6)/軍荼利(5)/荼毗(2)/採荼(1)/荼(1)/荼枳尼(1)/荼那(1)
3373	樟	109	0.5581	99.877	樟葉(44)/樟(27)/樟脳(22)/樟蔭(9)/樟南(2)/樟媛(1)/樟章(1)/樟陰(1)/櫲樟(1)/磐樟(1)
3374	竟	109	0.5581	99.877	畢竟(67)/究竟(11)/必竟(8)/竟に(8)/竟(5)/竟夜(2)/明竟(1)/竟以(1)/竟宴(1)/竟山(1)/竟御(1)/竟日(1)/竟未(1)/竟陵(1)
3375	圳	108	0.5529	99.877	深圳(108)
3376	堡	108	0.5529	99.878	堡(58)/堡塁(21)/海堡(20)/首山堡(5)/莫家堡(4)
3377	緬	108	0.5529	99.878	縮緬(79)/泰緬(11)/緬羊(9)/緬(4)/緬甸(4)/訪緬(1)
3378	儚	107	0.5478	99.878	儚(43)/儚い(38)/儚く(19)/儚む(3)/儚き(2)/儚み(2)
3379	啖	107	0.5478	99.878	啖呵(69)/健啖(12)/啖う(5)/啖わ(5)/啖い(4)/啖っ(4)/啖わす(3)/啖(2)/啖ふ(2)/啖らい(1)
3380	帛	107	0.5478	99.878	帛紗(37)/布帛(21)/幣帛(12)/帛(9)/絹帛(6)/裂帛(6)/建帛(4)/金帛(3)/帛布(2)/楚帛書(2)/帛公(1)/帛書(1)/手帛(1)/披帛(1)/穀帛(1)
3381	捩	107	0.5478	99.878	捩っ(19)/捩れ(16)/捩り(13)/捩る(9)/捩じれ(6)/捩ら(5)/捩じ込ん(4)/捩じっ(3)/捩(2)/捩じ上げ(2)/捩じ曲げ(2)/捩じ込ま(2)/捩れる(2)/捩子(2)/捩込ん(2)/捩じくれ(1)/捩じしぼっ(1)/捩じら(1)/捩じり(1)/捩じり出(1)
3382	汀	107	0.5478	99.879	汀(55)/汀女(11)/汀線(11)/小汀(6)/汀子(5)/長汀(5)/幽汀(3)/汀鶴(2)/賛汀(2)/南汀(1)/掬汀(1)/斜汀(1)/汀州(1)/汀志良次(1)/海汀(1)/順汀(1)
3383	邨	107	0.5478	99.879	楸邨(45)/黙邨(13)/下邨(10)/青邨(10)/米邨(9)/邨(9)/邨田(4)/中邨(2)/樹邨(2)/市邨(1)/遙邨(1)/閤邨(1)
3384	倅	106	0.5427	99.879	倅(101)/小倅(5)
3385	梳	106	0.5427	99.879	梳い(28)/梳き(20)/梳く(15)/梳毛(9)/梳(5)/梳か(4)/梳かし(3)/梳き上げ(3)/梳り(3)/梳かす(2)/梳油(2)/髪梳き(2)/梳かせ(1)/梳きあげ(1)/梳きあげる(1)/梳き上げる(1)/梳き櫛(1)/梳け(1)/梳し(1)/梳す(1)
3386	獏	106	0.5427	99.879	獏(106)
3387	發	106	0.5427	99.879	發(18)/發表(14)/發見(9)/發達(9)/發し(8)/發刊(7)/發展(6)/發信(5)/發する(4)/發生(4)/發音(4)/發想(3)/挑發(2)/發揮(2)/發育(2)/發賣(2)/出發(1)/潤發(1)/發さ(1)/發明(1)
3388	禮	106	0.5427	99.880	禮(46)/高矢禮(25)/禮次郎(8)/禮子(5)/禮拝(4)/敬禮(3)/拜禮(2)/祭禮(2)/禮彰(2)/禮鐘(2)/巡禮(1)/懺禮(1)/有禮(1)/禮文(1)/禮曹(1)/缺禮(1)/重禮(1)
3389	糟	106	0.5427	99.880	甘糟(40)/糟糠(15)/糟屋(14)/糟(9)/糟粕(5)/油糟(4)/糟谷(4)/紅糟(4)/酒糟(3)/糟湯酒(2)/糟蛋(2)/香糟(2)/糟漬け(1)/絞り糟(1)
3390	經	106	0.5427	99.880	經(59)/神經(9)/經驗(7)/經過(4)/産經(3)/石經(3)/孝經(2)/已經(2)/引經(2)/經文(2)/經營(2)/經由(2)/經験(2)/經よ(1)/經る(1)/經世(1)/經典(1)/良經(1)/詩經(1)/讀經(1)
3391	縷	106	0.5427	99.880	一縷(53)/縷々(31)/金縷(6)/縷(4)/紙縷(3)/縷縷(2)/縷説(2)/繁縷(2)/縷指(1)/銀縷(1)/銅縷(1)
3392	蕭	106	0.5427	99.880	蕭(33)/蕭白(33)/蕭何(16)/蕭々(6)/蕭条(5)/蕭然(3)/蕭紅(3)/蕭蕭(2)/蕭寥(1)/蕭山(1)/蕭繹(1)/蕭衍(1)/蕭関(1)
3393	褻	106	0.5427	99.881	猥褻(93)/褻(11)/敝褻(1)/褻瀆(1)
3394	邱	106	0.5427	99.881	邱(49)/大邱(45)/雍邱(4)/仁邱(3)/邱暁(3)/商邱(2)
3395	對	105	0.5376	99.881	對(29)/對し(27)/對する(20)/反對(12)/對象(3)/對照(2)/對立(2)/對話(2)/對馬(2)/對ふ(1)/對へ(1)/對シ(1)/對抗(1)/對等(1)/相對(1)
3396	揖	105	0.5376	99.881	揖斐(34)/揖保(23)/揖斐川(16)/一揖(12)/揖保川(8)/揖子(3)/揖宿(2)/拝揖(1)/揖(1)/揖屋(1)/揖西(1)/揖譲(1)/王揖(1)/長揖(1)
3397	堯	104	0.5324	99.881	堯(60)/時堯(26)/公堯(4)/堯舜(4)/正堯(3)/義堯(2)/堯史(1)/堯彦(1)/堯淵(1)/敬堯(1)/長堯(1)
3398	姸	104	0.5324	99.881	姸子(92)/姸(10)/嬋姸(1)/鮮姸(1)
3399	屹	104	0.5324	99.882	屹立(69)/屹度(14)/屹と(13)/屹然(6)/屹(1)/屹ッ(1)
3400	攫	104	0.5324	99.882	一攫(33)/攫わ(20)/攫っ(19)/人攫い(6)/攫ん(6)/攫う(4)/攫い(2)/攫おう(2)/攫み(2)/攫む(2)/かっ攫っ(1)/引き攫っ(1)/引っ攫っ(1)/手攫(1)/攫は(1)/攫へ(1)/攫め(1)/攫得(1)
3401	旛	104	0.5324	99.882	印旛(103)/旛(1)
3402	溯	104	0.5324	99.882	溯っ(27)/溯上(25)/溯る(23)/溯河(7)/溯ら(5)/溯り(5)/溯れ(4)/溯れる(2)/溯及(2)/溯行(2)/溯(1)/溯原(1)
3403	燵	104	0.5324	99.882	炬燵(104)
3404	箭	104	0.5324	99.883	箭(30)/打箭炉(22)/弓箭(14)/令箭(10)/火箭(7)/箭弓(6)/箭内(3)/竹箭(2)/鉄箭(2)/刻箭(1)/木箭(1)/片箭(1)/猟箭中(1)/矢箭(1)/箭壷(1)/箭括(1)/銀箭(1)
3405	蝉	104	0.5324	99.883	蝉(69)/貂蝉(10)/蝉しぐれ(6)/空蝉(5)/蝉丸(3)/夏蝉(2)/春蝉(2)/油蝉(2)/蝉時雨(2)/蝉塚(1)/蝉捕り(1)/蝉（せみ）しぐれ(1)
3406	諷	104	0.5324	99.883	諷刺(80)/諷し(8)/諷詠(4)/諷諭(4)/諷誦(3)/諷(2)/諷する(1)/諷示(1)/諷経(1)
3407	逡	104	0.5324	99.883	逡巡(103)/逡(1)
3408	兇	103	0.5273	99.883	兇器(38)/兇悪(19)/兇暴(13)/元兇(3)/兇刃(3)/兇弾(3)/兇徒(3)/兇剣(2)/兇悍(2)/兇状(2)/兇逆(2)/兇事(1)/兇報(1)/兇変(1)/兇害(1)/兇手(1)/兇猛(1)/兇獣(1)/兇盗(1)/兇荒(1)
3409	婉	103	0.5273	99.883	婉曲(75)/婉然(11)/婉(8)/優婉(4)/柔婉(3)/婉孌(1)/婉麗(1)
3410	楔	103	0.5273	99.884	楔(63)/楔形(29)/楔状(7)/楔入(2)/割楔(1)/楔子(1)
3411	槇	103	0.5273	99.884	槇(46)/槇原(29)/槇子(16)/槇村(6)/槇尾(2)/槇枝(2)/槇尾山町(1)/槇田(1)
3412	檄	103	0.5273	99.884	檄(54)/檄文(48)/檄す(1)
3413	盂	103	0.5273	99.884	盂蘭盆(55)/腎盂(42)/盂鼎(4)/盂(2)
3414	紂	103	0.5273	99.884	紂(46)/紂王(34)/帝紂(18)/桀紂(4)/商紂(1)
3415	訥	103	0.5273	99.884	朴訥(59)/訥々(12)/訥(11)/木訥(8)/訥弁(6)/訥言(4)/訥祗(2)/訥庵(1)
3416	詛	103	0.5273	99.885	呪詛(101)/呪詛う(1)/詛は(1)
3417	嗽	102	0.5222	99.885	咳嗽(71)/含嗽(23)/嗽(7)/嗽ぎ(1)
3418	懼	102	0.5222	99.885	恐懼(32)/懼れ(25)/危懼(10)/懼留孫(9)/懼(6)/懼る(6)/懼れる(6)/疑懼(3)/驚懼(3)/危（惧）懼(1)/震い懼れ(1)
3419	樂	102	0.5222	99.885	樂(78)/和樂(5)/樂し(3)/歡樂(3)/田樂(2)/神樂坂(2)/娯樂(1)/安樂(1)/弦樂(1)/愉樂(1)/樂み(1)/樂句(1)/樂地(1)/樂觀(1)/設樂原(1)
3420	沛	102	0.5222	99.885	沛(48)/沛公(31)/沛然(7)/沛県(7)/沛豊(5)/豊沛(2)/秦沛(1)/高沛(1)
3421	碍	102	0.5222	99.885	障碍(48)/無碍(38)/碍子(10)/阻碍(3)/碍(2)/碍げ(1)
3422	筵	102	0.5222	99.886	筵(71)/幌筵(7)/講筵(7)/荒筵(3)/藁筵(3)/離筵(3)/筵旗(2)/あら筵(1)/ぬれ筵(1)/寝筵(1)/粗筵(1)/花筵(1)/開筵(1)
3423	蜷	102	0.5222	99.886	蜷川(99)/蜷(2)/川蜷(1)
3424	戎	101	0.5171	99.886	戎(32)/戎谷(29)/戎橋(20)/西戎(7)/征戎(4)/犬戎(3)/戎衣(2)/戎光祥(1)/戎夷(1)/戎翟(1)/戎装(1)
3425	攀	101	0.5171	99.886	登攀(64)/攀じ(13)/攀じ登っ(5)/攀(3)/攀じ登り(3)/攀じ登る(3)/攀づる(2)/攀竜(2)/攀じのぼっ(1)/攀じる(1)/攀じ登れ(1)/攀づ(1)/攀り(1)/攀縁(1)
3426	澹	101	0.5171	99.886	暗澹(76)/惨澹(14)/澹(6)/澹泊(3)/恬澹(1)/澹台(1)
3427	碇	100	0.5120	99.886	碇(47)/碇泊(44)/碇石(6)/碇綱(2)/碇ヶ関(1)
3428	舳	100	0.5120	99.887	舳先(57)/舳(41)/舳倉(2)
3429	蝋	100	0.5120	99.887	蝋燭(48)/蝋(31)/蝋梅(9)/蜜蝋(5)/木蝋(3)/屍蝋(2)/封蝋(1)/水蝋(1)
3430	衒	100	0.5120	99.887	女衒(38)/衒学(21)/衒い(17)/衒う(5)/衒わ(4)/衒(3)/衒っ(3)/衒気(3)/衒奇(2)/衒おう(1)/衒ひ(1)/衒ふ(1)/衒媚(1)
3431	褄	100	0.5120	99.887	辻褄(72)/褄(17)/辻褄合わせ(7)/褄取(2)/左褄(1)/襤褄(1)
3432	麾	100	0.5120	99.887	麾下(98)/恁麾(1)/麾き(1)
3433	佩	99	0.5069	99.887	佩刀(23)/佩い(15)/佩(14)/玉佩(7)/佩楯(6)/佩用(6)/佩び(5)/佩佩(4)/魚佩(4)/佩き(3)/佩く(3)/佩か(2)/佩剣(2)/佩け(1)/佩びもの(1)/佩びる(1)/佩孚(1)/佩綸(1)
3434	剋	99	0.5069	99.888	相剋(43)/下剋上(28)/剋(21)/剋し(2)/剋する(2)/剋つ(2)/剋ち(1)
3435	幟	99	0.5069	99.888	幟(65)/旗幟(21)/鯉幟(5)/幟仁(4)/幟旗(2)/初幟(1)/幖幟(1)
3436	恫	99	0.5069	99.888	恫喝(98)/恫喝(1)
3437	惺	99	0.5069	99.888	姫惺(47)/陸惺(27)/惺窩(10)/惺(7)/惺齋(7)/惺々(1)
3438	朶	99	0.5069	99.888	耳朶(66)/粗朶(12)/朶(7)/万朶(5)/歯朶(5)/朶雲(2)/朶思(1)/朶生(1)
3439	橇	99	0.5069	99.888	橇(63)/馬橇(14)/橇引き(10)/犬橇(5)/橇犬(3)/荷橇(2)/箱橇(1)/雪橇(1)
3440	殯	99	0.5069	99.889	殯(69)/殯宮(27)/殯斂(3)
3441	瀟	99	0.5069	99.889	瀟洒(86)/瀟湘(10)/瀟水(1)/瀟酒(1)/煽り瀟て(1)
3442	鍔	99	0.5069	99.889	鍔(75)/黒鍔(6)/鍔元(5)/鍔隠れ(4)/鍔広(3)/宝鍔(1)/透鍔(1)/鍔もと(1)/鍔競り(1)/鍔糶(1)/鍔音(1)
3443	閾	99	0.5069	99.889	閾値(62)/閾(35)/識閾(2)
3444	刎	98	0.5017	99.889	刎ね(57)/刎ねる(12)/刎(10)/刎頸(5)/刎ねよ(3)/刎ね上げ(3)/刎ねよう(2)/刎ぬ(1)/刎ねあげる(1)/刎ね上げる(1)/刎ね上る(1)/刎ね飛ばす(1)/自刎(1)
3445	渥	98	0.5017	99.889	渥美(86)/渥田(6)/渥目(5)/渥(1)
3446	篝	98	0.5017	99.890	篝火(63)/篝(29)/篝屋(4)/花篝(2)
3447	蜃	98	0.5017	99.890	蜃気(86)/蜃(12)
3448	鏑	98	0.5017	99.890	流鏑馬(44)/鏑木(24)/鏑矢(21)/鏑(4)/鏑川(3)/流鏑馬姿(1)/鳴鏑(1)
3449	唖	97	0.4966	99.890	唖然(79)/聾唖(11)/唖(4)/語唖(2)/盲唖(1)
3450	憔	97	0.4966	99.890	憔悴(91)/憔れ(2)/憔埣(1)/憔忰(1)/憔惇(1)/憔然(1)
3451	沐	97	0.4966	99.890	沐浴(89)/練沐(3)/湯沐(2)/休沐(1)/沐(1)/沐せ(1)
3452	禊	97	0.4966	99.891	禊(82)/禊ぎ(14)/禊が(1)
3453	禦	97	0.4966	99.891	防禦(78)/制禦(4)/統禦(3)/禦が(2)/禦ぐ(2)/備禦(1)/守禦(1)/捍禦(1)/禦い(1)/禦侮(1)/禦寇(1)/禦込ん(1)/禦海儲(1)
3454	萊	97	0.4966	99.891	蓬萊(58)/季萊(16)/東萊(9)/萊(6)/凱萊(2)/宝萊(2)/萊蒾(2)/萊子(1)/萊子侯刻石(1)
3455	迸	97	0.4966	99.891	迸る(28)/迸り(21)/迸っ(20)/迸ら(13)/迸り出(8)/迸(2)/迸り出る(2)/迸り出ずる(1)/迸り落つる(1)/迸出(1)
3456	飄	97	0.4966	99.891	飄々(53)/飄然(25)/飄(6)/飄逸(6)/飄飄(6)/飄々乎(1)
3457	鮒	97	0.4966	99.891	鮒(64)/鮒谷(13)/小鮒(7)/へら鮒(2)/寒鮒(2)/濁り鮒(2)/鮒忠(2)/鯉鮒(2)/煮頃鮒(1)/真鮒(1)/鮒鶴(1)
3458	噪	96	0.4915	99.892	喧噪(88)/噪音(2)/咳噪(1)/噪い(1)/噪き立て(1)/噪ぐ(1)/噪しかり(1)/噪ク(1)
3459	撹	96	0.4915	99.892	撹乱(49)/撹拌(45)/撹(2)
3460	蒜	96	0.4915	99.892	大蒜(43)/蒜山(27)/蒜(11)/野蒜(8)/蒜蓉(6)/畔蒜(1)
3461	銑	96	0.4915	99.892	銑鉄(41)/銑三(21)/銑(16)/銑十郎(8)/溶銑(3)/銑治(3)/銑三郎(1)/銑之助(1)/銑押し(1)/銑鋼(1)
3462	體	96	0.4915	99.892	體(39)/體系(10)/全體(8)/身體(8)/大體(5)/一體(4)/國體(4)/具體(3)/實體(3)/體驗(3)/法體(2)/個體(1)/團體(1)/政體(1)/繼體(1)/體格(1)/體源(1)/體軀(1)
3463	髯	96	0.4915	99.892	髯(49)/白髯(19)/頰髯(8)/美髯(5)/長髯(4)/髯面(3)/口髯(1)/山羊髯(1)/有髯(1)/蓄髯(1)/赤髯(1)/青髯(1)/顎髯(1)/髭髯(1)
3464	塙	95	0.4864	99.893	塙(86)/武塙(9)
3465	瀝	95	0.4864	99.893	披瀝(73)/瀝青(14)/瀝(6)/中瀝(2)
3466	砒	95	0.4864	99.893	砒素(87)/紅砒(3)/砒酸(2)/砒(1)/砒鏡(1)/砒霜(1)
3467	蕨	95	0.4864	99.893	蕨(74)/早蕨(8)/蕨手(7)/下蕨(3)/蕨岱(2)/蕨餅(1)
3468	陝	95	0.4864	99.893	陝西(48)/陝川(30)/陝(6)/川陝(5)/陝北(4)/晋陝(1)/陝甘寧(1)
3469	魄	95	0.4864	99.893	気魄(41)/落魄(24)/魂魄(15)/魄(13)/毅魄(1)/霊魄(1)
3470	俟	94	0.4813	99.894	俟っ(58)/俟た(14)/俟つ(10)/俟(5)/俟ち(3)/俟て(1)/俟とう(1)/俟タサルヘカラス(1)/俟田(1)
3471	厖	94	0.4813	99.894	厖大(94)
3472	寥	94	0.4813	99.894	寂寥(70)/寥々(9)/荒寥(9)/寥寥(2)/仙寥(1)/寥(1)/廓寥(1)/蕭寥(1)
3473	懣	94	0.4813	99.894	憤懣(76)/忿懣(16)/噴懣(1)/対懣(1)
3474	潑	94	0.4813	99.894	潑剌(42)/活潑(32)/潑刺(10)/潑溂(8)/潑(2)
3475	磋	94	0.4813	99.894	切磋(91)/磋(2)/磋い(1)
3476	篆	94	0.4813	99.895	篆刻(41)/篆書(25)/小篆(12)/篆(6)/篆文(3)/大篆(2)/篆額(2)/篆・隷(1)/篆隷書(1)/讀篆(1)
3477	胄	94	0.4813	99.895	甲胄(88)/胄(6)
3478	蚤	94	0.4813	99.895	蚤(64)/蚤の市(20)/蚤取り(5)/蚤取(2)/蚤送り(2)/蚤とり(1)
3479	蛭	94	0.4813	99.895	蛭(33)/蛭子(27)/蛭ケ小嶋(11)/蛭田(6)/蛭ヶ小島(5)/蛭池(5)/蛭ガ小島(2)/蛭巻(2)/蛭ケ島(1)/蛭ヶ島(1)/蛭魔(1)
3480	鈔	94	0.4813	99.895	鈔(87)/詩鈔(4)/交鈔(2)/鈔本(1)
3481	鈿	94	0.4813	99.895	螺鈿(68)/天鈿女(19)/鈿(7)
3482	頌	94	0.4813	99.895	頌(49)/頌徳(16)/頌歌(16)/頌古(2)/頌春(2)/頌詞(2)/頌詩(2)/周頌(1)/商頌(1)/讃頌(1)/頌え(1)/頌せ(1)
3483	凭	93	0.4761	99.896	凭れ(44)/背凭れ(16)/凭せかけ(5)/凭れかかっ(5)/凭(4)/凭せ(3)/凭る(2)/凭れかかる(2)/凭れ掛かっ(2)/凭し(1)/凭せ合っ(1)/凭せ掛け(1)/凭たれ(1)/凭つ(1)/凭ら(1)/凭り(1)/凭れかかり(1)/凭れる(1)/凭れ掛かり(1)
3484	悌	93	0.4761	99.896	悌子(25)/孝悌(21)/悌(21)/悌二郎(6)/悌三(5)/悌次郎(4)/悌隆(4)/悌二(2)/悌吉(2)/悌一(1)/悌次(1)/悌輔(1)
3485	糺	93	0.4761	99.896	糺弾(48)/糺し(12)/糺(11)/糺す(8)/糺問(5)/糺せ(3)/聞き糺し(2)/糺さ(1)/糺そう(1)/糺明(1)/糺返(1)
3486	臘	93	0.4761	99.896	方臘(43)/希臘(18)/臘月(10)/臘八(9)/法臘(3)/臘(2)/一臘(1)/客臘(1)/真臘(1)/臘土(1)/臘梅(1)/臘油(1)/臘燭(1)/臘爲(1)
3487	鴈	93	0.4761	99.896	鴈治郎(80)/鴈(12)/磐鹿六鴈(1)
3488	梟	92	0.4710	99.896	梟(58)/梟首(17)/梟雄(6)/梟帥(5)/梟し(2)/梟師(2)/白梟(1)/赤銅八十梟帥(1)
3489	湫	92	0.4710	99.897	成湫(89)/恭湫(1)/湫(1)/湫隘(1)
3490	砧	92	0.4710	99.897	砧(90)/砧町(2)
3491	笏	92	0.4710	99.897	支笏(34)/笏(23)/蛇笏(16)/笏谷(8)/王笏(7)/笏丈(3)/剣笏(1)
3492	蝠	92	0.4710	99.897	蝙蝠(74)/蝙蝠傘(12)/蝙蝠男(3)/蝙蝠印(1)/蝠(1)/蝠著(1)
3493	袍	92	0.4710	99.897	袍(58)/旗袍(10)/素袍(5)/褞袍(4)/戦袍(3)/錦袍(3)/韜袍(3)/縕袍(2)/床袍(1)/綿袍(1)/袍衣(1)/袍褂(1)
3494	襷	92	0.4710	99.897	襷(47)/襷文(19)/襷がけ(11)/緋襷(3)/鳥襷(3)/白襷(2)/襷姿(2)/襷掛け(2)/火襷(1)/花襷(1)/赤襷(1)
3495	鉦	92	0.4710	99.897	鉦(66)/鉦鼓(12)/鉦太郎(3)/鉦叩(2)/鉦叩き(2)/陣鉦(2)/伏鉦(1)/打ち鉦(1)/金鉦(1)/鉦はり(1)/鉦次郎(1)
3496	鏃	92	0.4710	99.898	鏃(46)/鉄鏃(22)/石鏃(13)/銅鏃(5)/骨鏃(4)/牙鏃(2)
3497	閨	92	0.4710	99.898	閨(29)/閨秀(16)/閨房(15)/閨閥(13)/孤閨(4)/閨所(4)/空閨(3)/幽閨(2)/令閨(1)/閨中(1)/閨奴(1)/閨室(1)/閨怨(1)/閨門(1)
3498	駝	92	0.4710	99.898	駱駝(77)/駝鳥(11)/酡駝(1)/馬駝(1)/駝掌(1)/駝轎(1)
3499	噤	91	0.4659	99.898	噤ん(65)/噤み(13)/噤む(10)/噤(1)/噤ぐむ(1)/噤ま(1)
3500	籬	91	0.4659	99.898	籬(23)/総籬(21)/神籬(19)/半籬(7)/菊籬(7)/大籬(5)/柴籬(3)/籬島(2)/籬菊(2)/東籬(1)/籬下(1)
3501	脩	91	0.4659	99.898	脩(53)/脩（修）身(7)/束脩(6)/脩子(5)/脩三(4)/脩二(3)/脩五郎(3)/脩介(3)/斉脩(2)/新脩(2)/楊脩(2)/脩次郎(1)
3502	號	91	0.4659	99.899	號(68)/國號(14)/號す(6)/又號熹齋(1)/咆號(1)/號し(1)
3503	鉈	91	0.4659	99.899	鉈(75)/大鉈(10)/鉈型(3)/鉈籠(2)/鉈尾(1)
3504	鉉	91	0.4659	99.899	武鉉(63)/鉉(6)/世鉉(4)/薫鉉(4)/昌鉉(3)/浩鉉(3)/秉鉉(3)/鍋鉉(2)/琦鉉(1)/益鉉(1)/鉉球(1)
3505	顫	91	0.4659	99.899	顫え(45)/顫わ(10)/顫える(9)/顫へ(6)/顫動(5)/振顫(2)/顫ふ(2)/うち顫える(1)/ふるえ顫い(1)/打ち顫え(1)/震顫(1)/顫い(1)/顫えあがっ(1)/顫えあがら(1)/顫えあがる(1)/顫え上っ(1)/顫え上る(1)/顫ひ(1)/顫音(1)
3506	魎	91	0.4659	99.899	魍魎(45)/魎皇鬼(22)/魎呼(13)/魅魎(8)/魎(2)/魑魎(1)
3507	龐	91	0.4659	99.899	龐統(59)/龐涓(13)/龐(10)/龐子(4)/落龐(2)/龐徳(2)/龐清(1)
3508	惠	90	0.4608	99.899	惠子(32)/惠(29)/知惠子(4)/惠元(3)/惠和(3)/惠谷(3)/千惠子(2)/惠朗(2)/賀惠(2)/千惠(1)/友里惠(1)/好惠(1)/惠む(1)/惠介(1)/惠光(1)/惠澤(1)/文惠(1)/智惠子(1)/澄惠(1)
3509	皓	90	0.4608	99.900	皓(33)/皓々(11)/朱皓(7)/茂皓(7)/皓歯(5)/孫皓(4)/皓い(4)/皓一(4)/皓信(4)/皓正(3)/皓一郎(1)/皓也号(1)/皓嗣(1)/皓太(1)/皓岳(1)/皓明(1)/聖皓(1)/黄皓(1)
3510	蝙	90	0.4608	99.900	蝙蝠(74)/蝙蝠傘(12)/蝙蝠男(3)/蝙蝠印(1)
3511	鰐	90	0.4608	99.900	鰐(43)/鰐王(23)/鰐口(6)/鰐浦(6)/鰐淵(6)/大鰐(2)/鰐革(2)/鰐皮(1)/鰐魚(1)
3512	坤	89	0.4557	99.900	乾坤(39)/坤(35)/巴里坤(7)/坤宮(4)/坤一(2)/坤竜(1)/成坤(1)
3513	溪	89	0.4557	99.900	磐溪(25)/溪流(17)/溪谷(12)/溪(8)/古溪(7)/雪溪(5)/耶馬溪(4)/蘭溪(3)/三溪(2)/溪内(2)/溪床(1)/溪水(1)/端溪(1)/茗溪(1)
3514	絃	89	0.4557	99.900	絃(52)/管絃(19)/三絃(11)/朱絃(2)/絃楽(2)/独絃(1)/絃歌(1)/調絃(1)
3515	銛	89	0.4557	99.901	銛(78)/銛打ち(6)/手銛(2)/攸銛(1)/銛男(1)/銛頭(1)
3516	餞	89	0.4557	99.901	餞別(73)/餞(10)/餞け(5)/予餞(1)
3517	驢	89	0.4557	99.901	驢馬(73)/驢(13)/木驢(1)/覰驢(1)/海驢(1)
3518	鸚	89	0.4557	99.901	鸚鵡(55)/鸚哥(11)/鸚歌(9)/鸚〓(7)/白鸚(3)/鸚鳥(2)/鸚母(1)/鸚緑(1)
3519	匕	88	0.4505	99.901	匕首(82)/匕(4)/匕口(2)
3520	哄	88	0.4505	99.901	哄笑(84)/哄(2)/哄笑い(1)/哄笑ふ(1)
3521	恕	88	0.4505	99.901	恕(27)/忠恕(15)/恕軒(12)/寛恕(10)/恕し(3)/仁恕(2)/宥恕(2)/忿恕(2)/慶恕(2)/政恕(2)/勇恕(1)/恕す(1)/恕せ(1)/恕せよ(1)/恕三郎(1)/恕哲(1)/恕彦(1)/恕江(1)/義恕(1)/貞恕(1)
3522	站	88	0.4505	99.902	兵站(75)/站(8)/新站(3)/站前(2)
3523	褌	88	0.4505	99.902	褌(76)/犢鼻褌(3)/褌姿(3)/緊褌(2)/褌担ぎ(2)/赤褌(2)
3524	赫	88	0.4505	99.902	赫々(25)/赫(18)/赫い(8)/赫く(8)/赫と(4)/秀赫(2)/赫き(2)/赫らめ(2)/赫奕(2)/赫居世(2)/赫雄(2)/安赫(1)/泰赫(1)/真っ赫(1)/赫らむ(1)/赫らん(1)/赫ら顔(1)/赫助(1)/赫子(1)/赫宙(1)
3525	娶	87	0.4454	99.902	娶っ(25)/娶る(19)/娶ら(12)/娶り(9)/娶れ(8)/娶し(4)/娶せ(4)/娶あわせ(1)/娶せよう(1)/娶ろう(1)/娶わせ(1)/娶わせよう(1)/嫁娶(1)
3526	瀉	87	0.4454	99.902	瀉血(21)/吐瀉(18)/沢瀉(12)/死怒靡瀉酢(10)/瀉(10)/瀉心(4)/瀉下(3)/補瀉(3)/澤瀉(2)/瀉火(2)/止瀉(1)/注瀉(1)
3527	螢	87	0.4454	99.902	螢(61)/螢光(12)/螢火(5)/螢籠(4)/螢袋(2)/螢沢(1)/螢狩(1)/螢窓(1)
3528	阮	87	0.4454	99.902	阮(54)/阮瑀(24)/阮朝(5)/阮煕(2)/阮咸(1)/阮甫(1)
3529	愴	86	0.4403	99.903	悲愴(70)/凄愴(6)/悽愴(6)/愴然(2)/愴惶(1)/愴洲(1)
3530	憊	86	0.4403	99.903	困憊(82)/疲憊(3)/憊(1)
3531	藏	86	0.4403	99.903	藏(48)/西藏(10)/藏象(5)/扇藏(3)/浄藏(3)/青藏(3)/嘉藏(2)/武藏(2)/藏す(2)/藏本(2)/周藏(1)/大藏(1)/太藏(1)/平藏(1)/藏内(1)/藏匿(1)
3532	霰	86	0.4403	99.903	霰(63)/雨霰(8)/霰粒(8)/初霰(1)/氷霰(1)/雪霰(1)/霰ヶ山(1)/霰切り(1)/霰弾(1)/霰雪(1)
3533	鼾	86	0.4403	99.903	鼾(76)/高鼾(8)/鼾声(2)
3534	囮	85	0.4352	99.903	囮(78)/囮り(3)/囮箱(3)/囮役(1)
3535	暉	85	0.4352	99.903	正暉(33)/暉(22)/暉峻(15)/博暉(4)/暉岡(2)/暉吉(1)/暉姫(1)/暉幸(1)/暉雄(1)/浩暉(1)/滋暉(1)/航暉(1)/良暉(1)/遥暉(1)
3536	碌	85	0.4352	99.904	碌(23)/碌な(22)/耄碌(15)/碌々(12)/碌に(6)/碌山(5)/碌碌(2)
3537	禧	85	0.4352	99.904	慈禧(64)/通禧(6)/彰禧(3)/禧(3)/真禧照(2)/禧し(2)/延禧(1)/禧八郎(1)/禧子(1)/長禧(1)/鴻禧(1)
3538	蟲	85	0.4352	99.904	蟲(71)/砂蟲(3)/赤蟲(3)/玉蟲(2)/甲蟲(2)/王蟲(1)/蟲損(1)/蟲歯(1)/蟲湯(1)
3539	迪	85	0.4352	99.904	迪子(32)/博迪(30)/迪(7)/啓迪(4)/迪夫(4)/迪宮(3)/迪彝(2)/迪化(1)/迪昭(1)/鎮迪道(1)
3540	坡	84	0.4301	99.904	真坡里(28)/坡(18)/東坡(12)/半坡(7)/坡州(7)/蘭坡(7)/土坡(2)/㟴坡(1)/平坡(1)/松坡(1)
3541	宸	84	0.4301	99.904	紫宸(32)/宸筆(14)/宸翰(14)/宸襟(10)/宸記(4)/宸殿(3)/宸幹(1)/宸断(1)/宸書(1)/宸極(1)/宸組(1)/宸閽(1)/漢宸(1)
3542	慇	84	0.4301	99.904	慇懃(81)/慇(3)
3543	瀋	84	0.4301	99.905	瀋陽(82)/瀋万(1)/瀋秀(1)
3544	肱	84	0.4301	99.905	股肱(26)/肱(26)/肱川(11)/肱掛(5)/左肱(4)/両肱(3)/右肱(3)/片肱(2)/肱岡(2)/肱かけ(1)/肱枕(1)
3545	駱	84	0.4301	99.905	駱駝(77)/駱賓(4)/往歳曾為西邑吏慣従駱口到南秦三時雲冷多飛雪、二月山寒少有春。(1)/駱之(1)/駱達(1)
3546	〻	83	0.4249	99.905	〻(71)/各〻(4)/諸〻(3)/交〻(2)/稍〻(2)/向〻(1)
3547	俎	83	0.4249	99.905	俎上(45)/俎板(17)/俎(11)/雑俎(6)/刀俎(2)/俎豆(1)/樽俎(1)
3548	娥	83	0.4249	99.905	娥(57)/嫦娥(12)/青娥(6)/娥娥(2)/碧娥(2)/姮娥(1)/娥眉(1)/曹娥(1)/長娥子(1)
3549	斟	83	0.4249	99.905	斟酌(82)/斟(1)
3550	杷	83	0.4249	99.906	枇杷(69)/枇杷田(7)/杷木(5)/西枇杷島(2)
3551	汪	83	0.4249	99.906	汪(76)/汪洋(3)/汪寧(2)/和汪(1)/汪々(1)
3552	箏	83	0.4249	99.906	箏(52)/箏曲(24)/箏子(7)
3553	蛤	83	0.4249	99.906	蛤(69)/焼き蛤(4)/蛤蜊(3)/文蛤(2)/白蛤(2)/蛤刃(1)/蛤端(1)/馬蛤潟(1)
3554	躓	83	0.4249	99.906	躓い(37)/躓き(23)/躓く(11)/躓か(7)/躓(3)/躓け(2)
3555	躱	83	0.4249	99.906	躱し(41)/躱す(22)/躱さ(10)/躱そう(4)/躱せ(3)/躱わし(1)/躱娜(1)/躱閃(1)
3556	雍	83	0.4249	99.906	雍(44)/雍正(20)/雍歯(10)/雍邱(4)/雍仁(1)/雍容(1)/雍煕(1)/雍熙(1)/麴雍(1)
3557	鰺	83	0.4249	99.907	鰺ヶ沢(44)/鰺(27)/鰺坂(8)/釣り鰺(3)/鰺ケ沢(1)
3558	崑	82	0.4198	99.907	崑崙(58)/崑(24)
3559	懃	82	0.4198	99.907	慇懃(81)/懃(1)
3560	梃	82	0.4198	99.907	梃(42)/梃子(28)/梃入れ(6)/変梃(5)/梃子摺る(1)
3561	癸	82	0.4198	99.907	癸卯(21)/癸丑(13)/癸亥(11)/癸酉(10)/癸未(9)/癸(7)/癸巳(5)/癸辛(4)/壬癸(2)
3562	胥	82	0.4198	99.907	子胥(33)/胥吏(21)/孝胥(12)/華胥(9)/胥役(2)/包胥(1)/胥(1)/胥蠹(1)/胥議(1)/胥靡(1)
3563	荏	82	0.4198	99.907	荏原(60)/荏(5)/荏ごま(5)/荏柄(4)/荏苒(3)/桂荏(2)/荏胡麻(2)/荏子(1)
3564	蜥	82	0.4198	99.908	蜥蜴(38)/蜥蝪(30)/蜥蜴男(7)/火蜥蜴(5)/黒蜥蜴(2)
3565	讒	82	0.4198	99.908	讒言(43)/讒(14)/讒訴(14)/讒謗(4)/讒誣(2)/託ひ讒ぢ(1)/讒し(1)/讒する(1)/讒佞(1)/讒臣(1)
3566	銜	82	0.4198	99.908	銜え(49)/銜(13)/銜える(5)/銜え込ん(3)/馬銜(3)/銜む(2)/銜え込む(1)/銜え込もう(1)/銜へ(1)/銜ま(1)/銜み(1)/銜め(1)/銜受(1)
3567	餘	82	0.4198	99.908	餘(15)/餘り(10)/餘昌(6)/餘論(6)/扶餘(5)/餘裕(5)/餘部(5)/餘戸(4)/餘滴(3)/三餘(2)/餘分(2)/餘剰(2)/餘姚(2)/餘興(2)/業餘(1)/餘元(1)/餘名(1)/餘地(1)/餘年(1)/餘所(1)
3568	孜	81	0.4147	99.908	孜(38)/孜孜(32)/甘孜(9)/景孜(1)/競孜(1)
3569	恃	81	0.4147	99.908	恃む(31)/恃ん(12)/恃み(11)/矜恃(8)/自恃(8)/恃ま(7)/恃め(2)/恃める(1)/恃気(1)
3570	搦	81	0.4147	99.908	搦手(17)/搦(11)/搦め手(10)/足搦(10)/搦め(7)/七搦(4)/搦み(4)/搦めとら(3)/搦め捕ら(2)/松島搦(2)/搦ま(1)/搦み合っ(1)/搦めとり(1)/搦め取っ(1)/搦め取ら(1)/搦め取り(1)/搦め取る(1)/搦め捕り(1)/搦め捕ろう(1)/根搦(1)
3571	撼	81	0.4147	99.909	震撼(80)/撼わす(1)
3572	渤	81	0.4147	99.909	渤海(80)/渤(1)
3573	癩	81	0.4147	99.909	癩(42)/癩病(20)/癩者(18)/白癩(1)
3574	砺	81	0.4147	99.909	砺波(66)/砺中(8)/南砺(6)/砺(1)
3575	筧	81	0.4147	99.909	筧(81)
3576	蕁	81	0.4147	99.909	蕁麻(79)/蕁(2)
3577	關	81	0.4147	99.909	機關(26)/關(17)/關係(16)/玄關(5)/關し(5)/關心(4)/關する(3)/潼關(1)/關る(1)/關名(1)/關白(1)/關聨(1)
3578	嘯	80	0.4096	99.909	虎嘯(29)/嘯い(16)/海嘯(11)/嘯く(10)/嘯月(4)/嘯林(4)/長嘯(2)/嘯(1)/嘯き(1)/嘯笑(1)/風嘯(1)
3579	昉	80	0.4096	99.910	玄昉(75)/昉(2)/周昉(1)/昉師(1)/李昉(1)
3580	玻	80	0.4096	99.910	玻璃(41)/玻奈子(20)/玻座間(14)/浩玻(3)/玻座(1)/玻璃壜(1)
3581	盥	80	0.4096	99.910	盥(61)/金盥(8)/盥廻し(6)/桶盥(2)/盥まわし(2)/花盥(1)
3582	謐	80	0.4096	99.910	静謐(73)/謐(2)/董謐(1)/謐か(1)/謐け(1)/謐り(1)/謐然(1)
3583	塹	79	0.4045	99.910	塹壕(75)/塹(2)/塹濠(2)
3584	枇	79	0.4045	99.910	枇杷(69)/枇杷田(7)/西枇杷島(2)/枇評(1)
3585	樣	79	0.4045	99.910	樣(64)/樣子(7)/同樣(3)/孃樣(1)/文樣(1)/樣態(1)/異樣(1)/郞樣(1)
3586	瀑	79	0.4045	99.911	瀑布(33)/瀑(14)/観瀑(12)/瀑布子(7)/飛瀑(5)/氷瀑(4)/直瀑(2)/秋瀑(1)/連瀑(1)
3587	燿	79	0.4045	99.911	燿子(41)/燿一郎(36)/燿(1)/燿亭(1)
3588	蒡	79	0.4045	99.911	牛蒡(79)
3589	薗	79	0.4045	99.911	御薗(34)/薗(29)/薗田(9)/窪薗(4)/有薗(2)/薗部(1)
3590	蟠	79	0.4045	99.911	蟠竜(35)/蟠踞(12)/蟠(11)/蟠龍(7)/蟠っ(5)/蟠り(5)/蟠桃(3)/蟠据(1)
3591	偕	78	0.3993	99.911	偕成(34)/偕楽(15)/偕行(14)/偕老(12)/偕(3)
3592	夙	78	0.3993	99.911	夙川(25)/夙に(15)/夙く(9)/夙(8)/夙夷(8)/夙生(7)/夙う(3)/夙夜(2)/夙き(1)
3593	夭	78	0.3993	99.911	夭折(50)/夭逝(13)/夭(6)/桃夭(4)/閎夭(3)/大夭(1)/夭き(1)
3594	箪	78	0.3993	99.912	箪笥(51)/瓢箪(24)/箪(3)
3595	范	78	0.3993	99.912	范(28)/范彊(15)/范雎(13)/范蠡(4)/范陽(4)/范曄(3)/范冉(2)/范増(2)/范疆(2)/范嘩(1)/范型(1)/范家屯(1)/范竹(1)/范質(1)
3596	伜	77	0.3942	99.912	伜(77)
3597	嗄	77	0.3942	99.912	嗄れ(34)/嗄声(17)/嗄れ声(11)/嗄らし(8)/嗄れる(2)/さび嗄れ(1)/嗄(1)/嗄らす(1)/嗄らせ(1)/嗄咳(1)
3598	挾	77	0.3942	99.912	挾ん(27)/挾み(14)/挾ま(10)/挾む(7)/板挾み(7)/挾撃(3)/挾川(2)/さし挾ん(1)/カニ挾み(1)/差挾む(1)/挾まれ(1)/挾み打ち(1)/挾め(1)/挾間(1)
3599	栂	77	0.3942	99.912	栂池(37)/栂(19)/栂尾(7)/栂ノ森(5)/栂野(5)/栂井(1)/栂峠(1)/栂平(1)/栂村(1)
3600	矜	77	0.3942	99.912	矜持(56)/矜り(9)/矜恃(8)/矜羯羅(2)/矜る(1)/矜驕(1)
3601	蔀	77	0.3942	99.913	蔀(59)/蔀戸(10)/半蔀(5)/小蔀(1)/板蔀(1)/立蔀(1)
3602	鬢	77	0.3942	99.913	鬢(50)/車鬢(7)/小鬢(4)/鬢つけ(4)/鬢髪(3)/撥鬢(2)/片鬢(2)/糸鬢(2)/鬢付け(2)/透鬢(1)
3603	冲	76	0.3891	99.913	林冲(50)/冲(7)/桓冲(5)/若冲(5)/冲也(4)/冲天(2)/冲し(1)/冲する(1)/冲積(1)
3604	弩	76	0.3891	99.913	弩(48)/弩級(15)/弩弓(3)/弩矢(3)/小弩(2)/弩兵(2)/弩（ど）級(1)/発弩(1)/荳弩(1)
3605	弯	76	0.3891	99.913	側弯(30)/弯曲(22)/後弯(5)/小弯(4)/弱弯(4)/強弯(4)/弯刃(3)/弯(2)/前弯(1)/弯窿(1)
3606	框	76	0.3891	99.913	上がり框(33)/框(21)/上り框(9)/あがり框(5)/上框(4)/窓框(3)/床框(1)
3607	泪	76	0.3891	99.913	泪(64)/泪橋(4)/泪ぐん(3)/悔し泪(1)/泪ぐましい(1)/泪ぐましく(1)/泪ぐみ(1)/泪ぐむ(1)
3608	總	76	0.3891	99.913	總(56)/總一郎(4)/花總(4)/夜總(3)/總て(2)/總括(2)/總務(1)/總毛(1)/總理(1)/總角(1)/總轄(1)
3609	賣	76	0.3891	99.914	讀賣(35)/賣扇(7)/商賣(4)/比賣(3)/木花之佐久夜毘賣(2)/發賣(2)/賣(2)/賣つ(2)/賣り(2)/前賣(1)/愛比賣(1)/燒賣(1)/玉依毘賣(1)/石之日賣(1)/神阿多津比賣(1)/競賣(1)/豊玉毘賣(1)/販賣(1)/賣ら(1)/賣る(1)
3610	跛	76	0.3891	99.914	跛行(65)/跛(7)/偏跛(1)/跛足(1)/跛蹇(1)/跛鼈(1)
3611	踞	76	0.3891	99.914	蹲踞(41)/蟠踞(12)/盤踞(6)/踞っ(6)/踞(4)/蹲踞ん(2)/虎踞(1)/踞み込む(1)/踞ん(1)/蹲踞まり(1)/蹲踞む(1)
3612	僭	75	0.3840	99.914	僭越(36)/僭主(16)/僭称(14)/僭上(6)/僭乱(2)/僭傲(1)
3613	姚	75	0.3840	99.914	姚(54)/姚襄(9)/姚君(6)/姚明(2)/餘姚(2)/姚冶(1)/姚非(1)
3614	檣	75	0.3840	99.914	檣(27)/前檣(13)/檣頭(10)/後檣(8)/檣楼(5)/主檣(3)/檣上(3)/大檣(2)/中檣(1)/帆檣(1)/樹檣(1)/船檣(1)
3615	洟	75	0.3840	99.914	洟(46)/水洟(8)/洟垂れ(5)/洟水(5)/洟たれ(3)/青洟(3)/洟汁(2)/手洟(1)/洟ったれ(1)/青っ洟(1)
3616	滌	75	0.3840	99.914	滌除(65)/洗滌(9)/滌(1)
3617	烟	75	0.3840	99.915	烟(34)/烟草(14)/雲烟(11)/烟り(3)/烟田(2)/烟っ(1)/烟ら(1)/烟る(1)/烟漁(1)/烟漁冷(1)/烟火(1)/烟硝(1)/烟管(1)/烟霧(1)/煤烟(1)/黒烟(1)
3618	菟	75	0.3840	99.915	於菟吉(20)/木菟(15)/菟糸(7)/菟狭(6)/菟原(5)/於菟(4)/菟玖波(4)/菟道(3)/玄菟(2)/菟狭津彦(2)/菟田(2)/菟田野(2)/涼菟(1)/菟(1)/菟狭津媛(1)
3619	蝮	75	0.3840	99.915	蝮(69)/毒蝮(3)/蝮蛇(2)/蝮王(1)
3620	鑿	75	0.3840	99.915	鑿(48)/穿鑿(17)/開鑿(5)/鑿岩(2)/神鑿(1)/詮鑿(1)/鑿井(1)
3621	倚	74	0.3789	99.915	倚り(19)/倚辞(15)/偏倚(12)/倚る(7)/倚(5)/倚子(4)/倚ら(3)/倚っ(2)/倚伏(2)/依倚(1)/倚つ(1)/倚れ(1)/倚リ(1)/蕩倚(1)
3622	撚	74	0.3789	99.915	撚糸(25)/撚り(17)/撚り合わせ(6)/撚っ(5)/延撚(4)/撚(4)/撚る(3)/撚りあわせ(2)/左撚(1)/強撚(1)/撚り合せ(1)/撚り糸(1)/撚れ(1)/撚向け(1)/撚糊(1)/検撚(1)
3623	稟	74	0.3789	99.915	稟議(57)/天稟(7)/稟(2)/稟受(2)/稟性(2)/稟と(1)/稟称(1)/稟義(1)/稟請(1)
3624	笊	74	0.3789	99.915	笊(54)/笊森(11)/溜め笊(4)/振り笊(2)/笊蕎麦(2)/大笊(1)
3625	緞	74	0.3789	99.916	絨緞(29)/緞子(24)/緞帳(18)/緞通(3)
3626	鈕	74	0.3789	99.916	鈕(54)/鈕孔(16)/亀鈕(4)
3627	饌	74	0.3789	99.916	神饌(57)/御饌(5)/賜饌(4)/饌(3)/献饌(2)/熟饌(1)/饌幣(1)/饗饌(1)
3628	櫂	73	0.3737	99.916	櫂(68)/艫櫂(3)/櫂石(1)/櫂船(1)
3629	筐	73	0.3737	99.916	筐体(60)/花筐(5)/筐(4)/宝筐(2)/梵筐(1)/筐底(1)
3630	蟄	73	0.3737	99.916	蟄居(55)/啓蟄(17)/蟄息(1)
3631	蠕	73	0.3737	99.916	蠕動(67)/蠕々(3)/蠕虫(3)
3632	黍	73	0.3737	99.916	黍(37)/玉蜀黍(16)/唐黍(9)/黍畑(5)/黍殻(2)/蜀黍(1)/高黍(1)/鶏黍(1)/黍離(1)
3633	拿	72	0.3686	99.917	拿捕(69)/拿(3)
3634	紮	72	0.3686	99.917	結紮(72)
3635	絲	72	0.3686	99.917	絲(32)/藍絲(7)/青椒肉絲(7)/赤絲(4)/白絲(3)/紫絲(3)/製絲(3)/毫絲(2)/絲綢(2)/絹絲(2)/千絲(1)/古絲(1)/染絲(1)/紺絲(1)/絲玉(1)/絲絆(1)/絲韋(1)
3636	蝿	72	0.3686	99.917	蝿(43)/五月蝿い(12)/五月蝿く(9)/小蝿(2)/蝿取(2)/銀蝿(2)/五月蝿(1)/蝿たたき(1)
3637	鮓	72	0.3686	99.917	熟鮓(40)/鮓(11)/鮓本(8)/フナ鮓(3)/鮓桶(3)/サバ鮓(2)/アユ鮓(1)/押し鮓(1)/早鮓(1)/蕪鮓(1)/鮓樽(1)
3638	鵞	72	0.3686	99.917	鵞鳥(34)/天鵞絨(15)/鵞(8)/換鵞(4)/金鵞(4)/鵞口(2)/鵞峯(2)/籠鵞(1)/観鵞(1)/鵞峰(1)
3639	倆	71	0.3635	99.917	技倆(47)/伎倆(21)/力倆(2)/倆(1)
3640	塘	71	0.3635	99.917	池塘(19)/洪塘(9)/銭塘(8)/塘砲(6)/塘路(6)/堤塘(4)/塘沽(3)/春塘(3)/理塘(3)/馬塘溝(3)/塘(2)/巴塘(2)/瞿塘(2)/北塘(1)
3641	瘻	71	0.3635	99.918	瘻(27)/瘻孔(21)/胃瘻(14)/痔瘻(9)
3642	綽	71	0.3635	99.918	綽名(37)/綽々(18)/綽(5)/善綽(4)/綽綽(2)/君綽(1)/善綽房(1)/綽如(1)/綽子(1)/綽約(1)
3643	纒	71	0.3635	99.918	纒向(23)/纒(18)/纒め(9)/纒い(5)/纒う(5)/半纒(3)/纒頭(3)/纒わ(2)/付き纒わ(1)/纒か(1)/纒っ(1)
3644	諱	71	0.3635	99.918	諱(49)/忌諱(11)/偏諱(6)/避諱(5)
3645	豫	71	0.3635	99.918	豫(33)/豫州(12)/伊豫(9)/豫園(9)/伊豫之助(1)/伊豫谷(1)/想豫(1)/猶豫(1)/豫備(1)/豫測(1)/豫算(1)/豫言(1)
3646	迢	71	0.3635	99.918	迢空(71)
3647	鬨	71	0.3635	99.918	鬨の声(40)/勝鬨(22)/鬨(6)/勝ち鬨(3)
3648	鮪	71	0.3635	99.918	鮪(62)/カジキ鮪(3)/鮪漁(3)/本鮪(1)/鮪つり(1)/鮪釣り(1)
3649	齊	71	0.3635	99.918	齊木(32)/齊(20)/齊藤(16)/齊一郎(1)/齊備(1)/齊彬(1)
3650	偃	70	0.3584	99.919	偃(29)/偃月刀(26)/偃武(5)/偃月(4)/文偃(3)/偃蹇(2)/狐偃(1)
3651	撓	70	0.3584	99.919	不撓(21)/撓(12)/撓み(8)/撓ま(6)/撓ん(5)/撓い(3)/撓う(3)/撓む(3)/囲撓(2)/撓ひ(2)/撓め(2)/可撓(1)/撓え(1)/撓っ(1)
3652	燧	70	0.3584	99.919	燧ヶ岳(22)/燧(13)/燧灘(7)/燧石(6)/燧臼(5)/燧岳(4)/燧杵(4)/燧ケ岳(3)/燧堀(3)/燧火(2)/火燧(1)
3653	猷	70	0.3584	99.919	修猷(25)/普猷(10)/俊猷(6)/大猷(6)/宗猷(6)/正猷(3)/定猷(2)/覚猷(2)/世猷(1)/壮猷(1)/猷(1)/猷夫(1)/猷子(1)/遠猷(1)/邦猷(1)/鄭長猷造像記(1)/長猷(1)/高猷(1)
3654	變	70	0.3584	99.919	變(39)/變革(18)/變る(6)/變更(2)/變貌(2)/事變(1)/變へ(1)/變遷(1)
3655	齟	70	0.3584	99.919	齟齬(70)
3656	齬	70	0.3584	99.919	齟齬(70)
3657	吝	69	0.3533	99.919	吝嗇(37)/吝(12)/吝子(9)/吝か(7)/吝い(3)/吝ん坊(1)
3658	囀	69	0.3533	99.920	囀り(37)/囀っ(13)/囀る(12)/囀(5)/囀り返す(1)/囀れ(1)
3659	搏	69	0.3533	99.920	脈搏(13)/搏つ(10)/搏た(9)/羽搏き(8)/搏ち(6)/羽搏く(4)/搏て(3)/羽搏い(3)/搏っ(2)/搏動(2)/心搏た(1)/心搏つ(1)/手搏(1)/搏撃(1)/搏風(1)/羽搏け(1)/羽搏こう(1)/羽搏た(1)/羽搏つ(1)
3660	杣	69	0.3533	99.920	杣(27)/杣人(19)/杣山(9)/杣道(4)/角杣(4)/杣夫(2)/杣谷(2)/杣工(1)/杣径(1)
3661	簗	69	0.3533	99.920	簗(36)/簗沢(12)/簗瀬(10)/簗田(8)/簗一(2)/魦簗(1)
3662	茗	69	0.3533	99.920	茗荷(35)/茗(12)/茗荷谷(7)/酔茗(3)/醉茗(3)/茗荷竹(2)/さらし茗荷(1)/刻み茗荷(1)/筆茗荷(1)/花茗荷(1)/茗溪(1)/茗荷子(1)/茗荷山(1)
3663	虻	69	0.3533	99.920	虻田(36)/虻(20)/虻川(8)/虻蜂(3)/花虻(1)/虻子(1)
3664	躅	69	0.3533	99.920	躑躅(47)/躑躅ヶ崎(14)/山躑躅(4)/躅(2)/岩躑躅(1)/蹲躅(1)
3665	錚	69	0.3533	99.920	錚々(59)/錚錚(8)/錚(1)/錚盤(1)
3666	冀	68	0.3481	99.920	冀州(34)/冀東(12)/冀(6)/冀望(4)/冀ふ(2)/冀察(2)/叔冀(2)/梁冀(2)/伊尼冀(1)/冀う(1)/冀つ(1)/冀求(1)
3667	瑁	68	0.3481	99.921	蔡瑁(51)/玳瑁(14)/瑇瑁(2)/珸瑤瑁村(1)
3668	瘴	68	0.3481	99.921	瘴気(52)/瘴壁(8)/瘴癘(6)/瘴外(2)
3669	眷	68	0.3481	99.921	眷属(42)/眷族(21)/親眷(3)/眷元(1)/眷恋(1)
3670	蛆	68	0.3481	99.921	蛆虫(38)/蛆(29)/蛆殺し(1)
3671	巖	67	0.3430	99.921	巖(58)/巖谷(3)/巖手(2)/全巖(1)/梅巖(1)/瑞巖(1)/荒巖(1)
3672	爻	67	0.3430	99.921	爻(52)/初爻(5)/爻辞(5)/陰爻(3)/卦爻(1)/陽爻(1)
3673	竄	67	0.3430	99.921	改竄(62)/香竄(2)/流竄(1)/竄し(1)/竄入(1)
3674	臺	67	0.3430	99.921	臺(21)/邪馬臺(18)/臺右衛門(6)/寢臺(4)/臺屋(4)/臺所(2)/臺灣(2)/臺詞(2)/五臺(1)/尊臺(1)/臺与(1)/臺寺(1)/臺懷(1)/臺白(1)/臺百(1)/阿輩臺(1)
3675	舫	67	0.3430	99.921	蓮舫(32)/舫っ(15)/舫(6)/舫い(6)/画舫(3)/舫わ(3)/舫う(1)/舫綱(1)
3676	賎	67	0.3430	99.922	賎民(32)/賎(9)/貴賎(6)/下賎(5)/卑賎(4)/賎しい(4)/賎ヶ岳(3)/賎し(2)/賎しく(1)/賎ケ岳(1)
3677	邂	67	0.3430	99.922	邂逅(65)/邂(1)/邂ひ(1)
3678	鵡	67	0.3430	99.922	鸚鵡(55)/鵡川(9)/鵡(3)
3679	侈	66	0.3379	99.922	奢侈(62)/侈(4)
3680	剌	66	0.3379	99.922	潑剌(42)/溌剌(13)/撥剌(4)/亜剌比亜(2)/伯剌西爾(2)/江剌(2)/阿剌吉(1)
3681	厦	66	0.3379	99.922	厦門(33)/望厦(22)/大厦(7)/厦(3)/厦建(1)
3682	嬲	66	0.3379	99.922	嬲ら(19)/嬲る(14)/嬲っ(10)/嬲り(9)/嬲り殺し(6)/嬲(2)/嬲り者(2)/揉み嬲ら(2)/打ち嬲り(1)/擦り嬲ら(1)
3683	屢	66	0.3379	99.922	屢々(42)/屢(22)/屢屢(2)
3684	弖	66	0.3379	99.923	阿弖流為(59)/阿弖河(3)/弖之(2)/弖(1)/阿弖流爲(1)
3685	簫	66	0.3379	99.923	洞簫(56)/簫管(5)/簫(4)/短簫(1)
3686	葫	66	0.3379	99.923	葫蘆(57)/葫蘆島(7)/葫(2)
3687	蝸	66	0.3379	99.923	蝸牛(66)
3688	躑	66	0.3379	99.923	躑躅(47)/躑躅ヶ崎(14)/山躑躅(4)/岩躑躅(1)
3689	逅	66	0.3379	99.923	邂逅(65)/逅(1)
3690	闖	66	0.3379	99.923	闖入(51)/闖王(13)/闖(2)
3691	樊	65	0.3328	99.923	樊(23)/樊城(19)/樊遅(9)/樊噲(6)/樊川(3)/樊瑞(3)/樊山(1)/襄樊(1)
3692	潙	65	0.3328	99.923	潙山(60)/潙仰(3)/潙(2)
3693	甑	65	0.3328	99.923	甑(28)/甑島(27)/下甑(6)/甑口(3)/上甑(1)
3694	秣	65	0.3328	99.924	秣(36)/糧秣(21)/粮秣(8)
3695	篩	65	0.3328	99.924	篩(47)/篩い(5)/篩っ(4)/籾篩(2)/絹篩(2)/健篩(1)/篩い入れ(1)/篩い分ける(1)/篩い寄せる(1)/篩ひ(1)
3696	艱	65	0.3328	99.924	艱難(55)/艱苦(6)/艱(4)
3697	闍	65	0.3328	99.924	阿闍世(29)/阿闍梨(24)/耆闍崛(4)/闍黎(4)/摩訶波闍波提(1)/闍(1)/闍維(1)/闍那崛多(1)
3698	隧	65	0.3328	99.924	隧道(65)
3699	隨	65	0.3328	99.924	隨筆(51)/隨(9)/隨い(1)/隨ふ(1)/隨分(1)/隨意(1)/隨蓮(1)
3700	扼	64	0.3277	99.924	扼殺(24)/絞扼(14)/扼腕(10)/扼する(7)/扼し(3)/扼す(3)/扼(1)/扼せ(1)/扼（やく）殺(1)
3701	樅	64	0.3277	99.924	樅(62)/樅山町(1)/樅沢(1)
3702	眈	64	0.3277	99.924	眈々(56)/眈眈(8)
3703	迹	64	0.3277	99.925	垂迹(22)/迹見(9)/倭迹迹日百襲姫(6)/本迹(4)/男大迹(4)/迹(3)/迹驚(3)/五十迹手(2)/倭迹々日百襲姫(2)/迹門(2)/仏迹(1)/形迹(1)/悟迹(1)/痕迹(1)/聖迹(1)/轍迹(1)/迹考(1)
3704	逵	64	0.3277	99.925	李逵(35)/忠逵(28)/逵(1)
3705	鐙	64	0.3277	99.925	鐙(51)/鐙摺(5)/撥鐙(4)/学鐙(1)/鐙冠(1)/鐙屋(1)/鐙革(1)
3706	雹	64	0.3277	99.925	雹(39)/雹霞(13)/雹害(5)/防雹(3)/降雹(2)/雹道(2)
3707	點	64	0.3277	99.925	點(59)/極點(2)/採點(1)/焦點(1)/燒點(1)
3708	淆	63	0.3225	99.925	混淆(63)
3709	渣	63	0.3225	99.925	残渣(38)/沈渣(10)/浮渣(9)/国渣(3)/渣(3)
3710	溥	63	0.3225	99.925	溥儀(43)/溥(6)/溥傑(6)/溥倫(2)/陰溥(2)/斉溥(1)/溥修(1)/溥儁(1)/長溥(1)
3711	祢	63	0.3225	99.925	美祢(22)/祢不(8)/曽祢(7)/祢(7)/祢津(5)/女祢宜(3)/祢宜(3)/祢古(2)/き祢(1)/宿祢(1)/権祢宜(1)/祢加(1)/祢常(1)/祢賜(1)
3712	繞	63	0.3225	99.926	囲繞(40)/千繞(5)/繞らし(3)/圍繞(2)/繞(2)/繞る(2)/繞石(2)/結い繞らし(1)/結い繞らせ(1)/繞つ(1)/繞らす(1)/繞り(1)/繞口(1)/纏繞(1)
3713	菰	63	0.3225	99.926	菰(25)/菰野(18)/菰田(7)/真菰(5)/菰池(4)/刈菰(2)/菅菰(1)/菰掛け(1)
3714	釋	63	0.3225	99.926	釋(25)/釋迦(11)/釋尊(5)/釋文(3)/釋阿(3)/通釋(2)/釋する(2)/釋例(2)/釋名(2)/釋書(2)/棄釋(1)/解釋(1)/釋し(1)/釋器(1)/釋天(1)/釋詁(1)
3715	陋	63	0.3225	99.926	固陋(18)/陋習(14)/陋屋(10)/陋劣(6)/陋巷(4)/鄙陋(3)/陋風(2)/仄陋(1)/僻陋(1)/怯陋(1)/旧陋(1)/陋(1)/陋隘(1)
3716	勁	62	0.3174	99.926	勁草(37)/勁い(4)/勁(3)/雄勁(3)/剛勁(2)/勁し(2)/勁き(1)/勁く(1)/勁健(1)/勁史(1)/勁士(1)/勁歌(1)/勁殺(1)/勁烈(1)/勁鋭(1)/心勁い(1)/遒勁(1)
3717	崙	62	0.3174	99.926	崑崙(58)/崙(3)/崙波(1)
3718	戰	62	0.3174	99.926	戰(30)/戰爭(13)/戰つ(4)/戰慄(4)/戰争(2)/戰場(2)/戰時(2)/敗戰(2)/戰栗(1)/戰歿(1)/挑戰(1)
3719	擡	62	0.3174	99.926	擡頭(38)/擡げ(22)/擡げよう(1)/擡げる(1)
3720	檮	62	0.3174	99.926	赤檮(40)/檮原(22)
3721	淺	62	0.3174	99.926	淺井(38)/淺(8)/淺尾(7)/淺草(5)/淺生(2)/淺い(1)/湯淺(1)
3722	燎	62	0.3174	99.927	燎子(38)/燎原(16)/燎琉(4)/燎(3)/燎火(1)
3723	蠱	62	0.3174	99.927	蠱惑(35)/蠱(16)/蠱毒(5)/巫蠱(4)/媚蠱(2)
3724	鞆	62	0.3174	99.927	鞆(60)/大鞆(2)
3725	侭	61	0.3123	99.927	我侭(32)/侭(18)/我が侭(7)/気侭(4)
3726	匪	61	0.3123	99.927	匪賊(27)/匪団(8)/土匪(6)/法匪(5)/匪襲(4)/共匪(2)/財匪(2)/兵匪(1)/匪(1)/匪影(1)/匪徒(1)/匪計(1)/槍匪(1)/莫匪〜。(1)
3727	撈	61	0.3123	99.927	漁撈(59)/撈月(1)/撈海(1)
3728	數	61	0.3123	99.927	數(44)/數十(3)/數多く(3)/無數(3)/多數(2)/數へ(2)/半數(1)/數多(1)/數引(1)/數馬(1)
3729	獨	61	0.3123	99.927	獨協(14)/獨り(11)/獨逸(9)/獨立(8)/獨斷(3)/獨裁(3)/獨案(2)/獨白(2)/喊台獨(1)/獨ぎめ(1)/獨亞(1)/獨伊(1)/獨創(1)/獨占(1)/獨島(1)/獨得(1)/獨秀(1)
3730	礦	61	0.3123	99.927	炭礦(35)/礦(9)/礦業(9)/同礦(4)/礦毒(3)/礦夫(1)
3731	稍	61	0.3123	99.928	稍(50)/稍々(7)/稍〻(2)/稍稍(2)
3732	聊	61	0.3123	99.928	無聊(27)/聊か(19)/聊(6)/聊斎(2)/ネド聊(1)/聊んぜ(1)/聊力(1)/聊城(1)/聊無(1)/聊爾(1)/聊齋(1)
3733	聟	61	0.3123	99.928	聟(47)/姉聟(3)/入聟(2)/妹聟(2)/聟入り(2)/花聟(2)/合聟(1)/女聟(1)/聟島(1)
3734	薮	61	0.3123	99.928	薮(40)/竹薮(8)/薮内(3)/桑薮(2)/大薮(1)/婆薮槃頭(1)/薮中(1)/薮仲(1)/薮原(1)/薮口(1)/薮田(1)/薮蚊(1)
3735	誂	61	0.3123	99.928	誂え(30)/誂え向き(18)/誂(6)/別誂え(2)/誂へ(2)/誂える(1)/誂向き(1)/誂（あつらえ）え(1)
3736	蹙	61	0.3123	99.928	顰蹙(60)/蹙めよう(1)
3737	馭	61	0.3123	99.928	馭者(51)/馭し(4)/馭する(3)/制馭(1)/始馭天下之(1)/馭謨(1)
3738	嚆	60	0.3072	99.928	嚆矢(59)/嚆失(1)
3739	婁	60	0.3072	99.928	婁(15)/東牟婁(13)/西牟婁(12)/牟婁(11)/離婁(4)/北牟婁(2)/挹婁(2)/南牟婁(1)
3740	淇	60	0.3072	99.928	舒淇(43)/淇水(8)/淇園(6)/劉淇(1)/淇奥(1)/淇澳(1)
3741	淮	60	0.3072	99.929	淮南(17)/淮河(9)/淮海(8)/臨淮(7)/淮水(6)/秦淮(3)/淮(2)/淮陰(2)/周淮(1)/江淮(1)/淮勇(1)/淮軍(1)/淮陽(1)/郭淮(1)
3742	瑤	60	0.3072	99.929	瑤子(30)/瑤姫(21)/瑤泉(5)/瑤(3)/珸瑤瑁村(1)
3743	瞋	60	0.3072	99.929	瞋(38)/瞋恚(16)/瞋り(3)/貪瞋(3)
3744	蹊	60	0.3072	99.929	成蹊(33)/鼠蹊(19)/雪蹊(4)/嵩蹊(2)/花蹊(1)/蹊(1)
3745	馘	60	0.3072	99.929	馘(45)/馘首(13)/馘れ(1)/馘暦(1)
3746	假	59	0.3021	99.929	假名(27)/假(23)/假屋崎(4)/假屋(3)/假令(1)/假借(1)
3747	僥	59	0.3021	99.929	僥倖(57)/僥幸(2)
3748	兒	59	0.3021	99.929	兒玉(17)/兒(15)/明兒(7)/鹿兒島(4)/兒童(3)/孩兒(3)/赤兒(3)/兒島(2)/兒湯(2)/兒太郞(1)/璃球兒(1)/陀兒(1)
3749	夾	59	0.3021	99.929	夾竹(27)/夾雑(16)/夾山(4)/夾み撃ち(3)/夾棍(2)/夾谷(2)/夾(1)/夾ま(1)/夾ん(1)/夾算(1)/夾雜(1)
3750	惡	59	0.3021	99.929	惡(18)/惡い(12)/惡魔(9)/惡く(3)/惡風(3)/罪惡(3)/善惡(2)/惡き(1)/惡しき(1)/惡口(1)/惡意(1)/惡戲(1)/惡所(1)/惡評(1)/惡黨(1)/惡神(1)
3751	祚	59	0.3021	99.930	重祚(17)/践祚(16)/天祚(8)/泳祚(6)/祚(5)/皇祚(3)/国祚(1)/宝祚(1)/永祚(1)/葛祚(1)
3752	荀	59	0.3021	99.930	荀彧(16)/荀子(15)/荀(11)/荀攸(10)/荀粲(4)/荀爽(2)/荀鶴(1)
3753	闕	59	0.3021	99.930	闕(28)/闕所(20)/補闕(2)/則闕(1)/北闕(1)/残闕(1)/禁闕(1)/闕く(1)/闕け(1)/闕下(1)/闕疑(1)/鳳闕(1)
3754	龕	59	0.3021	99.930	龕(39)/壁龕(8)/仏龕(6)/石龕(5)/龕灯(1)
3755	海	59	0.3021	99.930	海(23)/上海(2)/陸海軍(2)/海人(2)/海外(2)/海岸(2)/海松(2)/海潮(2)/海豹(2)/海道(2)/淡海(1)/禦海儲(1)/鎭海(1)/鳴海(1)/海关(1)/海南(1)/海地(1)/海埋(1)/海堤(1)/海橋(1)
3756	剽	58	0.2969	99.930	剽軽(20)/剽窃(15)/剽悍(13)/剽げ(4)/剽(1)/剽げ話(1)/剽奪(1)/剽盗(1)/剽盜(1)/剽（ひょう）盗(1)
3757	德	58	0.2969	99.930	道德(12)/德柏(11)/德(5)/德川(5)/學德(4)/德永(3)/美德(3)/德國(2)/德望(2)/功德(1)/孝德(1)/德得(1)/德心(1)/德拍(1)/德次(1)/德行(1)/德量(1)/德祖(1)/應德(1)/聖德(1)
3758	慥	58	0.2969	99.930	慥か(45)/慥(5)/慥かめ(5)/慥かめる(2)/下慥え(1)
3759	拱	58	0.2969	99.930	拱い(20)/拱手(16)/拱璧(4)/垂拱(2)/拱み(2)/拱廊(2)/拱路(2)/拱(1)/拱ねい(1)/拱ん(1)/拱型(1)/拱扶(1)/拱服(1)/拱枠(1)/拱架(1)/拱石(1)/斗拱(1)
3760	昵	58	0.2969	99.930	昵懇(49)/昵近(5)/昵(1)/昵病(1)/昵話(1)/親昵(1)
3761	滿	58	0.2969	99.931	滿壽男(27)/滿(17)/圓滿(3)/滿ち(3)/滿治(2)/盈滿(2)/充滿(1)/滿つる(1)/肥滿(1)/豐滿(1)
3762	焔	58	0.2969	99.931	火焔(24)/焔(21)/焔術(11)/気焔(2)
3763	猩	58	0.2969	99.931	猩々(22)/猩紅(22)/猩猩(14)
3764	簪	58	0.2969	99.931	簪(47)/花簪(8)/玉簪(2)/櫛簪(1)
3765	粱	58	0.2969	99.931	高粱(47)/粱平(4)/粱(2)/黄粱(2)/粱嘉(1)/粱師(1)/膏粱(1)
3766	蒋	58	0.2969	99.931	蒋(55)/擁蒋(1)/滅蒋(1)/逼蒋(1)
3767	赳	58	0.2969	99.931	赳夫(50)/赳(8)
3768	鰓	58	0.2969	99.931	鰓(41)/鰓弓(5)/鰓腸(5)/鰓蓋(5)/板鰓(1)/総鰓(1)
3769	楸	57	0.2918	99.931	楸邨(45)/楸瑛(9)/楸(2)/楸木(1)
3770	袷	57	0.2918	99.931	袷(53)/素袷(3)/紫袷(1)
3771	諌	57	0.2918	99.932	諌め(22)/諌議(12)/諌早(7)/諌める(6)/諌言(4)/諌臣(3)/兵諌(1)/諌山(1)/諌止(1)
3772	諍	57	0.2918	99.932	諍い(44)/諍(6)/諍いごと(2)/諍論(2)/婦夫諍ひ(1)/滅諍(1)/諍う(1)
3773	賈	57	0.2918	99.932	賈(27)/賈詡(13)/商賈(6)/賈島(2)/賈貴(2)/須賈(2)/待賈堂(1)/賈う(1)/賈豎(1)/賈販(1)/賈霽(1)
3774	鈎	57	0.2918	99.932	鈎(43)/有鈎(6)/チヌ鈎(2)/鈎取(2)/鈎子(2)/抜鈎(1)/鈎沈(1)
3775	閂	57	0.2918	99.932	閂(57)
3776	坩	56	0.2867	99.932	坩堝(48)/坩(7)/坩堝鋏(1)
3777	岑	56	0.2867	99.932	岑(19)/健岑(12)/江岑(8)/忠岑(6)/岑参(3)/岑守(2)/岑生(2)/有岑(1)/正岑(1)/良岑(1)/草書岑参登総持閣詩軸(1)
3778	嵆	56	0.2867	99.932	嵆康(45)/嵆(8)/嵆紹(3)
3779	彊	56	0.2867	99.932	范彊(15)/新彊(14)/劉彊(10)/彊(7)/自彊(6)/蒙彊(2)/剛彊(1)/靳彊(1)
3780	杳	56	0.2867	99.932	杳(51)/杳か(3)/杳い(1)/杳然(1)
3781	苞	56	0.2867	99.932	苞(32)/総苞(9)/苞葉(7)/家苞(3)/藁苞(3)/擘苞(1)/茂苞(1)
3782	詈	56	0.2867	99.933	罵詈(55)/詈(1)
3783	谺	56	0.2867	99.933	谺(56)
3784	醂	56	0.2867	99.933	味醂(55)/醂し(1)
3785	鎚	56	0.2867	99.933	石鎚(24)/鎚(15)/鎚矛(6)/鉄鎚(5)/戦鎚(3)/鎚起(3)
3786	顛	56	0.2867	99.933	顛末(46)/顛倒(4)/顛(3)/動顛(1)/山顛(1)/顛覆(1)
3787	仝	55	0.2816	99.933	朱仝(28)/仝(24)/（仝ω仝）(2)/仝じ(1)
3788	喇	55	0.2816	99.933	喇叭(45)/喇嘛(5)/喀喇沁(2)/喀喇(1)/喇(1)/達頼喇嘛(1)
3789	慟	55	0.2816	99.933	慟哭(54)/慟(1)
3790	潅	55	0.2816	99.933	潅漑(18)/潅水(16)/道潅(9)/潅木(6)/潅仏(3)/潅流(2)/潅がい(1)
3791	熨	55	0.2816	99.933	熨斗(27)/熨斗袋(9)/熨斗紙(6)/熨斗押(4)/熨斗目(4)/束ね熨斗(2)/熨(1)/熨し(1)/熨斗鮑(1)
3792	獪	55	0.2816	99.933	老獪(55)
3793	瘢	55	0.2816	99.934	瘢痕(53)/瘢(2)
3794	穆	55	0.2816	99.934	穆(14)/武穆(6)/穆弘(6)/穆王(6)/穆山(5)/穆公(4)/尚穆(2)/穆宗(2)/穆春(2)/仁穆(1)/昭穆(1)/朱穆(1)/清穆(1)/穆帝(1)/穆清(1)/穆順(1)/顔穆(1)
3795	粂	55	0.2816	99.934	粂(26)/粂吉(11)/粂五郎(4)/粂子(4)/粂三郎(3)/粂太郎(3)/お粂(1)/粂之進(1)/粂次(1)/粂蔵(1)
3796	葭	55	0.2816	99.934	葭(30)/葭町(8)/葭萌(5)/葭原(3)/葭簀(3)/葭戸(2)/枯れ葭(1)/葭屋町(1)/葭莩(1)/蒹葭(1)
3797	蒟	55	0.2816	99.934	蒟蒻(54)/蒟醬(1)
3798	薨	55	0.2816	99.934	薨去(22)/薨じ(17)/薨(6)/薨れ(3)/薨じる(2)/薨し(1)/薨ずる(1)/薨ぜ(1)/薨る(1)/薨後(1)
3799	蘊	55	0.2816	99.934	蘊蓄(18)/五蘊(13)/道蘊(8)/蘊(3)/蘊嶺(3)/智蘊(2)/蘊奥(2)/色蘊(1)/蘊以(1)/蘊居(1)/蘊巣(1)/蘊醸(1)/蘊魔(1)
3800	貂	55	0.2816	99.934	貂蟬(19)/貂(13)/貂蝉(10)/黒貂(7)/白貂(6)
3801	鉗	55	0.2816	99.934	鉗子(50)/鉗(3)/鉗知(1)/鉗脚(1)
3802	韃	55	0.2816	99.934	韃靼(36)/満韃子(13)/満韃(2)/韃子(2)/東韃子(1)/韃之助(1)
3803	娃	54	0.2765	99.935	娃(44)/李娃(8)/娃哈哈(1)/頴娃(1)
3804	嫂	54	0.2765	99.935	嫂(41)/嫂子(9)/大嫂(4)
3805	渫	54	0.2765	99.935	浚渫(51)/しゅん渫(1)/渫え(1)/渫わ(1)
3806	潘	54	0.2765	99.935	潘(35)/潘璋(19)
3807	澁	54	0.2765	99.935	澁澤(45)/澁谷(4)/澁る(2)/澁沢(2)/小澁(1)
3808	莱	54	0.2765	99.935	蓬莱(42)/莱(8)/彤徳莱(1)/莱山(1)/莱泉(1)/逢莱(1)
3809	蒻	54	0.2765	99.935	蒟蒻(54)
3810	醪	54	0.2765	99.935	醪(54)
3811	鉋	54	0.2765	99.935	鉋(37)/丸鉋(3)/槍鉋(3)/鉋屑(3)/平鉋(2)/飛び鉋(2)/削鉋(1)/手鉋(1)/豆鉋(1)/逆鉋(1)
3812	霹	54	0.2765	99.935	霹靂(54)
3813	靂	54	0.2765	99.935	霹靂(54)
3814	鰌	54	0.2765	99.936	泥鰌髭(31)/泥鰌(20)/鰌(3)
3815	倩	53	0.2713	99.936	倩娘(45)/倩倩(4)/倩ふ(2)/予倩(1)/氷倩(1)
3816	咫	53	0.2713	99.936	八咫烏(21)/八咫(17)/咫(7)/咫尺(4)/頭八咫烏(4)
3817	寨	53	0.2713	99.936	寨(28)/九寨(14)/山寨(4)/大寨(2)/寨主(2)/寨内(1)/柬埔寨(1)/泊寨(1)
3818	寫	53	0.2713	99.936	寫眞(20)/寫し(10)/寫(6)/寫實(4)/寫本(4)/寫生(3)/寫館(2)/寫さ(1)/寫す(1)/寫薬(1)/晚寫(1)
3819	廂	53	0.2713	99.936	廂(40)/西廂(3)/南廂(2)/北廂(1)/孫廂(1)/屋根廂(1)/廂夫(1)/廂寄り(1)/廂房(1)/廂間(1)/深廂(1)
3820	摸	53	0.2713	99.936	掏摸(12)/摸索(9)/摸(7)/摸し(6)/摸倣(4)/摸擬(3)/摸型(2)/臨摸(2)/加摸西葛杜加(1)/摸写(1)/摸刻(1)/摸式(1)/摸様(1)/摸皆(1)/摸造(1)/昌摸(1)
3821	梧	53	0.2713	99.936	梧(16)/梧桐(11)/碧梧桐(7)/梧楼(6)/高梧(4)/梧陵(3)/梧十(2)/梧逸(1)/梧郎(1)/蔭梧(1)/魁梧(1)
3822	氈	53	0.2713	99.936	毛氈(48)/氈(3)/絨氈(2)
3823	漣	53	0.2713	99.936	漣(42)/清漣(4)/漣痕(4)/漣波(2)/楊漣(1)
3824	稙	53	0.2713	99.936	義稙(23)/稙宗(10)/稙綱(8)/稙家(6)/稙通(2)/稙元(1)/稙昌(1)/稙治(1)/稙田(1)
3825	稱	53	0.2713	99.937	稱(26)/稱し(8)/稱する(5)/自稱(3)/名稱(2)/稱す(2)/稱せ(2)/稱へ(2)/尊稱(1)/稱さ(1)/稱へる(1)
3826	竇	53	0.2713	99.937	雪竇(33)/竇(8)/瑪竇(4)/竇固(4)/弊竇(3)/竇賢(1)
3827	籃	53	0.2713	99.937	揺籃(35)/魚籃(6)/籃(4)/搖籃(3)/籃球(2)/籃胎(2)/揺り籃(1)
3828	繻	53	0.2713	99.937	繻子(50)/繻絆(1)/繻葛(1)/繻袢(1)
3829	聰	53	0.2713	99.937	聰(32)/聰亙(6)/聰一(4)/聰明(4)/耳聰(2)/厚聰(1)/智聰(1)/聰一郎(1)/聰子(1)/聰宏(1)
3830	虱	53	0.2713	99.937	虱(38)/虱潰し(8)/草虱(3)/虱つぶし(3)/鎧虱(1)
3831	讓	53	0.2713	99.937	讓(50)/讓つ(1)/讓る(1)/讓治(1)
3832	鴎	53	0.2713	99.937	鴎外(25)/紹鴎(9)/鴎(9)/白鴎(7)/狎鴎(3)
3833	彎	52	0.2662	99.937	彎曲(29)/彎刀(6)/大彎(5)/小彎(5)/彎(3)/彎い(1)/彎け(1)/彎月(1)/彎症(1)
3834	悄	52	0.2662	99.937	悄然(44)/悄気(3)/悄(1)/悄れ(1)/悄気よう(1)/悄気る(1)/悄気返る(1)
3835	稻	52	0.2662	99.937	稻村(26)/稻葉(20)/稻玉(3)/稻(2)/早稻田(1)
3836	竝	52	0.2662	99.937	竝(35)/竝べ(5)/竝ん(5)/竝び(2)/竝べる(2)/旅順・大連租借期限竝南満州及安奉両鉄道各期限ヲ(1)/竝ぶ(1)/竝べ立て(1)
3837	筠	52	0.2662	99.938	筠軒(46)/庭筠(4)/松筠堂(1)/素筠(1)
3838	箍	52	0.2662	99.938	箍(31)/緊箍(18)/口箍(1)/尻箍(1)/金箍(1)
3839	簒	52	0.2662	99.938	簒奪(49)/簒(1)/簒い(1)/簒逆(1)
3840	臚	52	0.2662	99.938	鴻臚(51)/後期遥、霑纓於鴻臚之暁涙(1)
3841	莎	52	0.2662	99.938	莎莎(46)/莉莎子(3)/莎車(2)/小莎(1)
3842	蜴	52	0.2662	99.938	蜥蜴(38)/蜥蜴男(7)/火蜥蜴(5)/黒蜥蜴(2)
3843	陜	52	0.2662	99.938	陜西(31)/陜川(21)
3844	鸕	52	0.2662	99.938	鸕野(48)/鸕鷀(3)/鸕鷀守(1)
3845	亞	51	0.2611	99.938	亞(30)/亞以子(6)/露西亞(6)/東亞(5)/亞鈴(1)/亞駆(1)/獨亞(1)/罵亞(1)
3846	劃	51	0.2611	99.938	区劃(15)/一劃(11)/劃する(4)/劃期(4)/劃し(3)/劃然(3)/劃さ(2)/劃(1)/劃ら(1)/劃ルト(1)/劃一(1)/劃定(1)/劃辨(1)/區劃(1)/参劃(1)/計劃(1)
3847	孚	51	0.2611	99.938	孚恩(34)/中孚(5)/孚(5)/孚弟(3)/孚九(2)/佩孚(1)/道孚(1)
3848	寶	51	0.2611	99.939	寶(25)/子寶(7)/善寶(4)/寶月(3)/酔寶(3)/天寶(2)/寶殿(2)/寶山(1)/寶秀(1)/寶貝(1)/瑞寶(1)/阿寶(1)
3849	忿	51	0.2611	99.939	忿怒(23)/忿懣(16)/忿り(5)/忿(3)/忿恕(2)/宿忿(1)/忿恨(1)
3850	燁	51	0.2611	99.939	燁子(47)/長燁(2)/燁少(1)/鏵燁(1)
3851	磊	51	0.2611	99.939	磊落(44)/磊(4)/王磊(1)/磊塊(1)/磊石(1)
3852	稠	51	0.2611	99.939	粘稠(23)/稠密(17)/稠(9)/稠子(1)/稠果(1)
3853	筅	51	0.2611	99.939	茶筅(50)/筅(1)
3854	苓	51	0.2611	99.939	茯苓(23)/苓北(9)/西苓(7)/苓明(5)/苓州(3)/苓陽(2)/苓散(1)/苓湯(1)
3855	郞	51	0.2611	99.939	杢太郞(16)/林太郞(9)/武郞(8)/郞氏(5)/光太郞(3)/郞(2)/侍郞(1)/兒太郞(1)/時次郞(1)/男郞花(1)/郞宛(1)/郞樣(1)/郞賣(1)/敏郞(1)
3856	魍	51	0.2611	99.939	魍魎(45)/魍(3)/魍鬼(3)
3857	鯱	51	0.2611	99.939	鯱(33)/金鯱(14)/鯱耳(2)/鯱鉾立ち(1)/黒鯱(1)
3858	俥	50	0.2560	99.939	俥(26)/駐俥(11)/俥夫(5)/俥引き(5)/俥宿(1)/抱え俥(1)/赤俥(1)
3859	帚	50	0.2560	99.939	帚木(43)/帚(6)/竹帚木(1)
3860	炯	50	0.2560	99.940	炯々(16)/炯眼(14)/炯旭(5)/炯明(4)/幼炯(3)/炯っ(3)/楊炯(2)/炯周(2)/炯(1)
3861	猴	50	0.2560	99.940	猴(11)/猿猴(10)/猴王(9)/大猴(6)/美猴(5)/秋猴(4)/嚇猴(3)/猴子(2)
3862	禹	50	0.2560	99.940	禹(34)/禹王(8)/大禹(2)/禹錫(2)/禹州(1)/禹雄(1)/禹鼎(1)/［王禹］涵(1)
3863	綏	50	0.2560	99.940	綏遠(12)/綏芬河(10)/言綏(10)/綏靖(7)/志綏(4)/綏(3)/支綏(1)/濱綏(1)/綏中(1)/綏服(1)
3864	繃	50	0.2560	99.940	繃帯(49)/繃き(1)
3865	翫	50	0.2560	99.940	芝翫(27)/賞翫(9)/翫雀(6)/翫(3)/翫賞(2)/愛翫(1)/翫之(1)/翫味(1)
3866	膾	50	0.2560	99.940	膾炙(34)/膾(15)/鯉膾(1)
3867	躬	50	0.2560	99.940	躬(9)/義躬(8)/鞠躬(8)/躬恒(6)/躬治(4)/躬行(4)/直躬(3)/躬仁(2)/克躬(1)/忠躬(1)/躬弦(1)/躬耕力作(1)/躬臣(1)/躬都良麿(1)
3868	﨟	50	0.2560	99.940	﨟(22)/上﨟(17)/﨟たけ(4)/下﨟(2)/﨟長け(2)/﨟次(1)/﨟法(1)/﨟頭(1)
3869	卍	49	0.2509	99.940	卍(49)
3870	堝	49	0.2509	99.940	坩堝(48)/坩堝鋏(1)
3871	廬	49	0.2509	99.940	廬(16)/廬山(11)/桐廬(7)/朗廬(3)/山廬(2)/斯廬(2)/穹廬(2)/出廬(1)/天地吾廬(1)/廬江(1)/毘廬(1)/草廬(1)/闔廬(1)
3872	掾	49	0.2509	99.941	大掾(27)/掾(21)/小掾(1)
3873	擂	49	0.2509	99.941	擂り鉢(17)/擂鉢(6)/擂っ(4)/擂り(4)/擂り潰し(4)/擂る(3)/擂粉(3)/擂潰(2)/擂(1)/擂ら(1)/擂りつぶし(1)/擂り潰す(1)/擂り身(1)/擂座(1)
3874	燼	49	0.2509	99.941	灰燼(35)/余燼(12)/燼(2)
3875	肆	49	0.2509	99.941	書肆(30)/肆(6)/広肆(5)/大肆(4)/放肆(2)/而不肆(1)/肆海(1)
3876	跏	49	0.2509	99.941	半跏(25)/結跏(22)/跏趺(2)
3877	頤	49	0.2509	99.941	頤(34)/頤和(5)/頤使(4)/上頤(2)/括れ頤(1)/敦頤(1)/解頤(1)/頤指(1)
3878	亙	48	0.2457	99.941	亙っ(18)/亙る(10)/亙(8)/聰亙(6)/亙り(4)/亙つ(1)/亙ら(1)
3879	从	48	0.2457	99.941	从(35)/从木(2)/从〓个洞(1)/从う(1)/从上(1)/从上〓(1)/从之(1)/从入(1)/从勺(1)/从古(1)/从水(1)/从邑(1)/从邑幵聲(1)
3880	叟	48	0.2457	99.941	叟(29)/北叟笑ん(5)/仙叟(4)/朴叟(2)/耻叟(2)/閑叟(2)/〓叟(1)/北叟笑み(1)/原叟(1)/幽叟(1)
3881	呷	48	0.2457	99.941	呷っ(30)/呷る(10)/呷り(3)/呷(1)/呷つ(1)/呷ら(1)/呷切(1)/呷烏(1)
3882	徂	48	0.2457	99.941	徂徠(47)/徂来(1)
3883	徠	48	0.2457	99.941	徂徠(47)/徠(1)
3884	歷	48	0.2457	99.942	歷史(41)/歷(2)/來歷(1)/歷代(1)/歷年(1)/歷送(1)/閲歷(1)
3885	殼	48	0.2457	99.942	殼(32)/貝殼(5)/球殼(4)/脱け殼(3)/地殼(2)/割殼(1)/枳殼(1)
3886	甜	48	0.2457	99.942	甜菜(15)/甜麺醤(11)/甜麵醬(6)/甜瓜(4)/甜茶(3)/甜品(2)/甜面醬(2)/甜め(1)/甜心(1)/甜物(1)/甜蜜(1)/鄱陽甜隙(1)
3887	笞	48	0.2457	99.942	笞(38)/笞打ち(9)/竹笞(1)
3888	筥	48	0.2457	99.942	筥(27)/筥崎(18)/筥湯(2)/筥迫(1)
3889	籤	48	0.2457	99.942	籤(18)/神籤(7)/富籤(5)/抽籤(5)/当籤(3)/宝籤(2)/御籤(2)/当たり籤(1)/残り籤(1)/竹籤(1)/籤引き(1)/籤運(1)/釈籤(1)
3890	蔚	48	0.2457	99.942	蔚山(40)/蔚(3)/憂蔚(1)/文蔚(1)/蔚然(1)/蔚県(1)/蔚積(1)
3891	褚	48	0.2457	99.942	許褚(28)/褚(20)
3892	諡	48	0.2457	99.942	諡号(27)/諡(21)
3893	蹠	48	0.2457	99.942	対蹠(27)/蹠(19)/掌蹠(1)/足蹠(1)
3894	辭	48	0.2457	99.942	辭(15)/辭典(12)/修辭(7)/繫辭(3)/辭世(3)/辭し(2)/辭め(2)/卜辭(1)/辭めよう(1)/辭める(1)/辭退(1)
3895	鄰	48	0.2457	99.942	鄰(34)/有鄰(4)/東鄰(3)/照鄰(3)/西鄰(3)/比鄰(1)
3896	騫	48	0.2457	99.943	張騫(47)/子騫(1)
3897	騾	48	0.2457	99.943	騾馬(47)/騾(1)
3898	驀	48	0.2457	99.943	驀進(32)/驀地(8)/驀然(3)/驀(2)/驀直(2)/驀ら(1)
3899	乘	47	0.2406	99.943	乘つ(10)/乘る(8)/乘換(6)/大乘(4)/乘ら(3)/乘り(3)/乘客(3)/便乘(2)/乘(1)/乘らう(1)/乘り込ん(1)/乘れ(1)/乘廻し(1)/乘換へ(1)/乘換る(1)/千乘(1)
3900	埜	47	0.2406	99.943	乙身埜(14)/埜(9)/浅埜(7)/本埜(5)/平埜(3)/中埜(2)/小埜(2)/上埜(1)/埜口(1)/河埜(1)/紀埜(1)/高埜(1)
3901	奠	47	0.2406	99.943	奠(10)/奉奠(8)/香奠(8)/奠基(7)/奠陰(5)/奠都(3)/奠都(2)/祭奠(2)/釈奠(2)
3902	嬪	47	0.2406	99.943	別嬪(30)/嬪(10)/妃嬪(5)/嬪妃(1)/宮嬪(1)
3903	廼	47	0.2406	99.943	廼(29)/越廼(14)/曾我廼家(4)
3904	恆	47	0.2406	99.943	恆存(44)/恆(2)/恆孝(1)
3905	歸	47	0.2406	99.943	歸つ(16)/歸る(8)/歸(4)/歸り(4)/歸朝(3)/西歸浦(3)/囘歸(2)/歸し(1)/歸ら(1)/歸依(1)/歸國(1)/歸營(1)/歸着(1)/歸郷(1)
3906	滾	47	0.2406	99.943	滾る(13)/滾っ(10)/滾々(7)/滾ら(5)/滾り(4)/滾(2)/滾りたつ(1)/滾れ(1)/滾れ落ち(1)/煮え滾っ(1)/煮え滾る(1)/燃え滾る(1)
3907	痍	47	0.2406	99.943	創痍(24)/傷痍(22)/瘡痍(1)
3908	矧	47	0.2406	99.943	矢矧(17)/矧ぎ(15)/矧ぐ(7)/矧板(2)/割り矧ぎ(1)/横矧(1)/矧ぎ合せる(1)/矧手(1)/矧重ね(1)/縦矧(1)
3909	糜	47	0.2406	99.944	糜(27)/糜爛(5)/糜竺(5)/糜芳(5)/糜粥(3)/乳糜(2)
3910	艜	47	0.2406	99.944	艜船(38)/艜(8)/艜舟(1)
3911	觀	47	0.2406	99.944	觀(19)/主觀(6)/觀照(5)/觀念(4)/觀音(3)/客觀(2)/貞觀(2)/樂觀(1)/等觀(1)/觀じ(1)/觀勝(1)/觀堂(1)/諦觀(1)
3912	詢	47	0.2406	99.944	詢(26)/諮詢(14)/交詢(4)/学詢(1)/宗詢(1)/詢子(1)
3913	鋪	47	0.2406	99.944	鋪(27)/鋪道(7)/鋪装(5)/店鋪(3)/酒鋪(2)/義鋪(1)/鋪石(1)/鋪綱(1)
3914	鴫	47	0.2406	99.944	鴫(33)/鴫原(6)/鴫野(4)/鴫沢(3)/鴫田(1)
3915	侠	46	0.2355	99.944	任侠(14)/仁侠(8)/侠(6)/義侠(5)/侠客(4)/武侠(4)/残侠(3)/侠気(2)
3916	哈	46	0.2355	99.944	哈爾賓(11)/兀良哈(7)/哈密(6)/哈爾濱(4)/斉々哈爾(4)/哈爾浜(3)/察哈爾(3)/哈日(2)/娃哈哈(2)/哈(1)/哈同(1)/哈蜜(1)/哈連(1)
3917	愧	46	0.2355	99.944	愧(11)/慚愧(11)/愧じ(9)/慙愧(6)/愧死(3)/愧赧(3)/愧し(1)/愧づ(1)/懺愧(1)
3918	撻	46	0.2355	99.944	鞭撻(44)/蛋撻(2)
3919	樵	46	0.2355	99.944	樵(22)/木樵(9)/樵夫(7)/月樵(2)/鄭樵(2)/文樵(1)/樵り(1)/漁樵(1)/霞樵(1)
3920	湃	46	0.2355	99.944	彭湃(31)/澎湃(15)
3921	潭	46	0.2355	99.944	潭(16)/神居古潭(16)/潭亭(5)/清潭(3)/深潭(1)/淵潭(1)/潭い(1)/潭尾(1)/潭月(1)/潭秋(1)
3922	瓚	46	0.2355	99.945	瓚(41)/瓚次郎(5)
3923	纈	46	0.2355	99.945	纐纈(43)/臈纈(2)/蠟纈(1)
3924	續	46	0.2355	99.945	續(26)/末續(13)/繼續(5)/存續(1)/續飯(1)
3925	衾	46	0.2355	99.945	衾(22)/同衾(15)/槍衾(3)/覆衾(3)/男衾(1)/矢衾(1)/襲衾(1)
3926	鑼	46	0.2355	99.945	銅鑼(43)/鑼(1)/鑼灣(1)/鑼隊(1)
3927	顏	46	0.2355	99.945	顏(45)/朝顏(1)
3928	馥	46	0.2355	99.945	馥郁(37)/韓馥(6)/芬馥(1)/馥他(1)/馥需(1)
3929	鯵	46	0.2355	99.945	鯵(36)/鯵ヶ沢(7)/縞鯵(1)/鯵坂(1)/鯵釣り(1)
3930	鴛	46	0.2355	99.945	鴛鴦(37)/鴛(7)/鴛泊(2)
3931	都	46	0.2355	99.945	都(15)/都會(11)/京都(3)/宇都宮(3)/帝都(3)/奠都(2)/全都(1)/國都(1)/宇都野(1)/東都(1)/皇都(1)/騰瀰都(1)/都市(1)/都度(1)/都斯麻(1)
3932	叭	45	0.2304	99.945	喇叭(45)
3933	嬬	45	0.2304	99.945	嬬恋(24)/嬬生(9)/嬬(7)/女嬬(4)/己嬬(1)
3934	弗	45	0.2304	99.945	弗(15)/弗化(10)/舎利弗(9)/弗素(8)/けい弗(1)/匈奴鉄弗(1)/和歌彌多弗利(1)
3935	從	45	0.2304	99.946	從(21)/從つ(6)/從う(3)/從っ(3)/追從(3)/從ひ(2)/從ふ(2)/從事(2)/從は(1)/從へ(1)/聽從(1)
3936	悛	45	0.2304	99.946	改悛(32)/悔悛(12)/悛(1)
3937	悧	45	0.2304	99.946	怜悧(34)/悧巧(8)/悧口(3)
3938	懈	45	0.2304	99.946	懈怠(38)/懈(5)/懈し(1)/懈る(1)
3939	泛	45	0.2304	99.946	泛べ(9)/泛ん(7)/泛かべ(4)/泛かん(4)/思い泛かべ(3)/泛かぶ(3)/泛ぶ(3)/広泛(2)/思い泛べ(1)/泛(1)/泛い(1)/泛う(1)/泛く(1)/泛び(1)/泛びあがっ(1)/泛び上がる(1)/泛め(1)/泛愛(1)
3940	炮	45	0.2304	99.946	鉄炮(28)/炮烙(5)/大炮(3)/火炮(2)/炮術(2)/炮(1)/炮り干し(1)/炮卒(1)/炮格(1)/炮火(1)
3941	盪	45	0.2304	99.946	震盪(32)/振盪(12)/盪(1)
3942	睛	45	0.2304	99.946	点睛(17)/金睛(10)/眼睛(7)/睛(5)/睛明(4)/火眼金睛(2)
3943	睿	45	0.2304	99.946	睿(25)/睿宗(10)/睿珊(10)
3944	縊	45	0.2304	99.946	縊死(20)/縊っ(4)/縊ら(3)/縊り殺さ(3)/縊首(3)/縊り殺し(2)/縊る(2)/首縊り(2)/縊りださ(1)/縊り殺す(1)/縊れ(1)/見縊っ(1)/見縊ら(1)/見縊る(1)
3945	鎬	45	0.2304	99.946	鎬(18)/喆鎬(9)/張鎬(4)/昌鎬(3)/鎬京(3)/世鎬(1)/基鎬(1)/姫鎬(1)/成鎬(1)/敏鎬(1)/淳鎬(1)/秉鎬(1)/貝鎬(1)
3946	鼈	45	0.2304	99.946	鼈甲(40)/鼈(4)/跛鼈(1)
3947	區	44	0.2253	99.946	區(35)/區別(6)/區々(1)/區劃(1)/甸區(1)
3948	吽	44	0.2253	99.947	阿吽(24)/吽(13)/吽謙(6)/神吽(1)
3949	圖	44	0.2253	99.947	圖(32)/意圖(3)/圖解(2)/圖譜(2)/繪圖(2)/圖つ(1)/圖る(1)/雄圖(1)
3950	將	44	0.2253	99.947	將來(15)/將棋(7)/將(6)/將軍(5)/公將(3)/將兵(1)/將夫(1)/將子(1)/將帥(1)/將排(1)/將校(1)/將貨(1)/將貴(1)
3951	并	44	0.2253	99.947	并(36)/并び(5)/并州(3)
3952	弑	44	0.2253	99.947	弑逆(15)/弑し(11)/弑虐(7)/弑(2)/弑する(2)/弑奪(2)/弑殺(2)/弑しよう(1)/弑せ(1)/弑害(1)
3953	昶	44	0.2253	99.947	昶(26)/昶次郎(14)/王昶(4)
3954	熄	44	0.2253	99.947	終熄(17)/熄ん(11)/熄み(6)/熄む(5)/熄ま(3)/熄(1)/熄め(1)
3955	粮	44	0.2253	99.947	兵粮(21)/粮秣(8)/軍粮(4)/粮米(3)/路粮(2)/粮(1)/粮車(1)/粮飯(1)/腰粮(1)/衣粮(1)/銭粮(1)
3956	艀	44	0.2253	99.947	艀(42)/艀船(2)
3957	莽	44	0.2253	99.947	王莽(24)/草莽(17)/莽務(2)/莽(1)
3958	藺	44	0.2253	99.947	藺笠(15)/藺草(15)/藺(10)/沼藺(2)/太藺(1)/藺牟田(1)
3959	蛯	44	0.2253	99.947	蛯名(22)/蛯原(17)/蛯(4)/蛯沢(1)
3960	褸	44	0.2253	99.947	襤褸(40)/おん襤褸(1)/褸(1)/襤褸切れ(1)/襤褸着(1)
3961	襤	44	0.2253	99.948	襤褸(40)/おん襤褸(1)/襤褄(1)/襤褸切れ(1)/襤褸着(1)
3962	蹶	44	0.2253	99.948	蹶起(40)/蹶か(1)/蹶け(1)/蹶下(1)/蹶然(1)
3963	邉	44	0.2253	99.948	渡邉(29)/田邉(7)/邉(3)/山邉(2)/河邉(2)/濱邉(1)
3964	齎	44	0.2253	99.948	齎す(14)/齎し(13)/齎さ(8)/齎らす(4)/齎らし(3)/齎(1)/齎らさ(1)
3965	俑	43	0.2202	99.948	俑(42)/陶俑(1)
3966	厓	43	0.2202	99.948	仙厓(35)/青厓(7)/厓展(1)
3967	惇	43	0.2202	99.948	惇(21)/惇夫(7)/惇一(4)/惇子(2)/惇郎(2)/惇之(1)/惇史(1)/惇忠(1)/惇駭不測(1)/憔惇(1)/章惇(1)/高惇(1)
3968	攬	43	0.2202	99.948	総攬(28)/収攬(10)/攬(3)/攬る(1)/攬雀(1)
3969	潼	43	0.2202	99.948	潼関(40)/臨潼(2)/潼關(1)
3970	疳	43	0.2202	99.948	疳(12)/下疳(8)/疳の虫(7)/疳武(6)/疳高く(5)/疳高い(3)/つんぼ疳(2)
3971	瞽	43	0.2202	99.948	瞽女(42)/瞽相(1)
3972	纐	43	0.2202	99.948	纐纈(43)
3973	羯	43	0.2202	99.948	羯南(22)/羯鼓(8)/羯磨(5)/羯(4)/矜羯羅(2)/毘羯羅(1)/磨羯(1)
3974	舊	43	0.2202	99.948	舊(39)/舊跡(3)/舊い(1)
3975	苻	43	0.2202	99.949	苻堅(42)/苻生(1)
3976	裰	43	0.2202	99.949	直裰(33)/裰着(6)/裰姿(4)
3977	譴	43	0.2202	99.949	譴責(33)/譴(4)/幕譴(3)/天譴(2)/訶譴(1)
3978	谿	43	0.2202	99.949	谿(32)/解谿(4)/太谿(3)/花谿(1)/谿太(1)/谿谷(1)/青谿(1)
3979	邯	43	0.2202	99.949	邯鄲(41)/邯(1)/邯将(1)
3980	鴇	43	0.2202	99.949	鴇田(36)/鴇冬(2)/鴇島(2)/鴇色(2)/鴇羽(1)
3981	麼	43	0.2202	99.949	什麼(19)/作麼生(6)/恁麼(5)/麼来(4)/甚麼(3)/麼(3)/其麼(1)/蘇麼(1)/麼難(1)
3982	侃	42	0.2150	99.949	侃(10)/侃々(10)/陶侃(10)/侃侃(8)/侃也(1)/幸侃(1)/郭侃(1)/陳侃(1)
3983	囘	42	0.2150	99.949	囘(39)/囘歸(2)/轉囘(1)
3984	坏	42	0.2150	99.949	坏(21)/高坏(20)/泔坏(1)
3985	拇	42	0.2150	99.949	拇指(23)/拇印(15)/大拇(2)/拇(2)
3986	拈	42	0.2150	99.949	拈華(26)/拈じ(4)/拈(2)/拈挙(2)/拈来(2)/拈っ(1)/拈り示し(1)/拈出(1)/拈却(1)/拈弄(1)/拈鬮(1)
3987	晁	42	0.2150	99.949	晁蓋(19)/晁(9)/文晁(8)/敕晁(4)/晁中(2)
3988	棠	42	0.2150	99.949	海棠(28)/棠三(4)/宗棠(3)/毓棠(2)/永棠(2)/棠院(1)/樹棠(1)/錦棠(1)
3989	笈	42	0.2150	99.950	笈(23)/笈太郎(10)/笈川(5)/阿笈摩(2)/笈摺(1)/笈摺り(1)
3990	筬	42	0.2150	99.950	筬(31)/筬目(6)/筬通し(5)
3991	臑	42	0.2150	99.950	臑(25)/臑当(14)/臑当て(1)/臑押し(1)/臑痛(1)
3992	艫	42	0.2150	99.950	艫(36)/艫櫂(3)/真艫(1)/艫とり(1)/艫綱(1)
3993	苧	42	0.2150	99.950	苧(11)/苧環(6)/苧麻(5)/苧坂(4)/苧殻(3)/青苧(3)/麻苧(3)/苧がら(2)/苧阪(2)/山苧環(1)/苧扱川(1)/苧綿(1)
3994	蠍	42	0.2150	99.950	蠍座(23)/蠍(17)/蛇蠍(2)
3995	餠	42	0.2150	99.950	餠(29)/餠花(6)/干し餠(2)/鏡餠(2)/餠草(2)/蓬餠(1)
3996	福	42	0.2150	99.950	福田(34)/幸福(3)/福(3)/福寺(1)/福永(1)
3997	冽	41	0.2099	99.950	清冽(36)/凛冽(4)/冽(1)
3998	彅	41	0.2099	99.950	草彅(40)/彅(1)
3999	彣	41	0.2099	99.950	守彣(41)
4000	怙	41	0.2099	99.950	依怙(23)/依怙地(17)/怙釐(1)
4001	捐	41	0.2099	99.950	出捐(23)/義捐(12)/捐(2)/捐官(1)/捐納(1)/捐館(1)/棄捐(1)
4002	樗	41	0.2099	99.950	樗牛(18)/樗陰(11)/樗(9)/樗蔭(2)/樗蒲(1)
4003	瑾	41	0.2099	99.951	瑾(13)/瑕瑾(10)/秋瑾(8)/公瑾(3)/瑾妃(3)/紹瑾(2)/瑾貴(1)/瑾鵾(1)
4004	緘	41	0.2099	99.951	封緘(20)/緘黙(9)/緘し(5)/緘口(4)/緘(3)
4005	縒	41	0.2099	99.951	縒り(11)/紙縒(10)/縒っ(4)/縒り合わさ(3)/紙縒り(2)/縒(2)/縒り合わせ(2)/糸縒(1)/縒りあわせ(1)/縒りあわせる(1)/縒り集まり(1)/縒り集め(1)/縒れ(1)/縒糸(1)
4006	缺	41	0.2099	99.951	欠缺(17)/缺け(4)/缺(3)/無缺(2)/缺い(2)/缺如(2)/缺缺(2)/缺く(1)/缺ける(1)/缺ク(1)/缺乏(1)/缺壊(1)/缺点(1)/缺禮(1)/缺航(1)/鼻缺け(1)
4007	罌	41	0.2099	99.951	罌粟(36)/罌栗(2)/雛罌粟(2)/罌(1)
4008	菫	41	0.2099	99.951	菫(22)/菫色(15)/泣菫(2)/冬菫(1)/菫いろ(1)
4009	萼	41	0.2099	99.951	萼(31)/萼片(9)/萼筒(1)
4010	誡	41	0.2099	99.951	誡(23)/誡め(10)/遺誡(4)/訓誡(3)/教誡(1)
4011	鄲	41	0.2099	99.951	邯鄲(41)
4012	飫	41	0.2099	99.951	飫肥(38)/飫(2)/飫例(1)
4013	騏	41	0.2099	99.951	騏鬼(24)/騏一郎(16)/騏(1)
4014	魑	41	0.2099	99.951	魑魅(39)/魑(1)/魑魎(1)
4015	鹹	41	0.2099	99.951	鹹水(17)/鹹(12)/鹹湖(4)/辛鹹(2)/鹹蛋(2)/採鹹(1)/鹹い(1)/鹹味(1)/鹹泥(1)
4016	兌	40	0.2048	99.951	兌換(27)/兌(7)/高兌(4)/発兌(2)
4017	勺	40	0.2048	99.951	勺(39)/从勺(1)
4018	嗇	40	0.2048	99.952	吝嗇(37)/悋嗇(2)/嗇(1)
4019	壯	40	0.2048	99.952	壯(32)/壯吉(2)/壯大(2)/壯麗(2)/壯年(1)/壯擧(1)
4020	嶮	40	0.2048	99.952	嶮しい(11)/嶮(8)/嶮岨(6)/峻嶮(3)/嶮悪(3)/天嶮(2)/嶮しき(2)/嶮しく(2)/嶮うし(1)/嶮し(1)/嶮しかろう(1)
4021	徙	40	0.2048	99.952	移徙(38)/徙(2)
4022	梛	40	0.2048	99.952	梛子(28)/梛(12)
4023	楮	40	0.2048	99.952	楮(37)/楮紙(3)
4024	槐	40	0.2048	99.952	槐(25)/槐多(5)/槐安(4)/槐南(3)/槐柯(2)/金槐(1)
4025	櫟	40	0.2048	99.952	櫟(22)/櫟本(17)/櫟木(1)
4026	沽	40	0.2048	99.952	沽券(30)/塘沽(3)/大沽(2)/沽却(2)/屠沽(1)/沽(1)/沽販(1)
4027	磧	40	0.2048	99.952	磧(31)/大磧(4)/其磧(2)/歯磧(1)/砂磧(1)/莫賀延磧(1)
4028	芍	40	0.2048	99.952	芍薬(38)/芍(1)/芍藥(1)
4029	讖	40	0.2048	99.952	讖緯(31)/讖(6)/天発神讖碑(2)/嬉讖(1)
4030	鈷	40	0.2048	99.952	独鈷(25)/三鈷(8)/五鈷(4)/鈷鈴(2)/鈷鐃(1)
4031	髣	40	0.2048	99.952	髣髴(40)
4032	髴	40	0.2048	99.952	髣髴(40)
4033	鰤	40	0.2048	99.953	鰤(28)/寒鰤(5)/巻鰤(3)/塩鰤(2)/平鰤(2)
4034	齣	40	0.2048	99.953	齣(40)
4035	怕	39	0.1997	99.953	怕い(16)/怕(9)/怕れ(4)/怕かっ(3)/怕く(3)/怕れる(3)/怕う(1)
4036	橈	39	0.1997	99.953	橈骨(30)/橈(4)/橈側(3)/橈尺(2)
4037	瑪	39	0.1997	99.953	瑪瑙(24)/瑪竇(4)/瑪曲(3)/阿瑪(2)/瑪康(1)/瑪志尼(1)/瑪斯(1)/瑪瑠奇(1)/瑪雑(1)/阿詩瑪(1)
4038	盈	39	0.1997	99.953	盈(22)/盈ち(6)/劉盈(2)/盈滿(2)/盈男(2)/忠盈(1)/欒盈(1)/正盈(1)/盈一郎(1)/盈徳(1)
4039	祿	39	0.1997	99.953	貫祿(14)/祿(13)/元祿(12)
4040	箴	39	0.1997	99.953	箴言(30)/箴(9)
4041	簇	39	0.1997	99.953	簇(16)/元簇(10)/簇生(10)/一簇(1)/簇がり立ち(1)/簇がり立っ(1)
4042	翹	39	0.1997	99.953	連翹(16)/緑翹(10)/舒翹(6)/翹望(3)/翹岐(2)/翹楚(2)
4043	舛	39	0.1997	99.953	舛添(30)/舛(4)/舛形(2)/舛田(2)/狽舛(1)
4044	藷	39	0.1997	99.953	甘藷(22)/藷(17)
4045	轆	39	0.1997	99.953	轆轤(38)/轢轆(1)
4046	轤	39	0.1997	99.953	轆轤(38)/轤ゥ(1)
4047	辜	39	0.1997	99.953	無辜(35)/辜振(4)
4048	酥	39	0.1997	99.954	軟酥(28)/酥(7)/熟酥(1)/生酥(1)/蛋黄酥(1)/酥膏(1)
4049	鐶	39	0.1997	99.954	鐶(23)/鐶付(15)/止め鐶(1)
4050	陞	39	0.1997	99.954	陞爵(18)/陞官(9)/陞(6)/陞叙(4)/冬陞(2)
4051	霍	39	0.1997	99.954	霍(17)/霍見(10)/霍乱(4)/霍山(4)/霍達(2)/霍之丞(1)/霍公鳥(1)
4052	鴦	39	0.1997	99.954	鴛鴦(37)/鴦(2)
4053	麋	39	0.1997	99.954	麋(20)/麋竺(16)/麋芳(3)
4054	鼬	39	0.1997	99.954	鼬(29)/鎌鼬(6)/古鼬(2)/鼬ごっこ(2)
4055	社	39	0.1997	99.954	社(17)/社會(10)/會社(3)/社長(2)/祖國社(2)/退社(1)/社友(1)/社所(1)/社末(1)/社若(1)
4056	傪	38	0.1946	99.954	袁傪(38)
4057	刳	38	0.1946	99.954	刳り(14)/刳り貫い(4)/刳形(3)/内刳り(2)/刳っ(2)/刳り抜い(2)/刳抜(2)/刳物(2)/刳舟(2)/刳船(2)/刳り抜か(1)/刳り貫く(1)/刳型(1)
4058	匣	38	0.1946	99.954	匣(25)/玉匣(8)/霊匣(3)/櫛匣(2)
4059	幔	38	0.1946	99.954	幔幕(34)/幔(3)/帷幔(1)
4060	懊	38	0.1946	99.954	懊悩(37)/懊惱(1)
4061	柢	38	0.1946	99.954	根柢(38)
4062	檗	38	0.1946	99.954	黄檗(38)
4063	洙	38	0.1946	99.955	光洙(10)/鎮洙(6)/賢洙(5)/洙槿(4)/性洙(3)/洙(3)/龍洙(2)/哲洙(1)/学洙(1)/寅洙(1)/洙氏(1)/範洙(1)
4064	琅	38	0.1946	99.955	琅邪(17)/琅(13)/琅邪台(5)/琳琅(2)/琅玕(1)
4065	糎	38	0.1946	99.955	糎(38)
4066	耘	38	0.1946	99.955	耕耘(38)
4067	蠧	38	0.1946	99.955	蠧簡(36)/蠧(1)/蠧害トナルニ(1)
4068	趺	38	0.1946	99.955	趺坐(34)/趺承(2)/跏趺(2)
4069	跫	38	0.1946	99.955	跫音(38)
4070	雙	38	0.1946	99.955	雙葉(11)/雙六(7)/雙十(3)/雙方(3)/雙(2)/雙林(2)/雙燕(2)/田雙(1)/雙び(1)/雙倉(1)/雙光(1)/雙柳(1)/雙生(1)/雙紙(1)/雙連(1)
4071	韜	38	0.1946	99.955	韜晦(21)/六韜(8)/韜袍(3)/虎韜(1)/韜(1)/韜光(1)/韜園(1)/韜奮(1)/韜略(1)
4072	驟	38	0.1946	99.955	驟雨(36)/驟然(2)
4073	黛	38	0.1946	99.955	黛(16)/翆黛(14)/粉黛(5)/青黛(3)
4074	儁	37	0.1894	99.955	朱儁(30)/儁才(3)/儁(2)/溥儁(1)/蔡儁(1)
4075	卉	37	0.1894	99.955	花卉(36)/卉(1)
4076	寞	37	0.1894	99.955	寂寞(34)/寞寞(2)/寞(1)
4077	櫨	37	0.1894	99.955	櫨(17)/香櫨(6)/黄櫨染(4)/榑櫨(2)/櫨山(2)/櫨橘(2)/黄櫨(2)/櫨方(1)/甘櫨(1)
4078	汶	37	0.1894	99.955	樹汶(23)/大汶口(12)/汶上(1)/蘇汶(1)
4079	濟	37	0.1894	99.956	濟(16)/濟州(4)/濟み(3)/濟ん(3)/臨濟(3)/濟ま(2)/濟む(2)/拔濟(1)/普濟(1)/濟遺(1)/百濟(1)
4080	燒	37	0.1894	99.956	燒(6)/燒芋(4)/燒か(3)/燒香(3)/玉子燒(3)/燒い(2)/燒き(2)/燒き亡ぼす(2)/燒く(2)/燒亡(2)/燒酎(2)/燒け(1)/燒ける(1)/燒結(1)/燒賣(1)/燒跡(1)/燒點(1)
4081	畸	37	0.1894	99.956	畸型(11)/畸形(11)/畸行(8)/畸人(6)/畸才(1)
4082	盼	37	0.1894	99.956	盼雲(37)
4083	繙	37	0.1894	99.956	繙い(16)/繙く(10)/繙き(4)/繙か(3)/繙け(2)/繙読(1)/繙譯(1)
4084	膺	37	0.1894	99.956	膺懲(16)/服膺(9)/膺(6)/膺受(4)/李膺(1)/膺り(1)
4085	茣	37	0.1894	99.956	茣蓙(37)
4086	蓙	37	0.1894	99.956	茣蓙(37)
4087	蛟	37	0.1894	99.956	蛟(16)/蛟龍(15)/蛟竜(3)/虎蛟(2)/騰蛟(1)
4088	螂	37	0.1894	99.956	蟷螂(36)/螳螂(1)
4089	蟷	37	0.1894	99.956	蟷螂(36)/ゥ蟷(1)
4090	衞	37	0.1894	99.956	衞(18)/歌右衞門(5)/衞門(3)/近衞(3)/兵衞(2)/善衞(2)/九兵衞(1)/吉右衞門(1)/孫兵衞(1)/鎭衞(1)
4091	褶	37	0.1894	99.956	褶曲(31)/褶(6)
4092	譯	37	0.1894	99.956	譯(22)/譯書(3)/飜譯(3)/譯出(2)/譯員(2)/譯朱(2)/繙譯(1)/誤譯(1)/譯詩(1)
4093	靼	37	0.1894	99.956	韃靼(36)/靼(1)
4094	鞜	37	0.1894	99.956	青鞜(36)/鞜(1)
4095	韶	37	0.1894	99.957	仰韶(15)/文韶(4)/虞韶(4)/韶(4)/韶九(2)/韶子(2)/韶陽(2)/景韶(1)/茂韶(1)/韶二(1)/韶様(1)
4096	魋	37	0.1894	99.957	桓魋(37)
4097	褐	37	0.1894	99.957	褐色(27)/褐変(7)/褐(3)
4098	匍	36	0.1843	99.957	匍匐(23)/匍い(3)/匍っ(2)/匍いこみ(1)/匍いずり廻っ(1)/匍い上がり(1)/匍い廻っ(1)/匍い廻る(1)/匍ふ(1)/匍出(1)/匍有(1)
4099	喙	36	0.1843	99.957	容喙(29)/喙(4)/喙己呑(2)/喙国(1)
4100	壒	36	0.1843	99.957	壒嚢(28)/壒囊(8)
4101	寐	36	0.1843	99.957	寐(24)/夢寐(4)/寐る(3)/寤寐(2)/寐覚(1)/寐転ぶ(1)/寐転ん(1)
4102	岱	36	0.1843	99.957	岱(14)/馬岱(12)/蕨岱(2)/鶴ヶ岱(2)/尾岱(1)/岱廟(1)/岱栄(1)/岱蔵(1)/玄岱(1)/雪岱(1)
4103	恬	36	0.1843	99.957	恬淡(21)/恬(7)/蒙恬(4)/恬然(2)/恬子(1)/恬澹(1)
4104	擱	36	0.1843	99.957	擱く(9)/擱筆(8)/擱い(4)/擱き(4)/擱座(4)/擱坐(3)/擱(2)/擱か(2)
4105	毟	36	0.1843	99.957	搔き毟る(6)/掻き毟っ(4)/毟っ(4)/毟り取ら(4)/毟り取る(3)/引き毟る(2)/掻き毟ら(2)/毟り(2)/毟り取っ(2)/掻き毟る(1)/搔き毟っ(1)/搔き毟ら(1)/搔き毟り(1)/毟ら(1)/毟り取り(1)/毟る(1)
4106	浬	36	0.1843	99.957	浬(36)
4107	澎	36	0.1843	99.957	澎湖(17)/澎湃(15)/澎龍(3)/澎佳(1)
4108	筰	36	0.1843	99.957	耕筰(35)/章筰(1)
4109	粼	36	0.1843	99.957	川粼(25)/粼武(8)/粼友(2)/粼努(1)
4110	腓	36	0.1843	99.957	腓骨(11)/腓(8)/腓腹(7)/距腓(4)/踵腓(3)/腓胝(2)/腓返り(1)
4111	臈	36	0.1843	99.958	上臈(17)/中臈(11)/臈たけ(3)/臈纈(2)/市臈(1)/臈(1)/臈次(1)
4112	諚	36	0.1843	99.958	勅諚(20)/諚(10)/優諚(5)/諚め(1)
4113	赭	36	0.1843	99.958	代赭(9)/赭(9)/赭顔(4)/赭い(3)/赭く(3)/赭らめ(2)/赭熊(2)/赭ら顔(1)/赭山(1)/赭色(1)/赭黄(1)
4114	逹	36	0.1843	99.958	逹(16)/逹磨(16)/逹する(3)/宗逹(1)
4115	鑓	36	0.1843	99.958	鑓(18)/鑓ガ岳(4)/鑓溝(4)/鑓ヶ岳(3)/鑓水(2)/鑓田(2)/鑓屋町(1)/鑓川(1)/鑓梅(1)
4116	鰊	36	0.1843	99.958	鰊(35)/鰊蕎麦(1)
4117	祖	36	0.1843	99.958	祖國(13)/祖父(6)/黃祖(5)/祖(4)/祖先(4)/祖國社(2)/德祖(1)/祖神(1)
4118	剱	35	0.1792	99.958	剱(7)/剱地(6)/剱岳(6)/剱崎(6)/剱沢(3)/剱璽(3)/剱正(2)/剱菱(1)/宝剱(1)
4119	喊	35	0.1792	99.958	喊声(24)/吶喊(7)/咄喊(1)/喊亨(1)/喊台獨(1)/突喊(1)
4120	旁	35	0.1792	99.958	旁(22)/旁々(4)/偏旁(3)/祥旁(2)/道旁(2)/旁国(1)/旁証(1)
4121	濘	35	0.1792	99.958	泥濘(32)/丙濘(2)/泥濘み(1)
4122	犂	35	0.1792	99.958	犂(27)/犂耕(4)/伊犂(3)/犂嘴(1)
4123	犇	35	0.1792	99.958	犇き(5)/犇く(5)/犇めき(5)/犇い(4)/犇めく(4)/犇(3)/犇々(2)/犇と(2)/犇めい(2)/犇めき合い(1)/犇めき合っ(1)/犇めき立つ(1)
4124	畫	35	0.1792	99.958	畫(12)/計畫(12)/壁畫(2)/企畫(1)/俳畫(1)/插畫(1)/春畫(1)/漫畫(1)/畫報(1)/畫家(1)/畫龍(1)/自畫(1)
4125	畷	35	0.1792	99.958	八丁畷(12)/四条畷(9)/畷(9)/四條畷(5)
4126	癲	35	0.1792	99.958	癲癇(25)/癲狂(5)/癲(2)/瘋癲(1)/癲王(1)/癲疾(1)
4127	萃	35	0.1792	99.958	萃(20)/抜萃(9)/萃香(4)/萃一郎(2)
4128	薊	35	0.1792	99.959	薊(27)/鬼薊(5)/山薊(2)/薊かげ(1)
4129	覺	35	0.1792	99.959	覺(22)/感覺(6)/自覺(2)/圓覺(1)/覺え(1)/覺ふ(1)/覺悟(1)/覺醒(1)
4130	輜	35	0.1792	99.959	輜重(35)
4131	輳	35	0.1792	99.959	輻輳(35)
4132	霙	35	0.1792	99.959	霙(27)/霙まじり(5)/霙月(2)/霙るゝ(1)
4133	鵙	35	0.1792	99.959	鵙(35)
4134	嚮	34	0.1741	99.959	嚮導(16)/意嚮(8)/嚮(3)/帰嚮(3)/嚮ふ(2)/嚮景(1)/所嚮(1)
4135	孅	34	0.1741	99.959	孅媛(34)
4136	幢	34	0.1741	99.959	宝幢(6)/幢印(6)/幢相(5)/法幢(5)/幢(4)/黄幢(4)/石幢(2)/地慧幢(1)/幢身(1)
4137	愾	34	0.1741	99.959	敵愾(33)/愾然(1)
4138	慷	34	0.1741	99.959	慷慨(32)/慷(1)/慷概(1)
4139	拔	34	0.1741	99.959	拔(5)/拔け(5)/拔取(5)/拔き(4)/拔書(4)/己拔(2)/膽奇拔(2)/拔い(1)/拔取っ(1)/拔取り(1)/拔抄(1)/拔濟(1)/拔群(1)/李拔(1)
4140	收	34	0.1741	99.959	收(16)/收め(10)/收める(5)/所收(1)/收容(1)/收穫(1)
4141	斷	34	0.1741	99.959	斷つ(6)/斷(4)/判斷(3)/獨斷(3)/切斷(2)/斷た(2)/斷る(2)/專斷(1)/截斷(1)/擅斷(1)/斷ち切つ(1)/斷て(1)/斷乎(1)/斷線(1)/斷行(1)/斷言(1)/果斷(1)/武斷(1)/處斷(1)
4142	晨	34	0.1741	99.959	晨(24)/晨朝(6)/晨雲(2)/晨哉(1)/清晨(1)
4143	栴	34	0.1741	99.959	栴檀(34)
4144	棕	34	0.1741	99.959	棕櫚(25)/棕梠(8)/棕隠(1)
4145	淞	34	0.1741	99.960	呉淞(21)/淞南(10)/淞北(2)/淞地(1)
4146	瀚	34	0.1741	99.960	浩瀚(30)/李瀚(1)/瀚海(1)/瀚章(1)/鳳瀚(1)
4147	猊	34	0.1741	99.960	猊下(32)/賽唐猊(2)
4148	盡	34	0.1741	99.960	盡(18)/盡き(5)/不盡(2)/盡し(2)/盡す(2)/盡力(2)/盡く(1)/盡忠(1)/苦盡甘来(1)
4149	睥	34	0.1741	99.960	睥睨(33)/睥(1)
4150	繚	34	0.1741	99.960	繚乱(34)
4151	艮	34	0.1741	99.960	艮(21)/艮一(8)/艮斎(5)
4152	蓚	34	0.1741	99.960	蓚酸(34)
4153	袿	34	0.1741	99.960	袿(33)/袿衣(1)
4154	邀	34	0.1741	99.960	邀撃(26)/邀(5)/邀月(2)/邀え(1)
4155	鋺	34	0.1741	99.960	銅鋺(26)/鋺(4)/鋺部(2)/味鋺(1)/金鋺(1)
4156	諸	34	0.1741	99.960	諸(25)/諸書(6)/三諸(2)/諸君(1)
4157	丕	33	0.1689	99.960	曹丕(23)/丕顕(5)/丕(3)/正丕(1)/道丕(1)
4158	俚	33	0.1689	99.960	俚言(11)/俚諺(10)/俚謡(8)/俚俗(3)/俚(1)
4159	俤	33	0.1689	99.960	俤(33)
4160	嬶	33	0.1689	99.960	嬶(31)/嬶あ(2)
4161	尠	33	0.1689	99.960	尠(7)/尠く(6)/尠から(5)/尠し(4)/尠なく(3)/尠い(2)/尠ない(2)/尠なかっ(2)/尠な(1)/尠少(1)
4162	嶌	33	0.1689	99.960	嶌(23)/嶌田(7)/手嶌(2)/飯嶌(1)
4163	忝	33	0.1689	99.961	忝い(8)/忝(4)/忝う(4)/忝く(3)/忝のう(3)/忝けない(2)/忝けなく(2)/忝ない(2)/忝なく(2)/忝けな(1)/忝けのう(1)/忝な(1)
4164	攝	33	0.1689	99.961	攝津(19)/攝(5)/攝州(2)/攝住(1)/攝取(1)/攝子(1)/攝法(1)/攝生(1)/攝示(1)/攝養(1)
4165	濶	33	0.1689	99.961	迂濶(7)/濶部(5)/濶歩(4)/濶達(4)/寛濶(3)/広濶(3)/濶(2)/久濶(1)/快濶(1)/濶く(1)/濶と(1)/濶葉(1)
4166	翟	33	0.1689	99.961	翟譲(22)/翟(5)/翟弘(3)/戎翟(1)/翟源(1)/翟璜(1)
4167	聨	33	0.1689	99.961	聨隊(26)/聨軍(2)/聨(1)/聨句(1)/聨経(1)/聨芳(1)/關聨(1)
4168	薀	33	0.1689	99.961	薀蓄(28)/薀奥(3)/薀(2)
4169	裃	33	0.1689	99.961	裃(33)
4170	辨	33	0.1689	99.961	辨(25)/辨慧(2)/辨義(2)/劃辨(1)/妹大斗乃辨辮(1)/辨ずる(1)/辨當(1)
4171	辷	33	0.1689	99.961	辷り(11)/辷っ(6)/辷ら(3)/辷つ(2)/辷り落ち(2)/辷る(2)/上辷り(1)/横辷り(1)/辷らし(1)/辷り入ら(1)/辷り落ちる(1)/辷り込み(1)/辷り込ん(1)
4172	鍍	33	0.1689	99.961	鍍金(30)/金銀鍍(2)/鍍金銀(1)
4173	閘	33	0.1689	99.961	閘門(28)/閘(2)/水閘(1)/閘用(1)/閘蟹(1)
4174	馗	33	0.1689	99.961	鐘馗(20)/鍾馗(13)
4175	仆	32	0.1638	99.961	仆れ(8)/仆さ(5)/仆し(5)/仆す(4)/仆(2)/仆そう(2)/仆れる(2)/仆歩(2)/押し仆し(1)/蹴仆さ(1)
4176	兀	32	0.1638	99.961	兀(8)/兀良哈(7)/蒙兀(6)/兀兀(4)/兀々(3)/芥兀(3)/兀朮(1)
4177	兩	32	0.1638	99.961	兩(31)/兩手(1)
4178	册	32	0.1638	99.961	册(27)/册数(1)/册王(1)/册立(1)/合册(1)/隷書臨張遷碑册(1)
4179	刮	32	0.1638	99.961	刮目(25)/刮っと(2)/刮〓〓(1)/刮い(1)/刮ぎ取ら(1)/刮ぎ取り(1)/刮ぐ(1)
4180	匐	32	0.1638	99.961	匍匐(23)/匐い(3)/匐(1)/匐いつくばっ(1)/匐いまわっ(1)/匐い上る(1)/匐っ(1)/匐行(1)
4181	尸	32	0.1638	99.962	尸(22)/伊尸品(2)/尸位(2)/阿尸良(2)/（　尸ー゜）(2)/人尸(1)/伝尸(1)
4182	杰	32	0.1638	99.962	杰倫(26)/世杰(2)/俊杰(1)/劉杰(1)/杰(1)/連杰(1)
4183	桎	32	0.1638	99.962	桎梏(29)/桎(3)
4184	槨	32	0.1638	99.962	槨(12)/木槨(11)/石槨(6)/副槨(3)
4185	瀞	32	0.1638	99.962	長瀞(25)/瀞(4)/瀞場(3)
4186	狀	32	0.1638	99.962	狀態(12)/狀(10)/現狀(6)/書狀(3)/窮狀(1)
4187	秉	32	0.1638	99.962	秉風(4)/秉喆(3)/秉国(3)/秉鉉(3)/秉(2)/秉公(2)/秉払(2)/秉松(2)/秉綬(2)/耿秉(2)/正秉(1)/秉址(1)/秉式(1)/秉燭(1)/秉璿(1)/秉鎬(1)/秉龍(1)
4188	穽	32	0.1638	99.962	陥穽(26)/穽(6)
4189	絽	32	0.1638	99.962	絽(31)/絽織(1)
4190	耿	32	0.1638	99.962	耿(15)/耿之介(4)/耿秉(2)/耿耿(2)/央耿(1)/耿之助(1)/耿二(1)/耿介(1)/耿士(1)/耿太郎(1)/耿恭(1)/耿昇(1)/耿颷(1)
4191	苳	32	0.1638	99.962	苳也(31)/苳三(1)
4192	莚	32	0.1638	99.962	莚(23)/莚会(2)/栢莚(1)/粗莚(1)/莚小(1)/莚帆(1)/莚旗(1)/莚笑(1)/莚等(1)
4193	襴	32	0.1638	99.962	金襴(28)/襴(3)/錦襴(1)
4194	誄	32	0.1638	99.962	誄(30)/誄歌(1)/誄詞(1)
4195	諳	32	0.1638	99.962	諳んじ(15)/諳誦(8)/諳(3)/諳んじる(2)/諳じ(1)/諳じる(1)/諳ぜ(1)/諳厄(1)
4196	譽	32	0.1638	99.962	譽士夫(16)/行譽(8)/名譽(6)/観譽(1)/譽望(1)
4197	豈	32	0.1638	99.962	豈(30)/豈に(1)/豈其〜也。(1)
4198	蹉	32	0.1638	99.962	蹉跎(17)/蹉跌(12)/蹉(3)
4199	鎔	32	0.1638	99.963	鎔基(28)/在鎔(1)/鎔(1)/鎔信(1)/鎔鉄(1)
4200	鐐	32	0.1638	99.963	鐐之助(21)/鐐こ(5)/南鐐(4)/鐐一(2)
4201	閩	32	0.1638	99.963	閩西(6)/閩江(5)/閩南(4)/閩県(3)/閩(2)/閩海(2)/閩越(2)/移撫閩稿(1)/閩北(1)/閩政(1)/閩洛(1)/閩浙贛皖(1)/閩清(1)/閩贛(1)/閩都(1)
4202	闢	32	0.1638	99.963	開闢(27)/闢(1)/闢く(1)/闢異(1)/闢聡(1)/闢邪(1)
4203	鱸	32	0.1638	99.963	鱸(32)
4204	麝	32	0.1638	99.963	麝香(29)/蘭麝(2)/麝(1)
4205	儺	31	0.1587	99.963	追儺(13)/宿儺(7)/儺(6)/儺県(5)
4206	冰	31	0.1587	99.963	冰冰(12)/白冰(5)/冰(3)/冰心(2)/碓冰(2)/冰上(1)/冰室(1)/懐冰(1)/李冰(1)/石冰(1)/谷冰(1)/雁冰(1)
4207	尓	31	0.1587	99.963	尓(21)/阿尓金(4)/伏尓加(2)/尓布(2)/同気脱知尓叱今(1)/噶尓(1)
4208	幀	31	0.1587	99.963	装幀(29)/幀(1)/裝幀(1)
4209	愍	31	0.1587	99.963	憐愍(15)/不愍(4)/愍笑(3)/哀愍(2)/愍れみ(2)/愍念(2)/愍み(1)/愍察(1)/愍陵(1)
4210	掏	31	0.1587	99.963	掏摸(12)/掏っ(5)/掏ら(3)/掏つ(2)/掏り替わっ(2)/掏る(2)/掏り(1)/掏りゃ(1)/掏り取る(1)/掏り替え(1)/掏れ(1)
4211	旌	31	0.1587	99.963	旌旗(19)/旌表(8)/旌(4)
4212	栢	31	0.1587	99.963	栢山(16)/栢原(5)/栢場(2)/栢翁(2)/鄭栢(2)/栢(1)/栢樹(1)/栢舟(1)/栢莚(1)
4213	煬	31	0.1587	99.963	煬帝(31)
4214	爸	31	0.1587	99.963	爸爸(22)/爸々(9)
4215	牆	31	0.1587	99.963	牆壁(11)/牆(7)/史牆(6)/辺牆(4)/牆子(1)/瑞牆(1)/鬩牆(1)
4216	竃	31	0.1587	99.963	竃(30)/塩竃(1)
4217	篋	31	0.1587	99.963	宝篋(22)/玉篋(4)/梵篋(3)/篋(1)/篋底(1)
4218	糀	31	0.1587	99.964	糀(22)/糀谷(5)/甘糀(4)
4219	絖	31	0.1587	99.964	綜絖(30)/絖(1)
4220	舩	31	0.1587	99.964	舩山(11)/舩木(11)/舩(4)/三舩(1)/木舩(1)/舩宿(1)/舩渡(1)/舩越(1)
4221	蔗	31	0.1587	99.964	甘蔗(13)/蔗糖(13)/蔗境(3)/蔗(2)
4222	裴	31	0.1587	99.964	裴(26)/裴宣(2)/裴炎(2)/裴矩(1)
4223	迚	31	0.1587	99.964	迚も(27)/迚(3)/迚モ(1)
4224	邏	31	0.1587	99.964	警邏(13)/巡邏(11)/邏卒(5)/邏(2)
4225	邢	31	0.1587	99.964	邢(25)/邢昺(4)/邢國(2)
4226	霽	31	0.1587	99.964	霽雲(15)/霽れ(10)/霽(2)/賈霽(1)/霽るゝ(1)/霽れま(1)/霽月(1)
4227	靜	31	0.1587	99.964	靜(13)/靜安(12)/勝靜(2)/冷靜(1)/靜けく(1)/靜夫(1)/靜岡(1)
4228	鵯	31	0.1587	99.964	鵯(26)/鵯塚(3)/鵯州(1)/鵯越(1)
4229	仍	30	0.1536	99.964	仍(25)/仍る(4)/相仍ツテ(1)
4230	嗾	30	0.1536	99.964	使嗾(19)/嗾け(3)/嗾ける(2)/嗾しかける(2)/指嗾(2)/嗾かし(1)/嗾しかけ(1)
4231	圜	30	0.1536	99.964	圜悟(27)/圜(1)/圜視(1)/方圜(1)
4232	圻	30	0.1536	99.964	蒲圻(26)/圻(3)/王圻(1)
4233	姶	30	0.1536	99.964	姶良(23)/姶(5)/姶末(1)/姶羅(1)
4234	尭	30	0.1536	99.964	尭(19)/尭舜(3)/尭史(2)/尭之(1)/尭右(1)/尭太(1)/尭葉(1)/明尭(1)/時尭(1)
4235	榕	30	0.1536	99.964	榕江(8)/榕子(7)/鄧榕(6)/榕樹(4)/榕庵(3)/榕(2)
4236	步	30	0.1536	99.964	步い(9)/步(8)/步き(4)/步百步(2)/進步(2)/散步(1)/步く(1)/步場(1)/浮れ步い(1)/漫步(1)
4237	淨	30	0.1536	99.964	淨(23)/清淨(5)/沙悟淨(1)/淨信(1)
4238	濛	30	0.1536	99.965	濛々(28)/濛(1)/濛気(1)
4239	蝪	30	0.1536	99.965	蜥蝪(30)
4240	覘	30	0.1536	99.965	覘い(13)/覘標(8)/覘き(6)/覘(1)/覘っ(1)/覘ふ(1)
4241	鄒	30	0.1536	99.965	鄒(13)/鄒衍(8)/鄒平(2)/鄒牟(2)/鄒容(1)/鄒淵(1)/鄒潤(1)/鄒荻帆(1)/鄒陽(1)
4242	鏝	30	0.1536	99.965	鏝(17)/灼き鏝(5)/金鏝(4)/焼き鏝(2)/焼鏝(2)
4243	顗	30	0.1536	99.965	智顗(29)/恵顗(1)
4244	颱	30	0.1536	99.965	颱風(30)
4245	著	30	0.1536	99.965	著(14)/著作(5)/著者(3)/著述(2)/著名(1)/著座(1)/著想(1)/著書(1)/著物(1)/著眼(1)
4246	傕	29	0.1485	99.965	李傕(29)
4247	兪	29	0.1485	99.965	兪(24)/腎兪(4)/都兪(1)
4248	嘶	29	0.1485	99.965	嘶き(13)/嘶い(6)/嘶く(5)/嘶堂(2)/嘶(1)/嘶え(1)/嘶声(1)
4249	嚴	29	0.1485	99.965	嚴(16)/教嚴(3)/嚴重(2)/戒嚴(2)/香嚴(2)/ニヨリテ嚴(1)/嚴禁(1)/荘嚴(1)/莊嚴(1)
4250	姨	29	0.1485	99.965	姨(10)/姨捨(10)/阿姨(6)/姨捨て(3)
4251	徧	29	0.1485	99.965	宗徧(26)/徧く(2)/徧界(1)
4252	忸	29	0.1485	99.965	忸怩(29)
4253	怩	29	0.1485	99.965	忸怩(29)
4254	悖	29	0.1485	99.965	悖る(16)/狂悖(4)/悖徳(3)/悖(2)/悖っ(2)/悖り(1)/悖戻(1)
4255	慚	29	0.1485	99.965	慚愧(11)/慚(10)/無慚(8)
4256	戀	29	0.1485	99.965	戀(21)/戀ひ(2)/戀愛(2)/戀しく(1)/戀ふ(1)/戀ふる(1)/戀唄(1)
4257	旼	29	0.1485	99.965	旼林(29)
4258	杆	29	0.1485	99.966	槓杆(10)/杆体(9)/杆状(9)/杆(1)
4259	杼	29	0.1485	99.966	杼(18)/崔杼(6)/機杼(2)/飛杼(2)/杼換(1)
4260	梏	29	0.1485	99.966	桎梏(29)
4261	楳	29	0.1485	99.966	楳図(26)/楳局(1)/楳嶺(1)/楳茂都(1)
4262	炳	29	0.1485	99.966	炳圭(8)/炳河(5)/炳(4)/炳允(2)/炳乎(1)/炳五(1)/炳外(1)/炳徳(1)/炳憲(1)/炳植(1)/炳湘(1)/炳霊(1)/炳魯(1)/炳麟(1)
4263	煖	29	0.1485	99.966	煖炉(16)/煖房(8)/煖(2)/煖め(1)/煖爐(1)/煖衣(1)
4264	爰	29	0.1485	99.966	爰(29)
4265	癡	29	0.1485	99.966	癡(22)/無癡(4)/白癡(2)/癡愚(1)
4266	礒	29	0.1485	99.966	礒貝(7)/礒部(7)/礒村(4)/礒(3)/礒多(3)/礒山(2)/礒野(2)/礒田(1)
4267	礙	29	0.1485	99.966	無礙(16)/障礙(10)/罣礙(2)/阻礙(1)
4268	礬	29	0.1485	99.966	明礬(19)/礬柘(4)/緑礬(2)/礬(1)/礬水(1)/礬石(1)/礬砂(1)
4269	穎	29	0.1485	99.966	秀穎(9)/穎(5)/才穎(4)/穎超(4)/穎達(4)/穎田島(2)/穎脱(1)
4270	筌	29	0.1485	99.966	筌(14)/茶筌(8)/下筌(2)/筌蹄(2)/忘筌(1)/抛筌斎(1)/登り筌(1)
4271	簽	29	0.1485	99.966	題簽(21)/簽書(7)/元康三年木簽(1)
4272	縺	29	0.1485	99.966	縺れ(11)/縺れる(5)/縺れ合い(3)/差し縺れ(2)/差縺(2)/縺れ合っ(2)/縺(1)/縺れ結ぼれ(1)/縺れ込む(1)/縺励(1)
4273	繪	29	0.1485	99.966	繪(11)/繪高繪(4)/繪圖(2)/繪本(2)/繪草(2)/繪詞(2)/繪里(2)/似繪(1)/繪具(1)/繪蓋(1)/襖繪(1)
4274	膂	29	0.1485	99.966	膂力(29)
4275	舁	29	0.1485	99.966	舁(11)/舁い(6)/舁ぎ(3)/駕籠舁き(3)/舁が(2)/舁き(1)/舁き入れ(1)/舁げ(1)/舁夫(1)
4276	芬	29	0.1485	99.966	綏芬河(10)/鼎芬(8)/芬(4)/桂芬(2)/芬々(2)/芬蘭(1)/芬馥(1)/芳芬(1)
4277	苟	29	0.1485	99.966	苟も(18)/苟(4)/苟しくも(3)/苟くも(1)/苟且(1)/苟偸(1)/苟生耳(1)
4278	莨	29	0.1485	99.967	莨(28)/莨火(1)
4279	菲	29	0.1485	99.967	菲菲(10)/菲薄(10)/菲才(3)/トシテニ菲ズシテ(1)/菲〓(1)/菲力(1)/菲常(1)/菲爾(1)/葛菲(1)
4280	菴	29	0.1485	99.967	菴(11)/桂菴(2)/菴主(2)/菴羅(2)/鷗菴(2)/修菴(1)/大菴(1)/定菴(1)/抱久呂菴(1)/月菴(1)/木菴(1)/菴宗(1)/菴室(1)/菴蔵(1)/通菴(1)
4281	葎	29	0.1485	99.967	葎(11)/枯葎(5)/葎花(5)/露葎(3)/嘉葎雄(2)/葎光(1)/葎原(1)/葎草(1)
4282	裨	29	0.1485	99.967	裨益(22)/裨補(5)/裨将(1)/裨田(1)
4283	覯	29	0.1485	99.967	稀覯(29)
4284	謔	29	0.1485	99.967	諧謔(27)/悪謔(2)
4285	蹤	29	0.1485	99.967	先蹤(14)/蹤(4)/蹤い(4)/蹤け(4)/蹤き(1)/蹤跡(1)/追蹤(1)
4286	轉	29	0.1485	99.967	轉(3)/轉生(3)/轉車(3)/轉向(2)/急轉(1)/流轉(1)/移轉(1)/轉じ(1)/轉つ(1)/轉ぶ(1)/轉り(1)/轉囘(1)/轉回(1)/轉嫁(1)/轉寢(1)/轉推(1)/轉換(1)/轉義(1)/轉舎(1)/轉身(1)
4287	轎	29	0.1485	99.967	轎(17)/轎夫(6)/花轎(5)/駝轎(1)
4288	郝	29	0.1485	99.967	郝(26)/郝昭(3)
4289	髻	29	0.1485	99.967	髻(26)/髻塚(2)/五髻(1)
4290	剔	28	0.1434	99.967	剔出(12)/剔抉(10)/剔(4)/剔り(2)
4291	單	28	0.1434	99.967	單(26)/單位(1)/單独(1)
4292	壙	28	0.1434	99.967	土壙(20)/墓壙(6)/壙大(1)/壙底(1)
4293	妣	28	0.1434	99.967	山妣(14)/妣(9)/先妣(2)/皇妣(2)/考妣(1)
4294	媼	28	0.1434	99.967	媼(14)/老媼(9)/媼スギ(5)
4295	屎	28	0.1434	99.967	屎尿(16)/屎(5)/星屎(2)/人屎(1)/小屎(1)/屎戸(1)/蚕屎(1)/鶏屎(1)
4296	廖	28	0.1434	99.967	廖(19)/廖化(8)/廖公(1)
4297	怡	28	0.1434	99.967	怡土(11)/怡寧(5)/伸怡(2)/怡(2)/怡しん(2)/怡奘過(2)/冬怡(1)/怡島(1)/怡悦(1)/怡親(1)
4298	梔	28	0.1434	99.967	梔子(26)/山梔子(1)/梔子色(1)
4299	棧	28	0.1434	99.968	棧敷(12)/棧橋(7)/棧瓦(5)/棧(4)
4300	洵	28	0.1434	99.968	洵(25)/洵一(1)/洵美(1)/鴻洵(1)
4301	渭	28	0.1434	99.968	渭水(12)/渭州(11)/渭河(3)/渭南(1)/渭干(1)
4302	潴	28	0.1434	99.968	三潴(27)/潴木(1)
4303	狎	28	0.1434	99.968	狎れ(15)/狎れ狎れしい(4)/狎鴎(3)/狎(2)/狎れ狎れしゅう(2)/狎れ親しん(1)/狎客(1)
4304	甍	28	0.1434	99.968	甍(27)/赤甍(1)
4305	穹	28	0.1434	99.968	蒼穹(16)/穹窿(9)/穹廬(2)/天穹(1)
4306	窘	28	0.1434	99.968	窘め(14)/窘める(10)/窘めよう(2)/窘(1)/窘男(1)
4307	萍	28	0.1434	99.968	胡萍(13)/萍(9)/漢冶萍(2)/萍寄(2)/雲萍(2)
4308	藹	28	0.1434	99.968	藹々(23)/藹藹(4)/藹(1)
4309	覊	28	0.1434	99.968	覊束(26)/不覊(1)/覊絆(1)
4310	諂	28	0.1434	99.968	諂う(8)/諂(6)/諂っ(6)/諂い(5)/媚び諂う(1)/諂は(1)/諂ひ(1)
4311	諄	28	0.1434	99.968	諄々(17)/諄(6)/諄一(3)/宗諄(2)
4312	諛	28	0.1434	99.968	阿諛(23)/諛(2)/諛う(2)/媚諛(1)
4313	踰	28	0.1434	99.968	踰越(17)/踰ゆ(3)/踰(2)/踰え(2)/踰える(1)/踰す(1)/踰ゆる(1)/踰る(1)
4314	鹵	28	0.1434	99.968	鹵獲(15)/鹵(4)/蓋鹵(3)/大鹵(2)/獲加多支鹵(2)/鹵簿(2)
4315	琢	28	0.1434	99.968	琢磨(13)/琢木(10)/彫琢(1)/琢(1)/琢如(1)/琢治(1)/琢郎(1)
4316	佚	27	0.1382	99.968	散佚(8)/遺佚(5)/佚書(4)/佚(3)/佚し(2)/淫佚(2)/佚する(1)/佚存(1)/安佚(1)
4317	價	27	0.1382	99.968	價(23)/價格(1)/眞價(1)/聲價(1)/高價(1)
4318	圍	27	0.1382	99.968	圍(8)/範圍(6)/雰圍氣(5)/周圍(4)/圍繞(2)/圍爐(1)/外圍(1)
4319	屮	27	0.1382	99.968	屮(25)/屮スワレッツノ(1)/（屮゜Д゜）(1)
4320	拜	27	0.1382	99.968	拜啓(7)/拜見(3)/拜(2)/拜し(2)/拜する(2)/拜察(2)/拜禮(2)/奉拜(1)/拜せ(1)/拜一(1)/拜兼(1)/拜家(1)/拜違(1)/拜領(1)
4321	據	27	0.1382	99.969	根據(12)/據(3)/據つ(3)/據り(2)/據る(2)/割據(1)/據ら(1)/據山(1)/準據(1)/證據(1)
4322	擧	27	0.1382	99.969	擧げ(7)/擧(6)/一擧(3)/擧げる(3)/選擧(3)/壯擧(1)/快擧(1)/擧句(1)/擧行(1)/文擧(1)
4323	柞	27	0.1382	99.969	柞木(24)/柞(1)/柞之(1)/柞灰(1)
4324	槿	27	0.1382	99.969	木槿(20)/洙槿(4)/槿花(2)/槿(1)
4325	橡	27	0.1382	99.969	橡(23)/橡の木(3)/橡殻(1)
4326	權	27	0.1382	99.969	權(12)/權力(3)/主權(2)/特權(2)/大權(1)/強權(1)/政權(1)/權六(1)/權利(1)/權威(1)/權豪(1)/私權(1)
4327	歇	27	0.1382	99.969	間歇(21)/歇ん(2)/歇(1)/歇み(1)/歇む(1)/黄歇(1)
4328	罔	27	0.1382	99.969	欺罔(20)/罔(2)/罔象女(2)/罔き(1)/罔く(1)/罔し(1)
4329	羂	27	0.1382	99.969	羂索(25)/諸羂(2)
4330	鄂	27	0.1382	99.969	鄂(18)/湘鄂西(8)/湘鄂贛(1)
4331	釦	27	0.1382	99.969	釦(27)
4332	鉞	27	0.1382	99.969	鉞(19)/斧鉞(4)/黄鉞(4)
4333	銕	27	0.1382	99.969	銕之丞(16)/氏銕(4)/銕川(2)/銕(1)/銕三(1)/銕屋(1)/銕山(1)/銕軌(1)
4334	鋧	27	0.1382	99.969	鉄鋧(27)
4335	鎰	27	0.1382	99.969	張鎰(24)/鎰取(2)/鎰屋(1)
4336	飜	27	0.1382	99.969	飜(10)/飜訳(7)/飜譯(3)/飜る(2)/飜弄(2)/飜さし(1)/飜案(1)/飜然(1)
4337	塀	27	0.1382	99.969	塀(27)
4338	難	27	0.1382	99.969	難(12)/難波(5)/困難(4)/有難(1)/無難(1)/論難(1)/難儀(1)/難所(1)/難有(1)
4339	你	26	0.1331	99.969	你(16)/你的(2)/你了(1)/你媽々日本鬼(1)/你成(1)/你有碰到〓(1)/你纔(1)/你阿(1)/你喝(1)/給你(1)
4340	僊	26	0.1331	99.969	米僊(14)/僊(8)/麦僊(2)/僊那(1)/金僊(1)
4341	凉	26	0.1331	99.969	清凉(9)/凉庭(6)/凉しい(3)/凉太(3)/凉み(2)/凉(1)/凉気(1)/荒凉(1)
4342	忖	26	0.1331	99.969	忖度(26)
4343	恤	26	0.1331	99.970	救恤(11)/恤兵(6)/恤(3)/賑恤(3)/恤事(1)/恤救(1)/恤而(1)
4344	慳	26	0.1331	99.970	邪慳(12)/慳貪(7)/突慳貪(4)/慳(2)/突っ慳貪(1)
4345	櫚	26	0.1331	99.970	棕櫚(25)/花櫚(1)
4346	溌	26	0.1331	99.970	溌剌(13)/溌刺(11)/活溌(1)/溌溂(1)
4347	滄	26	0.1331	99.970	滄浪(16)/瀾滄(4)/滄洲(3)/滄海(2)/滄桑(1)
4348	烽	26	0.1331	99.970	烽火(22)/烽(2)/烽候(1)/烽台(1)
4349	牀	26	0.1331	99.970	牀(10)/病牀(10)/平牀(4)/座牀(2)
4350	瘠	26	0.1331	99.970	瘠せ(14)/瘠(5)/瘠悪(3)/瘠せこけ(2)/モナイママニ瘠(1)/瘠ぎす(1)
4351	碕	26	0.1331	99.970	碕(7)/高碕(7)/井碕(4)/木碕(4)/赤碕(4)
4352	禾	26	0.1331	99.970	禾(17)/禾香(7)/下一面東禾里(1)/疆禾(1)
4353	窶	26	0.1331	99.970	窶れ(16)/窶(2)/窶し(2)/窶るゝ(2)/面窶れ(2)/病み窶れ(1)/窶る(1)
4354	籟	26	0.1331	99.970	松籟(22)/三籟(2)/万籟(1)/籟軒(1)
4355	紊	26	0.1331	99.970	紊乱(14)/紊れ(6)/紊(3)/紊れる(1)/紊亂(1)/紊欧(1)
4356	腥	26	0.1331	99.970	血腥い(12)/腥い(6)/腥(4)/血腥(2)/腥く(1)/血腥く(1)
4357	膊	26	0.1331	99.970	上膊(22)/前膊(2)/膊神(1)/膊骨(1)
4358	臙	26	0.1331	99.970	臙脂(26)
4359	譫	26	0.1331	99.970	譫言(21)/譫妄(3)/譫語(2)
4360	軛	26	0.1331	99.970	軛(22)/衡軛(4)
4361	鑚	26	0.1331	99.970	研鑚(22)/鑚(2)/鑚凍(1)/鑚神(1)
4362	闡	26	0.1331	99.970	闡明(17)/闡提(4)/一闡提(2)/闡らか(1)/闡微(1)/闡揚(1)
4363	麁	26	0.1331	99.970	麁鹿火(11)/麁玉(7)/麁(1)/麁品(1)/麁末(1)/麁略(1)/麁翰(1)/麁蝦夷(1)/麁食(1)/麁香(1)
4364	喝	26	0.1331	99.970	喝采(8)/一喝(6)/大喝(3)/喝(3)/恐喝(2)/你喝(1)/恫喝(1)/喝水(1)/喝食(1)
4365	頻	26	0.1331	99.971	頻度(9)/頻繁(8)/頻(4)/頻回(4)/頻伽(1)
4366	喃	25	0.1280	99.971	喃語(16)/喃(6)/喃々(3)
4367	悰	25	0.1280	99.971	務悰(24)/悰子(1)
4368	拏	25	0.1280	99.971	漢拏(24)/拏(1)
4369	晝	25	0.1280	99.971	晝(13)/晝間(5)/晝食(3)/晝馬(3)/真晝(1)
4370	曺	25	0.1280	99.971	曺(25)
4371	疥	25	0.1280	99.971	疥癬(25)
4372	睢	25	0.1280	99.971	睢陽(17)/睢水(8)
4373	磅	25	0.1280	99.971	磅(21)/磅十(2)/磅礴(2)
4374	籌	25	0.1280	99.971	籌海(11)/籌(2)/籌木(2)/一籌(1)/籌室(1)/籌撥(1)/籌根(1)/籌法(1)/籌画(1)/籌策(1)/籌解(1)/籌計(1)/義籌(1)
4375	縅	25	0.1280	99.971	縅(10)/糸縅(4)/緋縅(4)/赤縅(4)/萌黄縅(1)/藤縅(1)/黒縅(1)
4376	耄	25	0.1280	99.971	耄碌(15)/老耄(5)/耄け(2)/老い耄れ(1)/老耄れ(1)/耄(1)
4377	蔬	25	0.1280	99.971	蔬菜(19)/蔬(5)/蔬食(1)
4378	蝟	25	0.1280	99.971	蝟集(23)/蝟(2)
4379	謨	25	0.1280	99.971	護謨(9)/聖謨(5)/謨(5)/泄謨觚(2)/宏謨(1)/応謨(1)/良謨(1)/馭謨(1)
4380	輦	25	0.1280	99.971	鳳輦(12)/輦(5)/輦台(4)/発輦(1)/輦下(1)/輦縦(1)/輦車(1)
4381	邕	25	0.1280	99.971	蔡邕(21)/邕(2)/邕邕(2)
4382	鎗	25	0.1280	99.971	鎗(15)/鎗之(1)/鎗先(1)/鎗十郎(1)/鎗戟(1)/鎗棒(1)/鎗次(1)/鎗田(1)/鎗野目(1)/鎗釼(1)/魚鎗(1)
4383	閇	25	0.1280	99.971	閇(9)/阿閇(9)/反閇(5)/閇大(1)/閇字(1)
4384	隱	25	0.1280	99.971	隱(8)/隱元(6)/雪隱(5)/隱し(2)/隱遁(2)/隱れ(1)/隱沼(1)
4385	鯰	25	0.1280	99.971	鯰(22)/多鯰ガ池(2)/鯰田(1)
4386	鰍	25	0.1280	99.971	鰍沢(12)/海鰍(7)/鰍(5)/川鰍(1)
4387	鱧	25	0.1280	99.971	鱧(24)/鱧鍋(1)
4388	亂	24	0.1229	99.971	亂(14)/内亂(2)/混亂(2)/亂暴(1)/入亂れる(1)/反亂(1)/撩亂(1)/攪亂(1)/紊亂(1)
4389	卞	24	0.1229	99.972	卞喜(19)/卞(5)
4390	婪	24	0.1229	99.972	貪婪(21)/婪(3)
4391	慂	24	0.1229	99.972	慫慂(22)/慂(1)/懲慂(1)
4392	抓	24	0.1229	99.972	抓み(6)/抓り(4)/抓ん(4)/抓ま(3)/抓っ(2)/抓(1)/抓け(1)/抓ら(1)/抓大(1)/抓津(1)
4393	掣	24	0.1229	99.972	掣肘(19)/掣圏(4)/掣曳(1)
4394	樓	24	0.1229	99.972	樓(23)/青樓(1)
4395	檬	24	0.1229	99.972	檸檬(23)/檬朧(1)
4396	殘	24	0.1229	99.972	殘る(4)/殘つ(3)/殘ら(3)/名殘(2)/書き殘し(2)/殘さ(2)/殘り(1)/殘壘(1)/殘念(1)/殘暑(1)/殘碑(1)/殘金(1)/殘骸(1)/生き殘つ(1)
4397	汜	24	0.1229	99.972	郭汜(18)/汜水(6)
4398	狹	24	0.1229	99.972	狹(17)/狹い(3)/狹井(1)/狹川(1)/狹間(1)/若狹(1)
4399	瑀	24	0.1229	99.972	阮瑀(24)
4400	瑙	24	0.1229	99.972	瑪瑙(24)
4401	疚	24	0.1229	99.972	疚し(9)/疚しい(9)/ミテ疚(1)/疚(1)/疚マバ(1)/疚ムコトハナハダシケレバ(1)/疚六(1)/疚時(1)
4402	盒	24	0.1229	99.972	飯盒(18)/盒(3)/香盒(2)/掛盒(1)
4403	眇	24	0.1229	99.972	眇(11)/眇め(9)/眇める(2)/眇ん(1)/眇眼(1)
4404	笄	24	0.1229	99.972	笄(19)/笄町(3)/櫛笄(1)/麻布新笄町(1)
4405	羌	24	0.1229	99.972	羌族(14)/羌(6)/羌胡(2)/若羌(2)
4406	薛	24	0.1229	99.972	薛(12)/薛俊(9)/薛延陀(1)/薛永(1)/薛礼(1)
4407	薜	24	0.1229	99.972	薜公(21)/薜録(2)/薜偉(1)
4408	諤	24	0.1229	99.972	諤々(13)/諤諤(8)/种諤(1)/諤(1)/諤城(1)
4409	謫	24	0.1229	99.972	流謫(22)/謫居(1)/謫所(1)
4410	醱	24	0.1229	99.972	醱酵(21)/醱(2)/醱き(1)
4411	劈	23	0.1177	99.972	劈頭(18)/劈か(2)/劈く(2)/劈い(1)
4412	參	23	0.1177	99.972	參(8)/參三(6)/參考(3)/參葉(2)/參上(1)/參留(1)/參金(1)/曾參(1)
4413	咋	23	0.1177	99.972	羽咋(12)/咋(10)/真魚咋(1)
4414	奧	23	0.1177	99.973	奧(20)/奧田(1)/奧袖(1)/蘡奧(1)
4415	妲	23	0.1177	99.973	妲己(16)/妲妃(7)
4416	孌	23	0.1177	99.973	孌鳥(17)/孌童(4)/婉孌(1)/孌(1)
4417	忰	23	0.1177	99.973	忰(20)/小忰(1)/忰田(1)/憔忰(1)
4418	恪	23	0.1177	99.973	孝恪(6)/恪(6)/弘恪(5)/恪太郎(3)/寅恪(2)/恪勤(1)
4419	慙	23	0.1177	99.973	無慙(11)/慙愧(6)/慙(3)/慙恚(3)
4420	戔	23	0.1177	99.973	素戔嗚(19)/戔須(2)/戔(1)/戔鳴(1)
4421	晏	23	0.1177	99.973	晏(4)/天晏(3)/晏史(3)/何晏(2)/晏く(2)/海晏(2)/大晏(1)/晏嬰(1)/晏子(1)/晏殊(1)/晏然(1)/晏男(1)/而晏(1)
4422	檸	23	0.1177	99.973	檸檬(23)
4423	沚	23	0.1177	99.973	沚水(23)
4424	狷	23	0.1177	99.973	狷介(19)/狷(4)
4425	瘀	23	0.1177	99.973	瘀血(23)
4426	祁	23	0.1177	99.973	祁連(11)/祁答院(8)/伊太祁曽(2)/祁山(2)
4427	筺	23	0.1177	99.973	筺(13)/筺雪(10)
4428	箝	23	0.1177	99.973	箝口(17)/箝(5)/箝し(1)
4429	聽	23	0.1177	99.973	聽(10)/聽き(2)/聽濤(2)/聽衆(2)/聽く(1)/聽得(1)/聽從(1)/聽聞(1)/聽記(1)/突然聽衆(1)/視聽(1)
4430	茯	23	0.1177	99.973	茯苓(23)
4431	蝗	23	0.1177	99.973	蝗(14)/飛蝗(5)/蝗害(2)/蝗虫(1)/馬蝗(1)
4432	誑	23	0.1177	99.973	誑かす(5)/誑かさ(4)/誑かし(4)/誑かそう(4)/誑(3)/女誑し(1)/誑しこめる(1)/誑し込む(1)
4433	醗	23	0.1177	99.973	醗酵(23)
4434	雜	23	0.1177	99.973	雜(16)/雜誌(6)/夾雜(1)
4435	鴒	23	0.1177	99.973	鶺鴒(22)/鶴鴒(1)
4436	齲	23	0.1177	99.973	齲蝕(12)/齲歯(11)
4437	憎	23	0.1177	99.973	憎侶(15)/憎(8)
4438	佗	22	0.1126	99.973	佗しい(6)/佗し(4)/佗しき(2)/佗美(2)/住み佗び(1)/佗(1)/佗しく(1)/佗び(1)/佗びし(1)/佗びしい(1)/佗己(1)/華佗(1)
4439	噎	22	0.1126	99.973	噎せ(9)/噎せる(3)/噎せ返る(2)/噎(1)/噎せかえっ(1)/噎せかえり(1)/噎せ返っ(1)/噎び(1)/噎び泣く(1)/噎る(1)/噎ん(1)
4440	噫	22	0.1126	99.974	噫(21)/噫比(1)
4441	埓	22	0.1126	99.974	放埓(13)/埓(7)/不埓(2)
4442	慫	22	0.1126	99.974	慫慂(22)
4443	懿	22	0.1126	99.974	懿(10)/懿子(4)/懿栄(4)/呉懿(2)/懿徳(1)/紹懿(1)
4444	扣	22	0.1126	99.974	扣(21)/扣き(1)
4445	抬	22	0.1126	99.974	抬頭(14)/抬げ(3)/抬(2)/抬魁(2)/抬げる(1)
4446	攸	22	0.1126	99.974	絳攸(11)/荀攸(10)/攸銛(1)
4447	效	22	0.1126	99.974	效(15)/效果(3)/效顰(3)/無效(1)
4448	桀	22	0.1126	99.974	桀(10)/桀王(6)/桀紂(4)/桀溺(2)
4449	洌	22	0.1126	99.974	洌(10)/清洌(9)/凛洌(3)
4450	渙	22	0.1126	99.974	渙発(11)/渙(6)/之渙(4)/渙斎(1)
4451	熹	22	0.1126	99.974	熹(9)/朱熹(6)/熹宗(3)/延熹(2)/光熹(1)/又號熹齋(1)
4452	琦	22	0.1126	99.974	劉琦(11)/琦々(6)/隆琦(2)/士琦(1)/琦埆(1)/琦鉉(1)
4453	瓏	22	0.1126	99.974	玲瓏(21)/瓏々(1)
4454	笮	22	0.1126	99.974	笮融(22)
4455	箙	22	0.1126	99.974	箙(22)
4456	蕊	22	0.1126	99.974	蕊(11)/雄蕊(8)/桜蕊(1)/蕊柱(1)/雌蕊(1)
4457	薑	22	0.1126	99.974	篶薑(14)/乾薑(4)/生薑(4)
4458	衢	22	0.1126	99.974	八衢(10)/衢(6)/街衢(2)/衢室(2)/康衢(1)/衢州(1)
4459	豌	22	0.1126	99.974	豌豆(22)
4460	赧	22	0.1126	99.974	赧く(8)/赧らめ(6)/愧赧(3)/真赧(1)/赧(1)/赧め(1)/赧らむ(1)/赧らん(1)
4461	辦	22	0.1126	99.974	辦道(18)/買辦(2)/協辦(1)/辦(1)
4462	釐	22	0.1126	99.974	滑釐(6)/安釐(4)/釐金(4)/釐革(2)/怙釐(1)/毫釐(1)/釐公(1)/釐取(1)/釐附(1)/釐革セントスルカ(1)
4463	鏤	22	0.1126	99.974	鏤め(12)/鏤める(2)/鏤骨(2)/髑鏤(2)/鏤(1)/鏤刻(1)/鏤氷(1)/鑄鏤(1)
4464	鑷	22	0.1126	99.974	鑷子(22)
4465	閦	22	0.1126	99.974	阿閦(22)
4466	顯	22	0.1126	99.974	顯(8)/訓顯(7)/顯庭(3)/伸顯(1)/正顯(1)/良顯(1)/鎭顯(1)
4467	馮	22	0.1126	99.975	馮(20)/神馮り(1)/馮翊(1)
4468	鶉	22	0.1126	99.975	鶉(19)/山鶉(1)/鶉卵(1)/鶉橋(1)
4469	鶺	22	0.1126	99.975	鶺鴒(22)
4470	仗	21	0.1075	99.975	儀仗(19)/仗(1)/兵仗(1)
4471	伶	21	0.1075	99.975	伶人(11)/于伶(3)/朧伶(2)/伶二郎(1)/伶俐(1)/伶奏(1)/伶子(1)/伶菜(1)
4472	偸	21	0.1075	99.975	偸盗(7)/偸安(4)/偸み(3)/偸み見(2)/盗偸(2)/偸(1)/偸ん(1)/苟偸(1)
4473	僖	21	0.1075	99.975	僖宗(8)/僖康(8)/僖公(3)/僖(1)/僖一(1)
4474	劒	21	0.1075	99.975	劒(13)/快劒(2)/劒岳(1)/劒幕(1)/劒沢(1)/劒神(1)/小劒(1)/木劒(1)
4475	卅	21	0.1075	99.975	卅(21)
4476	呀	21	0.1075	99.975	呀峰(15)/呀(3)/呀ッ(1)/呀傴傴傴傴傴傴蚪(1)/呀裏(1)
4477	咒	21	0.1075	99.975	咒(12)/咒式(4)/咒い(2)/救咒(2)/咒わしい(1)
4478	喆	21	0.1075	99.975	喆鎬(9)/寛喆(5)/秉喆(3)/喆寿(2)/喆(1)/基喆(1)
4479	囂	21	0.1075	99.975	囂々(14)/囂しい(2)/囂囂(2)/囂(1)/囂しく(1)/囂然(1)
4480	媧	21	0.1075	99.975	女媧(21)
4481	恙	21	0.1075	99.975	恙なく(6)/恙虫(5)/恙無(3)/恙(2)/微恙(1)/恙き(1)/恙く(1)/恙し(1)/恙な(1)
4482	懦	21	0.1075	99.975	怯懦(17)/懦夫(2)/懦兵(1)/懦弱(1)
4483	懶	21	0.1075	99.975	懶惰(9)/懶(8)/懶い(3)/懶き(1)
4484	掉	21	0.1075	99.975	掉尾(10)/掉(8)/掉る(2)/掉り立て(1)
4485	沮	21	0.1075	99.975	沮喪(12)/沃沮(3)/沮(2)/沮上(1)/沮授(1)/沮止(1)/沮沢(1)
4486	洸	21	0.1075	99.975	洸(17)/東洸(2)/洸太(1)/虎洸(1)
4487	渟	21	0.1075	99.975	渟足(9)/渟代(5)/渟名(2)/天渟中原瀛真人(1)/渟中(1)/渟中倉太珠敷(1)/渟中原(1)/茅渟(1)
4488	疣	21	0.1075	99.975	疣(17)/汗疣(2)/はな疣(1)/疣贅(1)
4489	矣	21	0.1075	99.975	矣(9)/汝矣(7)/皇矣(1)/矣以(1)/矣吾(1)/矣故(1)/矣栗駄(1)
4490	祺	21	0.1075	99.975	祺瑞(9)/祺(5)/祺子(4)/命祺(2)/康祺(1)
4491	筝	21	0.1075	99.975	筝(12)/筝曲(9)
4492	緇	21	0.1075	99.975	緇繅(18)/緇(1)/緇滓(1)/緇衣(1)
4493	緖	21	0.1075	99.975	一緖(12)/情緖(6)/端緖(2)/緖絶(1)
4494	縹	21	0.1075	99.975	縹(7)/縹色(6)/縹渺(4)/うす縹(1)/浅縹(1)/縹緲(1)/縹緻(1)
4495	繇	21	0.1075	99.976	劉繇(9)/鍾繇(9)/僧繇(2)/繇議(1)
4496	覿	21	0.1075	99.976	覿面(20)/覿(1)
4497	賍	21	0.1075	99.976	賍物(21)
4498	雎	21	0.1075	99.976	范雎(13)/関雎(6)/雎鳩(2)
4499	饐	21	0.1075	99.976	饐え(21)
4500	駭	21	0.1075	99.976	震駭(6)/駭い(4)/駭き(3)/駭(2)/駭かさ(2)/惇駭不測(1)/駭かし(1)/駭く(1)/駭博(1)
4501	驪	21	0.1075	99.976	驪山(15)/驪竜(3)/驪姫(2)/驪龍(1)
4502	黑	21	0.1075	99.976	黑(8)/黑き(3)/黑く(3)/黑木(3)/漆黑(2)/暗黑(1)/黑い(1)
4503	侏	20	0.1024	99.976	侏儒(20)
4504	冉	20	0.1024	99.976	冉(8)/伊弉冉(4)/冉求(4)/伊奘冉(2)/范冉(2)
4505	呶	20	0.1024	99.976	呶鳴っ(7)/呶鳴り(7)/呶号(3)/呶鳴りつけ(2)/呶鳴る(1)
4506	囓	20	0.1024	99.976	囓っ(10)/囓り(4)/囓ら(3)/囓る(2)/囓り取ら(1)
4507	尨	20	0.1024	99.976	尨大(17)/尨毛(1)/尨然(1)/尨犬(1)
4508	廛	20	0.1024	99.976	廛来(18)/廛(2)
4509	徵	20	0.1024	99.976	象徵(18)/徵(2)
4510	恚	20	0.1024	99.976	瞋恚(16)/慙恚(3)/恚(1)
4511	掖	20	0.1024	99.976	張掖(9)/掖上(2)/掖邪狗(2)/掖門(2)/誘掖(2)/掖斉(1)/掖済(1)/禁掖(1)
4512	斌	20	0.1024	99.976	相斌(8)/斌(3)/斌雄(2)/袁斌(2)/元斌(1)/斌会(1)/斌月(1)/斌氏(1)/繆斌(1)
4513	暝	20	0.1024	99.976	暝想(16)/暝目(3)/暝眩(1)
4514	柯	20	0.1024	99.976	柯(8)/柯引(2)/槐柯(2)/爛柯(2)/勒柯(1)/南柯(1)/古柯(1)/干麻柯比(1)/柯公(1)/麻柯(1)
4515	椽	20	0.1024	99.976	椽(18)/椽大(2)
4516	氓	20	0.1024	99.976	流氓(15)/蒼氓(3)/氓(2)
4517	涜	20	0.1024	99.976	冒涜(18)/涜(1)/涜神(1)
4518	渝	20	0.1024	99.976	渝民(8)/渝(7)/渝ら(3)/渝る(2)
4519	珞	20	0.1024	99.976	瓔珞(20)
4520	瓔	20	0.1024	99.976	瓔珞(20)
4521	甄	20	0.1024	99.976	甄萱(19)/甄(1)
4522	痂	20	0.1024	99.976	痂皮(14)/痂(3)/痂疹(3)
4523	瞿	20	0.1024	99.976	瞿(14)/瞿塘(2)/瞿曇(2)/瞿麦(2)
4524	矍	20	0.1024	99.977	矍鑠(18)/矍(1)/矍爍(1)
4525	稈	20	0.1024	99.977	稈(10)/主稈(4)/麦稈(3)/豆稈(2)/強短稈(1)
4526	蜆	20	0.1024	99.977	蜆(16)/蜆とり(1)/蜆川(1)/蜆汁(1)/蜆貝(1)
4527	謠	20	0.1024	99.977	謠子(10)/謠(9)/歌謠(1)
4528	讜	20	0.1024	99.977	辛讜(16)/讜讜(4)
4529	豁	20	0.1024	99.977	豁然(8)/豁達(6)/洞豁(2)/豁(1)/豁如(1)/豁斎(1)/開豁(1)
4530	邈	20	0.1024	99.977	張邈(13)/思邈(5)/程邈(1)/邈(1)
4531	醉	20	0.1024	99.977	醉(7)/醉ひ(4)/醉木(3)/醉茗(3)/醉つ(1)/醉は(1)/醉醒(1)
4532	醫	20	0.1024	99.977	醫(5)/醫師(4)/玄醫(2)/醫學(2)/醫院(2)/醫之(1)/醫事(1)/醫学(1)/醫心(1)/醫者(1)
4533	醴	20	0.1024	99.977	九成宮醴泉銘(12)/醴(4)/醴泉(3)/甘醴(1)
4534	鞏	20	0.1024	99.977	鞏固(14)/保鞏(2)/鞏俐(2)/鞏県(2)
4535	佞	19	0.0973	99.977	佞臣(10)/奸佞(4)/不佞(1)/佞僧(1)/佞妻(1)/佞武(1)/讒佞(1)
4536	兢	19	0.0973	99.977	兢々(8)/呉兢(7)/兢兢(4)
4537	孰	19	0.0973	99.977	孰れ(10)/孰(6)/孰レ(3)
4538	專	19	0.0973	99.977	專門(9)/專念(3)/專(1)/專心(1)/專恣(1)/專攻(1)/專斷(1)/專用(1)/專行(1)
4539	幷	19	0.0973	99.977	幷(17)/幷せ(1)/幷べ(1)
4540	弴	19	0.0973	99.977	弴(19)
4541	怺	19	0.0973	99.977	怺え(12)/怺へ(4)/怺える(3)
4542	扨	19	0.0973	99.977	扨(19)
4543	擽	19	0.0973	99.977	擽ら(6)/擽っ(4)/擽る(4)/擽った(2)/擽ぐる(1)/擽ったい(1)/擽ったかっ(1)
4544	昊	19	0.0973	99.977	昊(7)/承昊(6)/昊天(5)/聖昊(1)
4545	枉	19	0.0973	99.977	枉(6)/枉げ(5)/枉げて(2)/枉ぐ(1)/枉げよう(1)/枉げる(1)/枉尺(1)/枉解(1)/而枉(1)
4546	泗	19	0.0973	99.977	泗川(6)/泗水(4)/泗楽(3)/泗県(2)/泗〓(1)/泗沘(1)/泗泚(1)/泗流(1)
4547	猯	19	0.0973	99.977	猯穴(17)/猯(2)
4548	疝	19	0.0973	99.977	疝痛(11)/疝気(8)
4549	碾	19	0.0973	99.977	碾き(6)/碾きたて(4)/碾(2)/碾く(2)/碾茶(2)/碾い(1)/碾き割り(1)/碾臼(1)
4550	穐	19	0.0973	99.977	穐山(7)/穐楽(6)/穐(3)/穐月(2)/穐吉(1)
4551	箆	19	0.0973	99.977	箆(8)/竹箆(4)/箆棒(4)/沓箆(2)/木箆(1)
4552	簧	19	0.0973	99.977	寒簧(19)
4553	腦	19	0.0973	99.977	長腦(17)/腦(1)/頭腦(1)
4554	莟	19	0.0973	99.977	莟(15)/蕾莟(3)/莟み(1)
4555	蓆	19	0.0973	99.978	蓆(14)/掛蓆(3)/垂れ蓆(1)/濡れ蓆(1)
4556	薹	19	0.0973	99.978	蕗の薹(12)/薹(7)
4557	訌	19	0.0973	99.978	内訌(19)
4558	讚	19	0.0973	99.978	讚(5)/讚歌(4)/讚美(3)/礼讚(2)/讚え(2)/讚える(2)/絶讚(1)
4559	鋹	19	0.0973	99.978	鋹子(19)
4560	鐚	19	0.0973	99.978	鐚(10)/鐚銭(9)
4561	鑠	19	0.0973	99.978	矍鑠(18)/鑠(1)
4562	閙	19	0.0973	99.978	閙(9)/武閙(5)/文閙(4)/雑閙(1)
4563	隍	19	0.0973	99.978	城隍(17)/城隍〓(1)/隍(1)
4564	顬	19	0.0973	99.978	顳顬(18)/顬(1)
4565	鬣	19	0.0973	99.978	鬣(19)
4566	鵄	19	0.0973	99.978	金鵄(10)/霊鵄(4)/鵄(4)/光鵄(1)
4567	鷄	19	0.0973	99.978	宝鷄(10)/鷄(6)/闘鷄(1)/鷄尾(1)/鷄頭(1)
4568	類	19	0.0973	99.978	類(13)/分類(2)/無類(1)/類し(1)/類少(1)/類推(1)
4569	伋	18	0.0922	99.978	呂伋(18)
4570	劻	18	0.0922	99.978	奕劻(18)
4571	卽	18	0.0922	99.978	卽ち(15)/卽し(2)/卽(1)
4572	啐	18	0.0922	99.978	啐啄(14)/啐(4)
4573	啻	18	0.0922	99.978	啻(18)
4574	垓	18	0.0922	99.978	垓(12)/垓下(6)
4575	奚	18	0.0922	99.978	奚仲(4)/殿奚(3)/伴奚(2)/夷呑奚(2)/奚ぞ(2)/奚愛(1)/奚斉(1)/奚業(1)/意奚(1)/袁奚(1)
4576	嫺	18	0.0922	99.978	嫺嫺(18)
4577	岨	18	0.0922	99.978	嶮岨(6)/岨山(5)/岨谷(3)/岨(2)/山岨(1)/岨道(1)
4578	幄	18	0.0922	99.978	帷幄(12)/幄舎(6)
4579	彧	18	0.0922	99.978	荀彧(16)/崔彧(1)/彧(1)
4580	懋	18	0.0922	99.978	懋功(15)/懋勝(1)/懋徳(1)/懋莊(1)
4581	搖	18	0.0922	99.978	搖(6)/搖れ(3)/搖動(3)/搖籃(3)/搖れる(2)/搖期(1)
4582	椛	18	0.0922	99.978	椛(9)/椛島(5)/いろは椛(1)/椛嶋(1)/椛田(1)/笑椛(1)
4583	樒	18	0.0922	99.978	樒(16)/樒原(2)
4584	涓	18	0.0922	99.978	龐涓(13)/涓滴(3)/涓三(1)/涓切(1)
4585	湮	18	0.0922	99.978	湮滅(17)/湮(1)
4586	滉	18	0.0922	99.978	滉一(11)/滉(7)
4587	琛	18	0.0922	99.979	宝琛(7)/其琛(6)/名琛(2)/廷琛(2)/家琛(1)
4588	痾	18	0.0922	99.979	宿痾(15)/養痾(2)/沈痾(1)
4589	瘧	18	0.0922	99.979	瘧(15)/瘧り(2)/瘧病(1)
4590	皖	18	0.0922	99.979	皖(13)/皖南(3)/皖一(1)/閩浙贛皖(1)
4591	眦	18	0.0922	99.979	眦(17)/目眦(1)
4592	稷	18	0.0922	99.979	社稷(11)/稷(5)/容稷(1)/稷丘子(1)
4593	綯	18	0.0922	99.979	綯っ(5)/綯い(3)/綯い交ぜ(3)/綯(1)/綯い合せ(1)/綯い混ぜ(1)/綯う(1)/綯え(1)/綯ひ(1)/綯ふ(1)
4594	繅	18	0.0922	99.979	緇繅(18)
4595	羆	18	0.0922	99.979	羆(16)/羆皮(1)/羆落し(1)
4596	胛	18	0.0922	99.979	肩胛(18)
4597	艤	18	0.0922	99.979	艤装(18)
4598	蘿	18	0.0922	99.979	蘿蔔(15)/蘿葡(2)/蘿(1)
4599	跎	18	0.0922	99.979	蹉跎(17)/跎(1)
4600	轅	18	0.0922	99.979	轅門(10)/轅(7)/軒轅(1)
4601	辯	18	0.0922	99.979	辯護(8)/辯(2)/辯会(1)/辯法(1)/辯義(1)/辯舌(1)/辯解セシニ(1)/辯論(1)/辯證(1)/辯釈(1)
4602	邵	18	0.0922	99.979	邵武(12)/邵(6)
4603	錄	18	0.0922	99.979	抄錄(4)/漫錄(4)/記錄(4)/錄(3)/採錄(2)/實錄(1)
4604	閔	18	0.0922	99.979	閔(10)/閔妃(8)
4605	隴	18	0.0922	99.979	隴西(7)/隴州(4)/隴(3)/隴人(2)/隴岡(2)
4606	鞣	18	0.0922	99.979	鞣し(5)/鞣し革(4)/鞣さ(3)/鞣製(2)/鞣革(2)/鞣し工(1)/鞣皮(1)
4607	顳	18	0.0922	99.979	顳顬(18)
4608	颪	18	0.0922	99.979	颪(14)/山颪(3)/深山颪(1)
4609	鴾	18	0.0922	99.979	鴾子(17)/鴾(1)
4610	鵺	18	0.0922	99.979	鵺(17)/鵺野(1)
4611	黃	18	0.0922	99.979	黃祖(5)/黃(3)/黃金(3)/黃巢(2)/黃昏(2)/黃文(1)/黃秋(1)/黃金截(1)
4612	默	18	0.0922	99.979	默(11)/默殺(2)/沈默(1)/聖多默(1)/默し(1)/默つ(1)/默示(1)
4613	黝	18	0.0922	99.979	黝(8)/黝く(4)/黝い(2)/黝ん(2)/黝かっ(1)/黝ずん(1)
4614	龔	18	0.0922	99.979	龔(16)/龔濤(1)/龔都(1)
4615	仿	17	0.0870	99.979	仿製(16)/仿(1)
4616	墻	17	0.0870	99.979	墻(5)/歩墻(4)/墻東(3)/墻盤(3)/堵墻(1)/墻壁(1)
4617	媾	17	0.0870	99.979	媾合(11)/媾曳(2)/媾(1)/媾ら(1)/媾合っ(1)/媾和(1)
4618	嵜	17	0.0870	99.979	尾嵜(6)/嵜(6)/嵜口(1)/嵜君(1)/嵜本(1)/嵜翔(1)/枡嵜(1)
4619	愼	17	0.0870	99.979	愼一(5)/愼(2)/愼む(2)/愼士(2)/愼重(2)/愼三郎(1)/愼吾(1)/愼平(1)/粛愼(1)
4620	捍	17	0.0870	99.980	対捍(7)/鎮捍(5)/拒捍(2)/捍(1)/捍禦(1)/防捍(1)
4621	昱	17	0.0870	99.980	昱(6)/程昱(3)/其昱(2)/昱嶺(2)/趙昱(2)/昱夫(1)/焜昱(1)
4622	棡	17	0.0870	99.980	棡原(17)
4623	椚	17	0.0870	99.980	椚(16)/椚田(1)
4624	楫	17	0.0870	99.980	楫(8)/楫取(7)/楫子(2)
4625	橄	17	0.0870	99.980	橄欖(17)
4626	橛	17	0.0870	99.980	牛橛造像記(12)/橛(2)/牛橛(1)/釘橛(1)/鉄橛(1)
4627	橫	17	0.0870	99.980	橫町(7)/橫(5)/橫はつ(1)/橫丁(1)/橫合(1)/橫溢(1)/橫濱(1)
4628	欖	17	0.0870	99.980	橄欖(17)
4629	毓	17	0.0870	99.980	毓武(8)/毓慶(3)/毓棠(2)/毓昌(1)/毓江(1)/毓英(1)/毓賢(1)
4630	沒	17	0.0870	99.980	沒(11)/沒し(3)/沒する(1)/沒落(1)/溺沒(1)
4631	滎	17	0.0870	99.980	滎陽(17)
4632	澗	17	0.0870	99.980	澗(16)/絶澗(1)
4633	濹	17	0.0870	99.980	濹東(16)/濹上(1)
4634	瀛	17	0.0870	99.980	宗瀛(12)/瀛洲(3)/天渟中原瀛真人(1)/瀛津(1)
4635	燠	17	0.0870	99.980	燠(10)/燠火(7)
4636	爐	17	0.0870	99.980	爐(5)/香爐(5)/爐山(2)/圍爐(1)/煖爐(1)/爐燈(1)/爐路(1)/爐隠(1)
4637	犢	17	0.0870	99.980	犢橋(5)/犢鼻褌(3)/犢(2)/犢皮(2)/犢養(2)/犢橋町(1)/犢革(1)/犢鼻(1)
4638	瑯	17	0.0870	99.980	琺瑯(7)/瑯琊(6)/瑯(3)/瑯璫(1)
4639	瑳	17	0.0870	99.980	切瑳(5)/匝瑳(4)/瑳峨(3)/光瑳(2)/瑳(1)/瑳一(1)/真瑳郎(1)
4640	瞻	17	0.0870	99.980	瞻病(5)/瞻(2)/瞻視(2)/具瞻(1)/南瞻部(1)/子瞻(1)/瞻れ(1)/瞻奉(1)/瞻宗(1)/瞻部(1)/緒瞻(1)
4641	窈	17	0.0870	99.980	窈(12)/窈窕(5)
4642	粲	17	0.0870	99.980	粲(10)/荀粲(4)/王粲(3)
4643	糯	17	0.0870	99.980	糯米(10)/糯(4)/糯粟(2)/糯粉(1)
4644	綛	17	0.0870	99.980	綛(10)/綛糸(7)
4645	綰	17	0.0870	99.980	盧綰(9)/王綰(3)/綰柳(3)/綰(2)
4646	繼	17	0.0870	99.980	繼(6)/繼續(5)/繼承(2)/受け繼い(1)/生き繼ぎ(1)/繼が(1)/繼體(1)
4647	羈	17	0.0870	99.980	不羈(11)/羈束(4)/羈寓(1)/羈縻(1)
4648	翆	17	0.0870	99.980	翆黛(14)/環翆(1)/翆泉(1)/翆蘭(1)
4649	蔔	17	0.0870	99.980	蘿蔔(15)/羅蔔(2)
4650	蘂	17	0.0870	99.980	蘂(11)/留辺蘂(3)/玉蘂(1)/瑠辺蘂(1)/雄蘂(1)
4651	蚓	17	0.0870	99.980	蚯蚓(15)/糸蚯蚓(1)/蚓螻(1)
4652	蚪	17	0.0870	99.980	蝌蚪(14)/蚪(2)/呀傴傴傴傴傴傴蚪(1)
4653	蜚	17	0.0870	99.980	蜚語(15)/蜚(2)
4654	襠	17	0.0870	99.980	裲襠(11)/襠(5)/襠裲(1)
4655	觸	17	0.0870	99.981	觸(9)/觸頭(4)/觸れ(3)/觸下(1)
4656	跣	17	0.0870	99.981	跣足(9)/徒跣(4)/跣(4)
4657	跼	17	0.0870	99.981	跼み(6)/跼め(4)/跼ま(2)/跼む(2)/跼ん(2)/跼り(1)
4658	躪	17	0.0870	99.981	蹂躪(14)/踏躪つ(1)/躪(1)/躪り寄っ(1)
4659	鄯	17	0.0870	99.981	鄯善(11)/鄯(5)/鄯新(1)
4660	醋	17	0.0870	99.981	醋(9)/香醋(4)/醋酸(2)/浙醋(1)/紅醋(1)
4661	醵	17	0.0870	99.981	醵金(10)/醵出(7)
4662	鈑	17	0.0870	99.981	鋼鈑(9)/鈑金(8)
4663	靈	17	0.0870	99.981	靈(7)/和靈(5)/和靈津島(1)/孝靈(1)/崛靈〓載(1)/心靈(1)/生靈(1)
4664	鹽	17	0.0870	99.981	鹽(10)/鹽竈(3)/小鹽(1)/鹽壺(1)/鹽屋(1)/鹽町(1)
4665	麥	17	0.0870	99.981	麥(8)/麥酒(2)/甘麥(1)/穗麥(1)/麥器(1)/麥尊(1)/麥盉(1)/麥色(1)/麥金(1)
4666	黌	17	0.0870	99.981	黌(15)/済済黌(1)/琳黌(1)
4667	黨	17	0.0870	99.981	黨(16)/惡黨(1)
4668	突	17	0.0870	99.981	突然(9)/突(6)/突然聽衆(1)/突發(1)
4669	視	17	0.0870	99.981	視(7)/友視(5)/視下(1)/視廳(1)/視線(1)/視聽(1)/視野(1)
4670	匯	16	0.0819	99.981	文匯(6)/匯点(4)/徐家匯(4)/匯中(1)/匯編(1)
4671	咏	16	0.0819	99.981	咏(3)/咏っ(3)/咏い(2)/咏史(2)/咏梅(2)/咏ず(1)/咏わ(1)/咏草(1)/咏嘆(1)
4672	壼	16	0.0819	99.981	壼(8)/骨壼(4)/湯壼(3)/蜜壼(1)
4673	嫋	16	0.0819	99.981	嫋々(8)/嫋嫋(4)/嫋(2)/嫋やか(2)
4674	寢	16	0.0819	99.981	寢(6)/寢臺(4)/寢る(1)/寢入(1)/寢卷(1)/寢床(1)/寢間(1)/轉寢(1)
4675	巓	16	0.0819	99.981	山巓(10)/巓(4)/絶巓(2)
4676	弋	16	0.0819	99.981	遊弋(15)/弋壁(1)
4677	悳	16	0.0819	99.981	忠悳(8)/悳(5)/充悳(1)/義悳(1)/近悳(1)
4678	懷	16	0.0819	99.981	懷(9)/懷慶(2)/懷智(2)/懷く(1)/懷譲(1)/臺懷(1)
4679	擒	16	0.0819	99.981	擒(12)/生擒(3)/擒われ(1)
4680	朮	16	0.0819	99.981	白朮(11)/朮(3)/兀朮(1)/朮附(1)
4681	杙	16	0.0819	99.981	杙(11)/妹活杙(1)/杙田(1)/棒杙(1)/苅杙(1)/角杙(1)
4682	枸	16	0.0819	99.981	枸杞(13)/枸櫞(2)/枸(1)
4683	柝	16	0.0819	99.981	撃柝(9)/柝(7)
4684	梠	16	0.0819	99.981	棕梠(8)/興梠(8)
4685	榑	16	0.0819	99.981	石榑(8)/榑(3)/榑櫨(2)/榑井(1)/榑正(1)/榑谷(1)
4686	檐	16	0.0819	99.981	檐(5)/檐塔(4)/檐官(2)/檐式(2)/檐木(1)/檐端(1)/連檐(1)
4687	歟	16	0.0819	99.981	歟(15)/〜歟。(1)
4688	殪	16	0.0819	99.981	殪れ(6)/殪し(4)/殪さ(2)/殪す(2)/撃ち殪さ(1)/殪せ(1)
4689	沂	16	0.0819	99.981	沂水(7)/臨沂(3)/沂州(2)/沂(1)/沂南(1)/沂県(1)/鴨沂(1)
4690	涂	16	0.0819	99.981	涂(16)
4691	渺	16	0.0819	99.982	渺(6)/縹渺(4)/渺々(3)/渺茫(3)
4692	漾	16	0.0819	99.982	漾虚(11)/千漾(2)/漾(2)/漾っ(1)
4693	瀰	16	0.0819	99.982	瀰漫(11)/宇瀰(2)/瀰(1)/赴屠能瀰哆磨(1)/騰瀰都(1)
4694	爭	16	0.0819	99.982	戰爭(13)/爭(2)/爭は(1)
4695	獺	16	0.0819	99.982	獺(7)/獺祭(6)/川獺(3)
4696	琪	16	0.0819	99.982	秦琪(5)/舒琪(5)/善琪(2)/敏琪(2)/李琪(1)/琪(1)
4697	痞	16	0.0819	99.982	痞子(7)/下痞(3)/痞(2)/痞え(2)/痞根(2)
4698	皙	16	0.0819	99.982	白皙(15)/皙暎(1)
4699	盞	16	0.0819	99.982	素盞嗚(4)/金盞(4)/盞(3)/一盞(2)/建盞(2)/酒盞(1)
4700	礪	16	0.0819	99.982	礪波(8)/砥礪(2)/礪(2)/東礪波(1)/磨礪(1)/礪峴(1)/西礪波(1)
4701	筮	16	0.0819	99.982	筮竹(7)/卜筮(3)/筮(2)/筮卦(2)/占筮(1)/筮仕(1)
4702	篶	16	0.0819	99.982	篶薑(14)/み篶(2)
4703	簑	16	0.0819	99.982	簑島(3)/簑原(2)/簑笠(2)/簑笥(2)/猿簑(1)/簑(1)/簑刻(1)/簑助(1)/簑庵(1)/簑虫(1)/隠れ簑(1)
4704	粁	16	0.0819	99.982	粁(16)
4705	臾	16	0.0819	99.982	須臾(13)/臾(3)
4706	艙	16	0.0819	99.982	船艙(9)/艙房(7)
4707	艾	16	0.0819	99.982	艾(12)/訒艾(2)/熟艾(1)/艾葉(1)
4708	茱	16	0.0819	99.982	茱萸(10)/茱(5)/茱崎(1)
4709	蘋	16	0.0819	99.982	蘋果(4)/采蘋(4)/南蘋(2)/白蘋(2)/藍蘋(2)/蘋(2)
4710	蚯	16	0.0819	99.982	蚯蚓(15)/糸蚯蚓(1)
4711	蟾	16	0.0819	99.982	蟾蜍(10)/蟾(4)/水蟾(2)
4712	誣	16	0.0819	99.982	誣告(10)/誣者(2)/讒誣(2)/誣奏(1)/誣言(1)
4713	謖	16	0.0819	99.982	馬謖(15)/謖(1)
4714	賴	16	0.0819	99.982	賴(8)/賴春(4)/依賴(1)/賴き(1)/賴ま(1)/賴永(1)
4715	贓	16	0.0819	99.982	贓品(7)/贓物(7)/贓(1)/贓罪(1)
4716	贛	16	0.0819	99.982	贛西南(6)/湘贛(2)/贛州(2)/贛東(2)/湘鄂贛(1)/贛江(1)/閩浙贛皖(1)/閩贛(1)
4717	跌	16	0.0819	99.982	蹉跌(12)/跌(2)/跌坐(2)
4718	踝	16	0.0819	99.982	踝(15)/踝丈(1)
4719	辮	16	0.0819	99.982	辮髪(11)/妹大斗乃辨辮(1)/辮(1)/辮二(1)/辮別(1)/辮解(1)
4720	頴	16	0.0819	99.982	頴(4)/頴原(2)/頴川(2)/頴一(1)/頴佑(1)/頴太郎(1)/頴娃(1)/頴悟(1)/頴氏(1)/頴花(1)/頴達(1)
4721	飩	16	0.0819	99.982	饂飩(14)/飩(2)
4722	驥	16	0.0819	99.982	驥尾(7)/老驥(3)/驥(3)/子驥(1)/驥一(1)/驥足(1)
4723	骰	16	0.0819	99.982	骰子(14)/骰(2)
4724	鬪	16	0.0819	99.982	鬪(7)/戦鬪(4)/鬪ひ(3)/鬪牛(1)/鬪茶(1)
4725	鰈	16	0.0819	99.982	鰈(15)/真子鰈(1)
4726	个	15	0.0768	99.982	个月(7)/个簃(3)/个(2)/个〓(1)/个裂〓(1)/从〓个洞(1)
4727	僉	15	0.0768	99.982	僉議(7)/白僉(4)/傅僉(2)/僉事(1)/宗僉(1)
4728	咩	15	0.0768	99.983	比咩(11)/伊夜比咩(3)/神杉伊豆牟比咩(1)
4729	塼	15	0.0768	99.983	塼(11)/塼墓(2)/塼文(2)
4730	悋	15	0.0768	99.983	悋気(11)/悋嗇(2)/悋(1)/悋ん坊(1)
4731	惻	15	0.0768	99.983	惻隠(8)/惻々(4)/惻惻(2)/惻(1)
4732	捥	15	0.0768	99.983	捥が(4)/捥い(3)/捥ぎ取ら(2)/捥げ(2)/ふり捥い(1)/捥ぎ(1)/捥ぎとる(1)/捥ぎ取っ(1)
4733	暠	15	0.0768	99.983	周暠(8)/孫暠(7)
4734	枳	15	0.0768	99.983	枳実(9)/枳殻(4)/枳殼(1)/荼枳尼(1)
4735	樸	15	0.0768	99.983	樸(13)/素樸(1)/質樸(1)
4736	歙	15	0.0768	99.983	歙州(12)/歙汽(2)/歙(1)
4737	潞	15	0.0768	99.983	潞州(5)/潞安(4)/潞水(3)/潞県(3)
4738	玳	15	0.0768	99.983	玳瑁(14)/玳画(1)
4739	瑩	15	0.0768	99.983	瑩山(7)/瑩(3)/松瑩(2)/沈瑩(1)/瑩子(1)/瑩潤(1)
4740	璉	15	0.0768	99.983	琥璉(10)/敬璉(4)/璉光(1)
4741	甌	15	0.0768	99.983	金甌(8)/甌穴(3)/建甌(2)/水甌(1)/甌(1)
4742	畯	15	0.0768	99.983	田畯(15)
4743	疊	15	0.0768	99.983	疊(15)
4744	磲	15	0.0768	99.983	磲(12)/硨磲(2)/磲剛(1)
4745	絮	15	0.0768	99.983	絮(10)/柳絮(3)/絮言(1)/絮説(1)
4746	莅	15	0.0768	99.983	莅戸(13)/莅(2)
4747	覬	15	0.0768	99.983	侯覬(12)/覬覦(3)
4748	譏	15	0.0768	99.983	譏り(5)/譏る(5)/譏(2)/譏れ(2)/譏ら(1)
4749	踉	15	0.0768	99.983	蹌踉(11)/蹌踉け(2)/跳踉(1)/蹌踉めく(1)
4750	蹌	15	0.0768	99.983	蹌踉(11)/蹌踉け(2)/蹌(1)/蹌踉めく(1)
4751	輓	15	0.0768	99.983	輓近(4)/輓か(3)/推輓(2)/輓い(1)/輓具(1)/輓曳(1)/輓獣(1)/輓詞(1)/輓馬(1)
4752	辧	15	0.0768	99.983	智辧(5)/辧(3)/辧道(3)/辧公(1)/辧南(1)/辧大(1)/辧法(1)
4753	辶	15	0.0768	99.983	辶(15)
4754	遑	15	0.0768	99.983	遑(14)/遑しゅう(1)
4755	邃	15	0.0768	99.983	道邃(6)/幽邃(3)/窮邃(2)/邃(1)/邃く(1)/邃し(1)/邃暾(1)
4756	邶	15	0.0768	99.983	邶(14)/邶風(1)
4757	酈	15	0.0768	99.983	酈(13)/酈道(2)
4758	釻	15	0.0768	99.983	釻(11)/釻ェ釻(2)/ｌｌ釻皿釻ｌｌ(2)
4759	闌	15	0.0768	99.983	闌け(7)/火闌降(3)/闌(2)/闌けれ(1)/闌干(1)/阿闌(1)
4760	靺	15	0.0768	99.983	靺鞨(15)
4761	鞨	15	0.0768	99.983	靺鞨(15)
4762	饂	15	0.0768	99.983	饂飩(14)/饂(1)
4763	鰲	15	0.0768	99.983	占鰲(8)/鰲(7)
4764	鵲	15	0.0768	99.983	鵲(10)/扁鵲(3)/玉鵲(2)
4765	漢	15	0.0768	99.983	漢字(3)/漢籍(3)/漢(2)/漢人(1)/漢史(1)/漢和(1)/漢學(1)/漢文(1)/漢書(1)/漢魏(1)
4766	佼	14	0.0717	99.983	佼成(12)/佼(2)
4767	倪	14	0.0717	99.983	端倪(9)/倪(5)
4768	僂	14	0.0717	99.984	傴僂(7)/佝僂(6)/僂麻(1)
4769	叮	14	0.0717	99.984	叮嚀(11)/叮責(2)/叮寧(1)
4770	哇	14	0.0717	99.984	哇(5)/爪哇(5)/哇国(1)/哇巴〓(1)/哇流(1)/布哇(1)
4771	姆	14	0.0717	99.984	河姆渡(7)/保姆(4)/天姆(2)/姆(1)
4772	娟	14	0.0717	99.984	娟(10)/嬋娟(2)/お娟(1)/娟雅(1)
4773	婬	14	0.0717	99.984	婬(8)/邪婬(5)/婬欲(1)
4774	崛	14	0.0717	99.984	崛起(5)/耆闍崛(4)/崛靈〓載(1)/崛須(1)/笙崛(1)/闍那崛多(1)/霊崛(1)
4775	戩	14	0.0717	99.984	楊戩(14)
4776	拂	14	0.0717	99.984	拂(3)/拂つ(3)/拂下(2)/拂下げ(2)/引拂ふ(1)/拂う(1)/拂下ぐ(1)/支拂(1)
4777	挂	14	0.0717	99.984	挂(6)/挂甲(6)/挂け(1)/挂冠(1)
4778	擅	14	0.0717	99.984	擅(7)/独擅(4)/擅恣(2)/擅斷(1)
4779	晢	14	0.0717	99.984	晢(7)/白晢(6)/明晢(1)
4780	曩	14	0.0717	99.984	曩(11)/曩祖(2)/曩き(1)
4781	桒	14	0.0717	99.984	桒原(13)/桒田(1)
4782	榧	14	0.0717	99.984	榧(11)/榧木(2)/榧子(1)
4783	歡	14	0.0717	99.984	歡(3)/歡喜(3)/歡樂(3)/合歡(1)/歡哀(1)/歡庵(1)/歡會(1)/聯歡(1)
4784	沱	14	0.0717	99.984	滂沱(14)
4785	涕	14	0.0717	99.984	涕(7)/涕泣(5)/流涕(2)
4786	滂	14	0.0717	99.984	滂沱(14)
4787	狒	14	0.0717	99.984	狒々(10)/狒(4)
4788	玘	14	0.0717	99.984	彭玘(14)
4789	璈	14	0.0717	99.984	嘉璈(14)
4790	穗	14	0.0717	99.984	穗(8)/稲穗(3)/刈穗(1)/穗積(1)/穗麥(1)
4791	緣	14	0.0717	99.984	緣(10)/緣語(3)/緣談(1)
4792	脣	14	0.0717	99.984	脣(13)/下脣(1)
4793	莘	14	0.0717	99.984	阿莘(14)
4794	葆	14	0.0717	99.984	葆見(11)/葆光(2)/葆仁(1)
4795	藜	14	0.0717	99.984	青藜(8)/藜(4)/蒺藜(1)/藜莧(1)
4796	藥	14	0.0717	99.984	藥(12)/芍藥(1)/藥湯(1)
4797	蜒	14	0.0717	99.984	蜿蜒(7)/蜒々(6)/蚰蜒(1)
4798	蜩	14	0.0717	99.984	蜩(13)/茅蜩(1)
4799	蝌	14	0.0717	99.984	蝌蚪(14)
4800	褓	14	0.0717	99.984	襁褓(13)/褓(1)
4801	覲	14	0.0717	99.984	参覲(13)/覲(1)
4802	詡	14	0.0717	99.984	賈詡(13)/陳詡(1)
4803	贍	14	0.0717	99.984	贍部(14)
4804	錢	14	0.0717	99.984	錢(8)/錢湯(2)/小錢(1)/錢一窠(1)/錢別(1)/錢高(1)
4805	雒	14	0.0717	99.984	雒邑(8)/雒城(5)/雒田(1)
4806	饑	14	0.0717	99.984	饑饉(7)/饑餓(5)/饑(1)/饑く(1)
4807	駘	14	0.0717	99.984	駘蕩(14)
4808	驗	14	0.0717	99.984	經驗(7)/體驗(3)/實驗(2)/驗(2)
4809	髱	14	0.0717	99.984	髱(14)
4810	禎	14	0.0717	99.985	一禎(11)/禎(3)
4811	乂	13	0.0666	99.985	乂(11)/英乂(2)
4812	傴	13	0.0666	99.985	傴僂(7)/呀傴傴傴傴傴傴蚪(6)
4813	僣	13	0.0666	99.985	僣越(5)/僣称(2)/僣(1)/僣上(1)/僣主(1)/僣取(1)/僣奪(1)/僣窃(1)
4814	冦	13	0.0666	99.985	冦(5)/元冦(4)/侵冦(2)/冦賊(1)/浸冦(1)
4815	劭	13	0.0666	99.985	許劭(10)/劭(2)/劭注(1)
4816	厲	13	0.0666	99.985	厲王(5)/厲家(2)/幽厲(2)/厲(1)/厲しく(1)/厲公(1)/厲鬼(1)
4817	噸	13	0.0666	99.985	噸(13)
4818	埔	13	0.0666	99.985	黄埔(11)/柬埔寨(1)/牛埔(1)
4819	塌	13	0.0666	99.985	塌菜(12)/塌(1)
4820	妍	13	0.0666	99.985	妍(9)/妍醜(2)/嬋妍(2)
4821	姣	13	0.0666	99.985	姣(7)/姣麗(2)/姣好(1)/姣服(1)/姣潔(1)/姣童(1)
4822	嫦	13	0.0666	99.985	嫦娥(12)/嫦(1)
4823	岷	13	0.0666	99.985	岷江(8)/岷山(5)
4824	巍	13	0.0666	99.985	巍(10)/宅巍(1)/巍々(1)/巍然(1)
4825	廈	13	0.0666	99.985	大廈(9)/廈門(3)/廈(1)
4826	弉	13	0.0666	99.985	伊弉諾(6)/伊弉冉(4)/伊弉冊(3)
4827	彳	13	0.0666	99.985	彳(5)/彳っ(3)/彳ち(2)/彳て(2)/彳た(1)
4828	恁	13	0.0666	99.985	恁麼(5)/恁う(4)/デアツタカラ恁度(1)/恁く(1)/恁て(1)/恁麾(1)
4829	攷	13	0.0666	99.985	攷(10)/論攷(3)
4830	斛	13	0.0666	99.985	斛(7)/万斛(3)/石斛(3)
4831	暎	13	0.0666	99.985	暎子(4)/暎一(3)/晋暎(1)/暎二(1)/暎編(1)/暎詞(1)/暎郎(1)/皙暎(1)
4832	曄	13	0.0666	99.985	曄(3)/范曄(3)/元曄(1)/劉曄(1)/曄煜き(1)/笵曄(1)/萢曄(1)/趙曄(1)/韓曄(1)
4833	曈	13	0.0666	99.985	〓曈(13)
4834	楨	13	0.0666	99.985	楨(5)/為楨(5)/国楨(2)/楨幹(1)
4835	槓	13	0.0666	99.985	槓杆(10)/槓桿(3)
4836	氐	13	0.0666	99.985	氐(11)/阿氐河(2)
4837	汾	13	0.0666	99.985	汾陽(6)/汾酒(4)/臨汾(2)/汾水(1)
4838	沅	13	0.0666	99.985	畢沅(9)/沅江(4)
4839	珎	13	0.0666	99.985	開珎(8)/珎嚭(2)/珎(1)/珎智(1)/珎物(1)
4840	痼	13	0.0666	99.985	痼(5)/痼り(4)/痼っ(2)/痼る(1)/痼疾(1)
4841	瞶	13	0.0666	99.985	瞶め(11)/瞶(1)/瞶める(1)
4842	砌	13	0.0666	99.985	砌(12)/宗砌(1)
4843	穵	13	0.0666	99.985	格朗穵(13)
4844	竭	13	0.0666	99.985	竭(10)/摩竭(3)
4845	簷	13	0.0666	99.985	簷(12)/簷下(1)
4846	罘	13	0.0666	99.985	芝罘(10)/之罘(2)/罘(1)
4847	羮	13	0.0666	99.985	羊羮(8)/羮(4)/羮等(1)
4848	聶	13	0.0666	99.985	聶(10)/聶耳(3)
4849	膽	13	0.0666	99.985	膽(5)/膽奇拔(2)/膽振(2)/竜膽(1)/膽駒(1)/膽鹿嶋(1)/海膽(1)
4850	艪	13	0.0666	99.985	艪(13)
4851	苹	13	0.0666	99.985	苹果(13)
4852	萠	13	0.0666	99.985	萠(6)/萠子(4)/萠ゆる(2)/留萠(1)
4853	蓴	13	0.0666	99.985	蓴菜(7)/海蓴(4)/石蓴(2)
4854	蔟	13	0.0666	99.985	上蔟(7)/蔟(6)
4855	蛎	13	0.0666	99.985	牡蛎(6)/蛎殻町(5)/生牡蛎(1)/蛎穀(1)
4856	蟀	13	0.0666	99.986	蟋蟀(10)/蟀谷(3)
4857	襁	13	0.0666	99.986	襁褓(13)
4858	豐	13	0.0666	99.986	豐(10)/豐か(1)/豐光(1)/豐滿(1)
4859	貳	13	0.0666	99.986	貳(13)
4860	跟	13	0.0666	99.986	跟い(9)/跟け(2)/跟(1)/跟ける(1)
4861	蹈	13	0.0666	99.986	蹈(5)/蹈和(2)/高蹈(2)/蹈い(1)/蹈ま(1)/蹈む(1)/蹈襲(1)
4862	銹	13	0.0666	99.986	銹(5)/銹び(5)/不銹(1)/赤銹(1)/銹ぶ(1)
4863	鎛	13	0.0666	99.986	鎛(13)
4864	鏖	13	0.0666	99.986	鏖殺(12)/鏖(1)
4865	鏨	13	0.0666	99.986	鏨(13)
4866	鐡	13	0.0666	99.986	鐡(7)/新日鐡(3)/製鐡(1)/鐡之助(1)/鐡線(1)
4867	閭	13	0.0666	99.986	閭(7)/闔閭(5)/閭巷(1)
4868	閼	13	0.0666	99.986	閼伽(8)/閼伽井(3)/閼智(1)/閼英(1)
4869	雞	13	0.0666	99.986	雞(4)/木雞(2)/闘雞(1)/阿輩雞弥(1)/阿輩雞彌(1)/雞冠(1)/雞合(1)/雞序(1)/雞彌(1)
4870	靫	13	0.0666	99.986	靫彦(8)/靫負(5)
4871	騷	13	0.0666	99.986	騷音(8)/騷(5)
4872	驛	13	0.0666	99.986	驛(12)/舍驛(1)
4873	鰆	13	0.0666	99.986	鰆(13)
4874	鴬	13	0.0666	99.986	鴬(8)/鴬谷(3)/山鴬(1)/鴬色(1)
4875	麭	13	0.0666	99.986	麭(8)/麵麭(3)/麪麭(1)/麭屋(1)
4876	敏	13	0.0666	99.986	敏(5)/敏先(2)/敏感(2)/敏馬(2)/敏明(1)/敏郞(1)
4877	㓛	12	0.0614	99.986	㓛子(7)/㓛(3)/㓛会(1)/㓛氏(1)
4878	亝	12	0.0614	99.986	亝(12)
4879	儿	12	0.0614	99.986	儿(7)/〓儿童(1)/ャ儿(1)/儿〓(1)/儿不(1)/這儿(1)
4880	勞	12	0.0614	99.986	勞(6)/苦勞(6)
4881	勳	12	0.0614	99.986	勳章(7)/勳者(2)/張勳(2)/勳四(1)
4882	哩	12	0.0614	99.986	哩(12)
4883	塒	12	0.0614	99.986	塒(12)
4884	墺	12	0.0614	99.986	墺(9)/独墺(3)
4885	壤	12	0.0614	99.986	壤(9)/壤中(1)/壤歌(1)/天壤(1)
4886	奶	12	0.0614	99.986	奶(11)/馬奶子(1)
4887	娜	12	0.0614	99.986	婀娜(5)/娜(4)/躱娜(1)/阿娜(1)/雅娜(1)
4888	嫩	12	0.0614	99.986	嫩江(5)/嫩(4)/嫩草(1)/嫩葉(1)/松嫩(1)
4889	峭	12	0.0614	99.986	峻峭(4)/峭刻(3)/峭壁(2)/奇峭(1)/峭(1)/譚峭(1)
4890	巢	12	0.0614	99.986	巢(8)/黃巢(2)/巢喰っ(1)/高御産巢日(1)
4891	帶	12	0.0614	99.986	帶(4)/一帶(2)/上帶(1)/地帶(1)/帶び(1)/帶地(1)/帶裏(1)/革帶(1)
4892	彝	12	0.0614	99.986	彝(6)/彝器(3)/迪彝(2)/彝民(1)
4893	悽	12	0.0614	99.986	悽愴(6)/悽惨(4)/悽惘(1)/悽絶(1)
4894	惱	12	0.0614	99.986	惱(3)/惱し(1)/惱ま(1)/惱まし(1)/惱ましい(1)/惱ましく(1)/惱みごと(1)/惱む(1)/懊惱(1)/病惱(1)
4895	愿	12	0.0614	99.986	愿(11)/俊愿(1)
4896	抔	12	0.0614	99.986	抔(12)
4897	摶	12	0.0614	99.986	摶つ(4)/陳摶(4)/摶ち(2)/摶て(1)/摶動(1)
4898	无	12	0.0614	99.986	无(9)/嗣无(1)/无し(1)/石无(1)
4899	旻	12	0.0614	99.986	僧旻(7)/旻(2)/董旻(2)/臧旻(1)
4900	晟	12	0.0614	99.986	晟(5)/光晟(4)/晟一(1)/晟佑(1)/長晟(1)
4901	椙	12	0.0614	99.986	椙山(9)/椙尾(1)/椙手(1)/椙生(1)
4902	楞	12	0.0614	99.986	楞伽(7)/楞厳(5)
4903	毳	12	0.0614	99.986	毳(6)/三毳(4)/毳立た(1)/毳立ち(1)
4904	淪	12	0.0614	99.987	沈淪(6)/淪落(4)/波淪(1)/隠淪(1)
4905	溟	12	0.0614	99.987	北溟(5)/溟い(5)/南溟(2)
4906	瀨	12	0.0614	99.987	泊瀨(4)/水無瀨(2)/小泊瀨稚鷦鷯(1)/瀨君(1)/瀨山(1)/瀨川(1)/瀨留(1)/石瀨(1)
4907	爼	12	0.0614	99.987	爼上(5)/爼(2)/爼板(2)/雑爼(2)/爼豆(1)
4908	牴	12	0.0614	99.987	牴触(11)/牴牾(1)
4909	瓣	12	0.0614	99.987	瓣(12)
4910	畚	12	0.0614	99.987	畚(12)
4911	癜	12	0.0614	99.987	癜(8)/癜風(3)/白癜(1)
4912	祅	12	0.0614	99.987	祅祠(5)/祅殺(3)/祅し(2)/祅教(2)
4913	窰	12	0.0614	99.987	窰洞(9)/馬家窰(3)
4914	箚	12	0.0614	99.987	駐箚(9)/箚記(3)
4915	粦	12	0.0614	99.987	粦(12)
4916	粽	12	0.0614	99.987	粽(12)
4917	綠	12	0.0614	99.987	綠(7)/綠雨(4)/黄綠(1)
4918	纔	12	0.0614	99.987	纔(7)/纔か(4)/你纔(1)
4919	罅	12	0.0614	99.987	罅(8)/罅割れ(4)
4920	胖	12	0.0614	99.987	胖胖(10)/胖(2)
4921	菠	12	0.0614	99.987	菠薐(7)/菠菜(3)/菠〓(1)/菠蓮(1)
4922	葯	12	0.0614	99.987	葯(12)
4923	蛞	12	0.0614	99.987	蛞蝓(11)/蛞蠡(1)
4924	蟥	12	0.0614	99.987	馬蟥(12)
4925	衽	12	0.0614	99.987	右衽(4)/左衽(4)/衽(4)
4926	裲	12	0.0614	99.987	裲襠(11)/襠裲(1)
4927	觚	12	0.0614	99.987	觚(5)/兕馬觚(2)/柄渠觚(2)/泄謨觚(2)/操觚(1)
4928	觴	12	0.0614	99.987	濫觴(10)/流觴(2)
4929	詁	12	0.0614	99.987	訓詁(10)/詁(1)/釋詁(1)
4930	軺	12	0.0614	99.987	軺車(11)/軺(1)
4931	軾	12	0.0614	99.987	蘇軾(8)/軾(3)/富軾(1)
4932	輾	12	0.0614	99.987	輾転(9)/輾(3)
4933	釆	12	0.0614	99.987	釆(5)/喝釆(4)/釆配(2)/釆王(1)
4934	銖	12	0.0614	99.987	銖(8)/錙銖(3)/銖両(1)
4935	鐗	12	0.0614	99.987	鐗(8)/双鐗(3)/銀鐗(1)
4936	鑒	12	0.0614	99.987	鑒真(5)/玄鑒(3)/鑒(2)/懐鑒(1)/鑒一(1)
4937	鑵	12	0.0614	99.987	鑵(5)/鑵子(3)/薬鑵(2)/汽鑵(1)/鑵詰(1)
4938	靠	12	0.0614	99.987	靠れ(4)/靠(3)/靠山(3)/靠れる(1)/靠同(1)
4939	鮟	12	0.0614	99.987	鮟鱇(12)
4940	鱇	12	0.0614	99.987	鮟鱇(12)
4941	鵑	12	0.0614	99.987	杜鵑(9)/杜鵑草(2)/山杜鵑(1)
4942	鶸	12	0.0614	99.987	鶸(11)/鶸色(1)
4943	龗	12	0.0614	99.987	高龗(12)
4944	佻	11	0.0563	99.987	軽佻(11)
4945	僔	11	0.0563	99.987	楽僔(11)
4946	凩	11	0.0563	99.987	凩(11)
4947	勣	11	0.0563	99.987	世勣(8)/王勣(2)/勣(1)
4948	卻	11	0.0563	99.987	卻け(3)/卻(2)/卻知(2)/牯卻(2)/卻す(1)/卻つて(1)
4949	吶	11	0.0563	99.987	吶喊(7)/吶吶(2)/哨吶(2)
4950	噲	11	0.0563	99.987	樊噲(6)/味噲(4)/噲炙(1)
4951	嚀	11	0.0563	99.987	叮嚀(11)
4952	塢	11	0.0563	99.987	郿塢(8)/塢(1)/白沙塢(1)/鞠塢(1)
4953	屬	11	0.0563	99.987	屬する(5)/屬し(2)/屬す(1)/屬せ(1)/屬性(1)/所屬(1)
4954	峪	11	0.0563	99.988	嘉峪(8)/峪(3)
4955	崕	11	0.0563	99.988	崕山(11)
4956	嶠	11	0.0563	99.988	都嶠(6)/李嶠(1)/李嶠百詠(1)/李嶠詩残巻(1)/李嶠雑詠(1)/李嶠雑詠残巻(1)
4957	惶	11	0.0563	99.988	恐惶(4)/蒼惶(3)/惶(1)/惶急(1)/惶惑(1)/愴惶(1)
4958	慊	11	0.0563	99.988	慊ら(5)/慊(3)/慊州(2)/慊堂(1)
4959	插	11	0.0563	99.988	插入(5)/插す(2)/插さ(1)/插し(1)/插畫(1)/插秧(1)
4960	揣	11	0.0563	99.988	揣摩(10)/揣ら(1)
4961	敕	11	0.0563	99.988	敕晁(4)/敕撰(3)/敕(2)/敕勒(1)/敕語(1)
4962	敝	11	0.0563	99.988	敝(8)/敝るれ(1)/敝褻(1)/陰敝(1)
4963	旄	11	0.0563	99.988	白旄(4)/旄牛(3)/旄(2)/旄旗(1)/旄象(1)
4964	椏	11	0.0563	99.988	三椏(5)/椏希江(4)/椏久(1)/椏李(1)
4965	楹	11	0.0563	99.988	楹(10)/朽楹(1)
4966	檔	11	0.0563	99.988	檔案(11)
4967	欷	11	0.0563	99.988	歔欷(9)/欷泣(2)
4968	歔	11	0.0563	99.988	歔欷(9)/歔(2)
4969	殱	11	0.0563	99.988	殱滅(10)/殱(1)
4970	汕	11	0.0563	99.988	汕頭(11)
4971	汞	11	0.0563	99.988	汞(7)/昇汞(4)
4972	汴	11	0.0563	99.988	汴京(5)/汴(3)/汴城(1)/汴州(1)/汴梁(1)
4973	湍	11	0.0563	99.988	急湍(6)/大紅湍(2)/湍(2)/湍津(1)
4974	犒	11	0.0563	99.988	犒い(6)/犒っ(3)/犒う(1)/犒ひ(1)
4975	猨	11	0.0563	99.988	猨田彦(5)/猨(4)/猨女(2)
4976	琮	11	0.0563	99.988	劉琮(9)/琮形(2)
4977	瑟	11	0.0563	99.988	瑟(5)/琴瑟(4)/烏枢瑟摩(2)
4978	瑶	11	0.0563	99.988	瑶(6)/瑶子(5)
4979	甃	11	0.0563	99.988	甃(9)/甃ん(1)/甃庵(1)
4980	皈	11	0.0563	99.988	皈国(7)/皈(4)
4981	矗	11	0.0563	99.988	矗(11)
4982	硏	11	0.0563	99.988	硏究(9)/硏(1)/硏鑽(1)
4983	絳	11	0.0563	99.988	絳攸(11)
4984	縢	11	0.0563	99.988	行縢(7)/縢(4)
4985	耋	11	0.0563	99.988	耋録(11)
4986	臏	11	0.0563	99.988	孫臏(10)/孫臏兵法竹簡(1)
4987	茘	11	0.0563	99.988	茘枝(7)/茘波(3)/茘(1)
4988	荔	11	0.0563	99.988	荔枝(11)
4989	菁	11	0.0563	99.988	菁々(2)/菁英(2)/菁菁(2)/菁華(2)/菁莪(1)/蔓菁(1)/蕪菁(1)
4990	蜿	11	0.0563	99.988	蜿蜒(7)/蜿々(2)/蜿っ(1)/蜿れ(1)
4991	蝎	11	0.0563	99.988	蛇蝎(9)/天蝎(1)/蝎(1)
4992	蝓	11	0.0563	99.988	蛞蝓(11)
4993	蟋	11	0.0563	99.988	蟋蟀(10)/闘蟋用(1)
4994	蠡	11	0.0563	99.988	茫蠡(6)/范蠡(4)/蛞蠡(1)
4995	裄	11	0.0563	99.988	裄(11)
4996	覽	11	0.0563	99.988	覽(6)/覽候(2)/覽會(2)/呂覽(1)
4997	賺	11	0.0563	99.988	宥め賺し(3)/賺さ(2)/賺し(2)/宥め賺す(1)/言い賺し(1)/賺(1)/賺す(1)
4998	輕	11	0.0563	99.988	輕(6)/輕く(2)/輕い(1)/輕んずる(1)/輕蔑(1)
4999	遲	11	0.0563	99.988	遲(4)/遲く(2)/遲遲(2)/宇麻志阿斯詞備比古遲(1)/遲い(1)/遲れる(1)
5000	銷	11	0.0563	99.988	銷沈(3)/銷售(2)/銷金(2)/銷え失せ(1)/銷す(1)/銷夏(1)/銷音(1)
5001	錺	11	0.0563	99.988	錺職(6)/錺師(4)/錺屋(1)
5002	鐺	11	0.0563	99.988	鐺(10)/流金鐺(1)
5003	鞅	11	0.0563	99.988	商鞅(5)/鞅(5)/鞅掌(1)
5004	驍	11	0.0563	99.988	驍将(6)/驍勇(2)/驍名(1)/驍悍(1)/驍騎(1)
5005	骶	11	0.0563	99.988	尾骶(11)
5006	鰮	11	0.0563	99.988	鰮(11)
5007	鳰	11	0.0563	99.988	鳰(10)/鳰鳥(1)
5008	殺	11	0.0563	99.989	殺(3)/殺さ(2)/殺風景(2)/抹殺(1)/殺伐(1)/殺氣(1)/殺生(1)
5009	猪	11	0.0563	99.989	猪(7)/猪口(2)/一猪(1)/白猪(1)
5010	渚	11	0.0563	99.989	渚(7)/渚紀(3)/渚院(1)
5011	丫	10	0.0512	99.989	丫(10)
5012	仞	10	0.0512	99.989	千仞(5)/仞(4)/九仞(1)
5013	份	10	0.0512	99.989	份(6)/股份(4)
5014	們	10	0.0512	99.989	図們(6)/們(1)/們偉(1)/們活(1)/們都(1)
5015	倨	10	0.0512	99.989	倨傲(10)
5016	儼	10	0.0512	99.989	儼(4)/儼然(2)/惟儼(2)/儼存(1)/至儼(1)
5017	刪	10	0.0512	99.989	刪(6)/刪定(3)/刪訂(1)
5018	劔	10	0.0512	99.989	劔(3)/劔持(2)/劔正(2)/劔岳(1)/劔璽(1)/小劔(1)
5019	匆	10	0.0512	99.989	匆々(9)/匆(1)
5020	吒	10	0.0512	99.989	〓吒(8)/〓吒太(1)/吒迦(1)
5021	囗	10	0.0512	99.989	囗(10)
5022	坎	10	0.0512	99.989	坎(8)/石門坎(2)
5023	壟	10	0.0512	99.989	壟断(9)/壟(1)
5024	孩	10	0.0512	99.989	孩子(5)/孩兒(3)/孩児(1)/貞孩(1)
5025	峴	10	0.0512	99.989	峴南(5)/石峴(2)/峴山(1)/峴聖(1)/礪峴(1)
5026	帮	10	0.0512	99.989	士帮(3)/帮会(3)/帮(2)/捨爾帮(1)/洪帮(1)
5027	戍	10	0.0512	99.989	衛戍(2)/見戍っ(2)/戍(1)/戍午(1)/戍卒(1)/戍辰(1)/見戍り(1)/見戍る(1)
5028	揷	10	0.0512	99.989	揷し木(4)/揷入(2)/揷(1)/揷絵(1)/揷話(1)/揷雲(1)
5029	擔	10	0.0512	99.989	擔(6)/擔雪(2)/負擔(2)
5030	敍	10	0.0512	99.989	敍(5)/敍景(3)/敍し(1)/敍せ(1)
5031	曵	10	0.0512	99.989	曵い(3)/曵か(3)/曵きずっ(1)/曵き回し(1)/曵航(1)/船曵(1)
5032	椹	10	0.0512	99.989	椹(8)/桑椹(1)/椹木(1)
5033	榻	10	0.0512	99.989	榻(10)
5034	槎	10	0.0512	99.989	北槎(3)/槎留(2)/〓槎(1)/槎上(1)/槎客(1)/槎寺(1)/槎盆(1)
5035	橳	10	0.0512	99.989	橳島(5)/橳(4)/橳生(1)
5036	每	10	0.0512	99.989	每(4)/每日(2)/每夜(1)/每年(1)/每灌(1)/每週(1)
5037	洽	10	0.0512	99.989	洽(3)/洽かり(1)/洽く(1)/洽し(1)/洽二(1)/洽治(1)/煕洽(1)/王洽(1)
5038	溂	10	0.0512	99.989	潑溂(8)/溂(1)/溌溂(1)
5039	澳	10	0.0512	99.989	澳門(3)/三都澳(2)/澳埠(2)/将軍澳(1)/淇澳(1)/福澳(1)
5040	烝	10	0.0512	99.989	烝(6)/烝治(3)/立我烝民(1)
5041	牘	10	0.0512	99.989	尺牘(3)/書牘(3)/李柏尺牘稿(1)/牘(1)/牘部(1)/簡牘(1)
5042	玫	10	0.0512	99.989	玫瑰(10)
5043	瑰	10	0.0512	99.989	玫瑰(10)
5044	瓷	10	0.0512	99.989	青瓷(4)/瓷器(2)/白瓷(2)/瓷老(1)/瓷釉(1)
5045	瘙	10	0.0512	99.989	瘙痒(10)
5046	癈	10	0.0512	99.989	癈人(5)/癈(4)/癈墟(1)
5047	皎	10	0.0512	99.989	景皎(3)/皎(2)/皎々(2)/徐皎(1)/慧皎(1)/皎く(1)
5048	禺	10	0.0512	99.989	禺刀(4)/曹禺(3)/禺(2)/番禺(1)
5049	窗	10	0.0512	99.989	夢窗(6)/窗(4)
5050	窿	10	0.0512	99.989	穹窿(9)/弯窿(1)
5051	繆	10	0.0512	99.989	繆(5)/繆刺(2)/匡繆(1)/綢繆(1)/繆斌(1)
5052	纉	10	0.0512	99.989	纉緒(10)
5053	纓	10	0.0512	99.989	纓(7)/巻纓(1)/後期遥、霑纓於鴻臚之暁涙(1)/立纓(1)
5054	罡	10	0.0512	99.989	天罡(7)/罡星(2)/罡柔(1)
5055	肄	10	0.0512	99.989	基肄(10)
5056	臧	10	0.0512	99.989	臧孫(4)/臧(1)/臧宮(1)/臧式(1)/臧文(1)/臧旻(1)/臧罪(1)
5057	舉	10	0.0512	99.989	科舉(8)/舉げる(1)/舉げれ(1)
5058	苜	10	0.0512	99.989	苜蓿(10)
5059	萸	10	0.0512	99.989	茱萸(10)
5060	蒯	10	0.0512	99.989	蒯越(9)/蒯良(1)
5061	蓿	10	0.0512	99.989	苜蓿(10)
5062	虧	10	0.0512	99.989	虧(4)/虧け(2)/虧生(2)/虧く(1)/虧裂(1)
5063	蜍	10	0.0512	99.989	蟾蜍(10)
5064	裵	10	0.0512	99.989	裵(6)/裵氏(2)/裵祥(2)
5065	覡	10	0.0512	99.989	巫覡(10)
5066	覩	10	0.0512	99.989	伊覩(7)/覩(3)
5067	詑	10	0.0512	99.990	詑(9)/詑資(1)
5068	誥	10	0.0512	99.990	誥(5)/誥命(5)
5069	謚	10	0.0512	99.990	謚(6)/謚号(4)
5070	郿	10	0.0512	99.990	郿塢(8)/郿(2)
5071	釗	10	0.0512	99.990	大釗(8)/士釗(2)
5072	銓	10	0.0512	99.990	銓衡(7)/銓(1)/銓刀(1)/陳銓(1)
5073	鑰	10	0.0512	99.990	宝鑰(6)/印鑰(2)/鑰(2)
5074	陟	10	0.0512	99.990	三陟(6)/陟(4)
5075	鞴	10	0.0512	99.990	鞴(7)/踏鞴(2)/火鞴(1)
5076	髮	10	0.0512	99.990	髮(7)/庇髮(3)
5077	魘	10	0.0512	99.990	魘され(7)/魘魅(2)/魘わ(1)
5078	鯡	10	0.0512	99.990	鯡(10)
5079	麸	10	0.0512	99.990	麸(9)/つと麸(1)
5080	齡	10	0.0512	99.990	年齡(4)/齡(4)/齡九(1)/齡幼(1)
5081	佤	9	0.0461	99.990	佤族(9)
5082	俾	9	0.0461	99.990	俾(9)
5083	决	9	0.0461	99.990	决(5)/决め(2)/决し(1)/决闘(1)
5084	刕	9	0.0461	99.990	木刕(8)/刕(1)
5085	啣	9	0.0461	99.990	啣へ(5)/啣(4)
5086	啾	9	0.0461	99.990	啾啾(4)/啾々(3)/啾雨(2)
5087	姒	9	0.0461	99.990	褒姒(8)/姒(1)
5088	嫣	9	0.0461	99.990	嫣然(7)/韓嫣(2)
5089	嵬	9	0.0461	99.990	嵬崘(6)/骨嵬(3)
5090	幺	9	0.0461	99.990	幺(4)/幺小(2)/幺部(2)/象幽謂幺(1)
5091	庾	9	0.0461	99.990	庾信(6)/庾峻(3)
5092	廢	9	0.0461	99.990	廢墟(2)/廢止(2)/頽廢(2)/廢(1)/廢兵(1)/廢刊(1)
5093	彈	9	0.0461	99.990	彈(3)/外彈(1)/彈き(1)/彈く(1)/彈丸(1)/彈薬(1)/彈豆(1)
5094	忉	9	0.0461	99.990	忉利(9)
5095	愷	9	0.0461	99.990	愷(7)/仲愷(1)/子愷(1)
5096	擴	9	0.0461	99.990	擴(5)/擴大(2)/擴まり(1)/軍擴(1)
5097	斫	9	0.0461	99.990	斫る(3)/斫(2)/斫っ(1)/斫ら(1)/斫り(1)/斫断(1)
5098	檢	9	0.0461	99.990	檢分(2)/檢尿(2)/檢證(2)/探檢紀(1)/檢(1)/檢微(1)
5099	歛	9	0.0461	99.990	収歛(5)/歛(4)
5100	毗	9	0.0461	99.990	毗有(2)/荼毗(2)/毗(1)/毗古(1)/毗登(1)/毗羅(1)/毗陵(1)
5101	淤	9	0.0461	99.990	淤岐(4)/淤能碁呂(2)/淤斯呂和気(1)/淤母陀琉(1)/淤泥(1)
5102	渧	9	0.0461	99.990	渧(9)
5103	滬	9	0.0461	99.990	滬(5)/滬鷲(3)/滬瀆(1)
5104	漓	9	0.0461	99.990	漓江(6)/淋漓(3)
5105	漳	9	0.0461	99.990	漳州(4)/漳浦(2)/漳(1)/漳江(1)/漳河(1)
5106	焱	9	0.0461	99.990	焱(9)
5107	熏	9	0.0461	99.990	時熏(5)/熏染(2)/熏韋(2)
5108	營	9	0.0461	99.990	營(3)/經營(2)/本營(1)/歸營(1)/營團(1)/營爲(1)
5109	燾	9	0.0461	99.990	国燾(8)/燾(1)
5110	狆	9	0.0461	99.990	狆(6)/狆語(2)/狆くしゃ(1)
5111	瓠	9	0.0461	99.990	瓠(6)/瓠公(2)/瓠子(1)
5112	碎	9	0.0461	99.990	碎機(2)/碎(1)/碎き(1)/碎く(1)/碎け(1)/碎器(1)/碎花(1)/碎謂(1)
5113	磚	9	0.0461	99.990	磚(6)/磚茶(3)
5114	窠	9	0.0461	99.990	窠(2)/窠中(1)/窠文(1)/窠臼(1)/蜂窠(1)/錢一窠(1)/鏡窠(1)/鳥窠(1)
5115	簋	9	0.0461	99.990	簋(8)/簠簋(1)
5116	簣	9	0.0461	99.990	一簣(4)/簣(3)/簣模(1)/簣網(1)
5117	簸	9	0.0461	99.990	簸川(6)/簸(2)/簸る(1)
5118	籔	9	0.0461	99.990	籔(6)/籔内(3)
5119	粍	9	0.0461	99.990	粍(9)
5120	粳	9	0.0461	99.990	粳(5)/粳米(4)
5121	粹	9	0.0461	99.990	粹(4)/純粹(3)/粹府(2)
5122	糶	9	0.0461	99.990	糶売(6)/糶(1)/糶合(1)/鍔糶(1)
5123	紇	9	0.0461	99.990	回紇(5)/紇干(3)/紇(1)
5124	絅	9	0.0461	99.990	絅斎(6)/尚絅(1)/絅子(1)/絅翁(1)
5125	罎	9	0.0461	99.990	罎(6)/罎及(1)/罎詰め(1)/装罎(1)
5126	罕	9	0.0461	99.990	子罕(7)/罕(1)/罕諾依(1)
5127	肅	9	0.0461	99.990	甘肅(5)/肅(4)
5128	芎	9	0.0461	99.990	川芎(7)/芎窮(2)
5129	苡	9	0.0461	99.990	薏苡(7)/芣苡(1)/苡米(1)
5130	茵	9	0.0461	99.990	茵(9)
5131	莊	9	0.0461	99.991	懋莊(1)/灣仔莊士(1)/莊(1)/莊右(1)/莊嚴(1)/莊子(1)/莊廿(1)/莊景(1)/莊重(1)
5132	藐	9	0.0461	99.991	三藐(8)/藐庵(1)
5133	蜊	9	0.0461	99.991	浅蜊(6)/蛤蜊(3)
5134	袒	9	0.0461	99.991	左袒(5)/右袒(1)/肉袒(1)/袒右(1)/袒裼(1)
5135	裙	9	0.0461	99.991	裙(6)/紅裙(2)/裙子(1)
5136	謦	9	0.0461	99.991	謦咳(9)
5137	讎	9	0.0461	99.991	仇讎(4)/復讎(3)/讎(2)
5138	豺	9	0.0461	99.991	豺狼(7)/豺螭(2)
5139	貉	9	0.0461	99.991	貉(9)
5140	貘	9	0.0461	99.991	貘(9)
5141	貮	9	0.0461	99.991	少貮(2)/大貮(1)/貮(1)/貮丁(1)/貮公(1)/貮年(1)/貮才(1)/貮政(1)
5142	賁	9	0.0461	99.991	虎賁(3)/賁思(2)/賁父(2)/賁庸(1)/賁響(1)
5143	蹇	9	0.0461	99.991	蹇蹇(4)/偃蹇(2)/蹇(2)/跛蹇(1)
5144	軈	9	0.0461	99.991	軈て(7)/軈(2)
5145	遏	9	0.0461	99.991	防遏(9)
5146	鈞	9	0.0461	99.991	鈞(5)/千鈞(4)
5147	鎭	9	0.0461	99.991	鎭(2)/鎭棒(2)/鎭東(1)/鎭玉(1)/鎭衞(1)/鎭顯(1)/鎭海(1)
5148	鏞	9	0.0461	99.991	若鏞(7)/鏞(1)/鏞頊(1)
5149	鏢	9	0.0461	99.991	鏢(7)/縄鏢(2)
5150	闔	9	0.0461	99.991	闔閭(5)/闔(2)/闔廬(1)/闔慮(1)
5151	闥	9	0.0461	99.991	乾闥婆(8)/闥(1)
5152	雋	9	0.0461	99.991	文雋(6)/雋(1)/雋吉(1)/雋堂(1)
5153	駑	9	0.0461	99.991	駑馬(7)/駑(1)/駑材(1)
5154	駢	9	0.0461	99.991	駢(5)/駆駢(1)/駢立(1)/駢馳(1)/駢麗(1)
5155	驤	9	0.0461	99.991	龍驤(8)/驤主(1)
5156	鳧	9	0.0461	99.991	鳧(7)/青鳧(2)
5157	鳬	9	0.0461	99.991	鳬(8)/小鳬(1)
5158	祐	9	0.0461	99.991	祐弘(6)/祐(2)/祐斎(1)
5159	佶	8	0.0410	99.991	元佶(4)/佶屈(3)/佶(1)
5160	俐	8	0.0410	99.991	麗俐(5)/鞏俐(2)/伶俐(1)
5161	傚	8	0.0410	99.991	傚(2)/傚っ(2)/傚う(1)/傚は(1)/傚ふ(1)/見傚し(1)
5162	儞	8	0.0410	99.991	儞(5)/頞儞羅(3)
5163	哆	8	0.0410	99.991	哆開(3)/上哆唎(1)/下哆唎(1)/哆唾乃(1)/哆唾之(1)/赴屠能瀰哆磨(1)
5164	唔	8	0.0410	99.991	唔(8)
5165	埵	8	0.0410	99.991	薩埵(8)
5166	壓	8	0.0410	99.991	壓(4)/壓し(1)/壓的(1)/壓雪(1)/外壓(1)
5167	姙	8	0.0410	99.991	姙娠(8)
5168	嫗	8	0.0410	99.991	嫗(6)/老嫗(2)
5169	峅	8	0.0410	99.991	芦峅(8)
5170	廚	8	0.0410	99.991	廚(5)/廚子(2)/廚宰(1)
5171	徭	8	0.0410	99.991	徭役(3)/雑徭(3)/徭(2)
5172	怱	8	0.0410	99.991	怱忙(2)/怱怱(2)/怱(1)/怱々(1)/怱卒(1)/怱然(1)
5173	恠	8	0.0410	99.991	示恠(4)/恠(1)/恠しい(1)/恠しく(1)/物恠(1)
5174	摧	8	0.0410	99.991	摧け(3)/摧(1)/摧い(1)/摧き(1)/摧邪(1)/破摧(1)
5175	晉	8	0.0410	99.991	晉(8)
5176	桴	8	0.0410	99.991	桴(7)/桴海(1)
5177	梭	8	0.0410	99.991	幡梭(5)/梭(3)
5178	椴	8	0.0410	99.991	椴木(7)/椴(1)
5179	榔	8	0.0410	99.991	檳榔(6)/榔(1)/榔子(1)
5180	欹	8	0.0410	99.991	欹て(6)/欹(2)
5181	歐	8	0.0410	99.991	歐(2)/歐洲(2)/西歐(2)/歐外(1)/歐米(1)
5182	淚	8	0.0410	99.991	淚(6)/淚ぐむ(1)/血淚(1)
5183	淝	8	0.0410	99.991	淝水(8)
5184	潁	8	0.0410	99.991	潁川(3)/潁水(3)/潁原(2)
5185	灑	8	0.0410	99.991	灑(3)/灑水(2)/揮灑(1)/灑ぐ(1)/灑掃(1)
5186	灤	8	0.0410	99.991	開灤(6)/灤河(1)/灤陽(1)
5187	煊	8	0.0410	99.991	春煊(7)/審煊(1)
5188	熕	8	0.0410	99.991	砲熕(8)
5189	燮	8	0.0410	99.991	光燮(1)/成燮(1)/敏燮(1)/昌燮(1)/正燮(1)/熙燮(1)/燮(1)/瑄燮(1)
5190	牯	8	0.0410	99.991	牯(3)/牯卻(2)/牯嶺(2)/牯為(1)
5191	犁	8	0.0410	99.991	泥犁(4)/牛犁(1)/犁(1)/犁県(1)/蒲犁(1)
5192	狃	8	0.0410	99.991	不狃(8)
5193	狢	8	0.0410	99.991	狢(7)/大狢(1)
5194	珉	8	0.0410	99.991	成珉(2)/珉平(2)/景珉(1)/珉(1)/珉亀(1)/珉総(1)
5195	琬	8	0.0410	99.991	銘琬(5)/黄琬(3)
5196	琿	8	0.0410	99.991	琿春(4)/琿(3)/琿身(1)
5197	璞	8	0.0410	99.991	璞(8)
5198	癘	8	0.0410	99.991	瘴癘(6)/疫癘(2)
5199	皋	8	0.0410	99.991	成皋(3)/皋平(3)/如皋(1)/皋陶(1)
5200	砿	8	0.0410	99.991	炭砿(5)/砿(1)/砿務(1)/砿山(1)
5201	硼	8	0.0410	99.991	硼砂(3)/硼酸(3)/硼珪(1)/硼素(1)
5202	窖	8	0.0410	99.992	窖(7)/地窖(1)
5203	竅	8	0.0410	99.992	竅(6)/竅陰(2)
5204	篷	8	0.0410	99.992	篷(2)/篷庵(2)/円篷(1)/弧篷(1)/篷窓(1)/篷雪(1)
5205	粤	8	0.0410	99.992	粤漢(4)/粤(2)/粤北(1)/粤東(1)
5206	綮	8	0.0410	99.992	肯綮(6)/綮(1)/綮写(1)
5207	綵	8	0.0410	99.992	綵(4)/綵絵(2)/花綵(1)/貝綵(1)
5208	緝	8	0.0410	99.992	緝(3)/編緝(3)/緝合(2)
5209	羿	8	0.0410	99.992	羿(8)
5210	胝	8	0.0410	99.992	準胝(2)/胼胝(2)/腓胝(2)/俱胝(1)/胝(1)
5211	脘	8	0.0410	99.992	中脘(4)/脘穴(2)/脘(1)/脘部(1)
5212	腮	8	0.0410	99.992	腮(7)/腮〓(1)
5213	臬	8	0.0410	99.992	臬司(7)/臬台(1)
5214	舂	8	0.0410	99.992	舂く(3)/舂(2)/舂き(1)/舂屋(1)/舂酋(1)
5215	苒	8	0.0410	99.992	苒(5)/荏苒(3)
5216	茴	8	0.0410	99.992	茴香(8)
5217	莪	8	0.0410	99.992	著莪(6)/莪(1)/菁莪(1)
5218	蒂	8	0.0410	99.992	中蒂姫(4)/蒂(3)/蒂庵(1)
5219	蛻	8	0.0410	99.992	蛻(6)/蛻巌(1)/蟬蛻(1)
5220	衲	8	0.0410	99.992	衲僧(5)/衲本(1)/衲穴(1)/衲襖(1)
5221	裝	8	0.0410	99.992	裝(4)/玄裝(1)/裝幀(1)/裝釘(1)/裝飾(1)
5222	訖	8	0.0410	99.992	訖(5)/訖乾智(1)/訖候(1)/訖解(1)
5223	豉	8	0.0410	99.992	豆豉(8)
5224	豬	8	0.0410	99.992	豬児(8)
5225	贇	8	0.0410	99.992	元贇(7)/贇五(1)
5226	跖	8	0.0410	99.992	盗跖(6)/跖(1)/鴨跖草(1)
5227	踠	8	0.0410	99.992	踠き(3)/踠い(2)/踠(1)/踠き苦しむ(1)/踠く(1)
5228	鄘	8	0.0410	99.992	鄘(8)
5229	鐔	8	0.0410	99.992	鐔(8)
5230	鑢	8	0.0410	99.992	鑢(8)
5231	閊	8	0.0410	99.992	差閊(2)/差閊え(2)/閊え(2)/閊(1)/閊える(1)
5232	隂	8	0.0410	99.992	隂山(8)
5233	險	8	0.0410	99.992	危險(4)/保險(2)/冒險(2)
5234	霆	8	0.0410	99.992	雷霆(6)/霆之(1)/霆鋒(1)
5235	霏	8	0.0410	99.992	霏々(4)/霏霏(4)
5236	霓	8	0.0410	99.992	雲霓(2)/霓(2)/霓裳(2)/揶霓(1)/虹霓(1)
5237	靉	8	0.0410	99.992	靉(3)/靉嘔(2)/靉靆(2)/靉光(1)
5238	頡	8	0.0410	99.992	蒼頡(3)/頡剛(3)/倉頡(2)
5239	飡	8	0.0410	99.992	伊飡(4)/乞飡(2)/飡耽(1)/飡金(1)
5240	驅	8	0.0410	99.992	驅使(5)/驅(2)/驅ら(1)
5241	鬩	8	0.0410	99.992	鬩ぎ合う(2)/鬩ぎ合い(1)/鬩ぎ合っ(1)/鬩ぐ(1)/鬩げ(1)/鬩合ひ(1)/鬩牆(1)
5242	鬮	8	0.0410	99.992	鬮(7)/拈鬮(1)
5243	麪	8	0.0410	99.992	麪包(5)/索麪(1)/麪類(1)/麪麭(1)
5244	黠	8	0.0410	99.992	黠(2)/黠商(2)/慧黠(1)/譎黠(1)/黠戞斯(1)/黠虜(1)
5245	黥	8	0.0410	99.992	黥布(7)/黥面(1)
5246	黯	8	0.0410	99.992	黯淡(3)/黯然(3)/黯(1)/黯い(1)
5247	鼹	8	0.0410	99.992	鼹鼠(7)/鼹(1)
5248	齶	8	0.0410	99.992	齶田(8)
5249	𢌞	8	0.0410	99.992	𢌞(6)/𢌞つ(1)/𢌞り道(1)
5250	儕	7	0.0358	99.992	我儕(4)/儕(2)/儕輩(1)
5251	呱	7	0.0358	99.992	呱々(6)/呱吧(1)
5252	嚶	7	0.0358	99.992	嚶鳴(7)
5253	塰	7	0.0358	99.992	片塰(7)
5254	壻	7	0.0358	99.992	壻(7)
5255	婀	7	0.0358	99.992	婀娜(5)/婀(2)
5256	孑	7	0.0358	99.992	孑(3)/孑〓(2)/孑孑(2)
5257	孺	7	0.0358	99.992	孺(2)/孺子(2)/良孺(2)/叔孺(1)
5258	寔	7	0.0358	99.992	寔(6)/陳寔(1)
5259	寤	7	0.0358	99.992	寤(3)/寤め(2)/寤寐(2)
5260	寳	7	0.0358	99.992	寳(6)/大寳(1)
5261	帑	7	0.0358	99.992	内帑(6)/国帑(1)
5262	帙	7	0.0358	99.992	帙(7)
5263	弌	7	0.0358	99.992	烈弌(3)/弌(2)/春弌(1)/義弌(1)
5264	怛	7	0.0358	99.992	厭怛(3)/怛(1)/怛猪(1)/怛羅(1)/深末怛(1)
5265	慘	7	0.0358	99.992	陰慘(2)/悲慘(1)/慘害(1)/慘粉(1)/慘禍(1)/無慘(1)
5266	撾	7	0.0358	99.992	撾(2)/撾杖(2)/参撾(1)/撾ち(1)/撾鞭(1)
5267	曉	7	0.0358	99.992	曉(5)/公曉(1)/曉起(1)
5268	曦	7	0.0358	99.992	曦(7)
5269	朖	7	0.0358	99.992	朖(7)
5270	杲	7	0.0358	99.992	李杲(3)/杲弘(2)/宗杲(1)/杲(1)
5271	栱	7	0.0358	99.992	斗栱(6)/栱部(1)
5272	桅	7	0.0358	99.992	桅(5)/主桅(1)/頭桅(1)
5273	梼	7	0.0358	99.992	梼原(6)/梼詩(1)
5274	楣	7	0.0358	99.992	楣(7)
5275	槁	7	0.0358	99.992	槁木(4)/槁枯(2)/槁(1)
5276	檳	7	0.0358	99.992	檳榔(6)/檳(1)
5277	沾	7	0.0358	99.992	沾徳(2)/沾洲(2)/沾涼(2)/沾し(1)
5278	涪	7	0.0358	99.992	涪陵(5)/涪城(2)
5279	滊	7	0.0358	99.992	滊車(4)/滊仕(1)/滊会(1)/而蒸滊行(1)
5280	漪	7	0.0358	99.993	載漪(7)
5281	濮	7	0.0358	99.993	城濮(2)/濮州(2)/濮陽(2)/濮(1)
5282	炷	7	0.0358	99.993	炷(3)/炷い(1)/炷か(1)/炷き(1)/炷く(1)
5283	焜	7	0.0358	99.993	焜炉(5)/焜昱(1)/邦焜(1)
5284	熬	7	0.0358	99.993	煎熬(4)/熬っ(1)/熬り(1)/熬海鼠(1)
5285	犍	7	0.0358	99.993	犍連(4)/犍度(1)/犍為(1)/犍蓮(1)
5286	犧	7	0.0358	99.993	伏犧(6)/庖犧(1)
5287	猖	7	0.0358	99.993	猖獗(7)
5288	獗	7	0.0358	99.993	猖獗(7)
5289	琺	7	0.0358	99.993	琺瑯(7)
5290	甸	7	0.0358	99.993	緬甸(4)/甸區(1)/甸子(1)/羅甸(1)
5291	瘁	7	0.0358	99.993	尽瘁(7)
5292	癭	7	0.0358	99.993	虫癭(5)/作癭(2)
5293	盜	7	0.0358	99.993	盜人(2)/盜賊(2)/剽盜(1)/盜(1)/盜ん(1)
5294	磴	7	0.0358	99.993	磴(7)
5295	祕	7	0.0358	99.993	祕密(3)/祕(2)/祕的(1)/詭祕(1)
5296	种	7	0.0358	99.993	老种(2)/各种(1)/小种(1)/种師(1)/种老(1)/种諤(1)
5297	穰	7	0.0358	99.993	豊穰(4)/穰(3)
5298	繝	7	0.0358	99.993	繝(3)/繧繝(3)/繝ォ繧呈(1)
5299	纜	7	0.0358	99.993	纜(5)/解纜(2)
5300	罩	7	0.0358	99.993	罩め(4)/立ち罩め(2)/立罩める(1)
5301	翊	7	0.0358	99.993	翊誠(3)/思翊(1)/翊(1)/翊祖(1)/馮翊(1)
5302	耻	7	0.0358	99.993	耻かしく(2)/耻叟(2)/耻(1)/耻かし(1)/耻じ(1)
5303	肙	7	0.0358	99.993	肙(7)
5304	舍	7	0.0358	99.993	舍(5)/舍塔(1)/舍驛(1)
5305	芩	7	0.0358	99.993	黄芩(7)
5306	芷	7	0.0358	99.993	白芷(6)/芷江(1)
5307	莵	7	0.0358	99.993	莵道(2)/莵道貝鮹(2)/上莵上(1)/玄莵(1)/莵集(1)
5308	葩	7	0.0358	99.993	葩(5)/妙葩(1)/麗葩(1)
5309	蕚	7	0.0358	99.993	蕚(7)
5310	薏	7	0.0358	99.993	薏苡(7)
5311	薐	7	0.0358	99.993	菠薐(7)
5312	薺	7	0.0358	99.993	薺(5)/薺浦(1)/薺粥(1)
5313	藿	7	0.0358	99.993	藿香(4)/菽藿(2)/藿(1)
5314	虢	7	0.0358	99.993	虢略(5)/虢王(1)/虢生(1)
5315	蜑	7	0.0358	99.993	蜑(7)
5316	蝨	7	0.0358	99.993	蝨(6)/壁蝨(1)
5317	袞	7	0.0358	99.993	李袞(4)/阿児格乃袞(2)/袞州(1)
5318	褂	7	0.0358	99.993	褂(4)/染褂(2)/袍褂(1)
5319	詹	7	0.0358	99.993	詹(3)/詹事(2)/叔詹(1)/詹尹(1)
5320	謾	7	0.0358	99.993	謾稿(7)
5321	譙	7	0.0358	99.993	譙周(3)/譙郡(2)/譙別(1)/譙国(1)
5322	豎	7	0.0358	99.993	豎子(2)/壁豎(1)/小豎子(1)/豎(1)/豎勒(1)/賈豎(1)
5323	貽	7	0.0358	99.993	貽(4)/貽貝(2)/貽し(1)
5324	躡	7	0.0358	99.993	機躡(4)/躡(2)/追躡(1)
5325	軻	7	0.0358	99.993	楊軻(6)/孟軻(1)
5326	軼	7	0.0358	99.993	軼事(5)/軼欧(2)
5327	轔	7	0.0358	99.993	轔轔(6)/轔々(1)
5328	迩	7	0.0358	99.993	丸迩(5)/蘇迩(2)
5329	釀	7	0.0358	99.993	吟釀(3)/造釀(1)/釀(1)/釀成(1)/釀造(1)
5330	鉇	7	0.0358	99.993	鉇(4)/鉄鉇(3)
5331	鉏	7	0.0358	99.993	黎鉏(2)/豊鉏入媛(1)/鉏(1)/鉏友(1)/鉏鉤(1)/鉏高(1)
5332	銈	7	0.0358	99.993	銈之允(2)/銈介(2)/銈(1)/銈一(1)/銈次(1)
5333	錣	7	0.0358	99.993	錣(7)
5334	鑁	7	0.0358	99.993	鑁阿(7)
5335	鑾	7	0.0358	99.993	鑾(5)/鑾儀(1)/鑾殿(1)
5336	隗	7	0.0358	99.993	隗(5)/袁隗(2)
5337	霄	7	0.0358	99.993	霄太(3)/凌霄花(2)/雲霄(1)/霄(1)
5338	霑	7	0.0358	99.993	均霑(3)/霑(2)/後期遥、霑纓於鴻臚之暁涙(1)/霑れ(1)
5339	鞢	7	0.0358	99.993	鞢(7)
5340	鞦	7	0.0358	99.993	鞦韆(5)/尻鞦(1)/鞦(1)
5341	駸	7	0.0358	99.993	駸々(7)
5342	鯊	7	0.0358	99.993	鯊(6)/落ち鯊(1)
5343	鶫	7	0.0358	99.993	鶫(7)
5344	龝	7	0.0358	99.993	龝山(5)/龝(2)
5345	僧	7	0.0358	99.993	僧(3)/僧帽(2)/禪僧(1)/僧伽(1)
5346	祝	7	0.0358	99.993	祝(6)/祝ふ(1)
5347	𠂤	7	0.0358	99.993	𠂤(7)
5348	𣗄	7	0.0358	99.993	𣗄代(7)
5349	㐂	6	0.0307	99.993	㐂(4)/㐂ばしき(2)
5350	价	6	0.0307	99.993	价泰(3)/良价(3)
5351	佝	6	0.0307	99.993	佝僂(6)
5352	佯	6	0.0307	99.993	佯狂(4)/佯死(1)/詐佯(1)
5353	偖	6	0.0307	99.993	偖(6)
5354	僞	6	0.0307	99.993	僞(2)/詐僞(2)/僞太(1)/僞學(1)
5355	兊	6	0.0307	99.993	尊兊(6)
5356	兗	6	0.0307	99.993	兗州(6)
5357	兮	6	0.0307	99.993	兮(4)/曠兮(1)/荷兮(1)
5358	匝	6	0.0307	99.993	匝瑳(4)/三匝(1)/匝(1)
5359	叺	6	0.0307	99.993	叺(6)
5360	吁	6	0.0307	99.993	吁(3)/吁咈(1)/吁嗟(1)/吁後(1)
5361	咜	6	0.0307	99.993	叱咜(5)/制咜迦(1)
5362	唎	6	0.0307	99.993	唎酒(3)/上哆唎(1)/下哆唎(1)/炒咖唎(1)
5363	嘛	6	0.0307	99.993	喇嘛(5)/達頼喇嘛(1)
5364	嘸	6	0.0307	99.993	嘸かし(5)/嘸(1)
5365	嚊	6	0.0307	99.993	嚊(6)
5366	垜	6	0.0307	99.993	垜(6)
5367	妁	6	0.0307	99.994	媒妁(6)
5368	娍	6	0.0307	99.994	娍子(6)
5369	嬋	6	0.0307	99.994	嬋妍(2)/嬋娟(2)/嬋(1)/嬋姸(1)
5370	屡	6	0.0307	99.994	屡々(6)
5371	崘	6	0.0307	99.994	嵬崘(6)
5372	廩	6	0.0307	99.994	倉廩(4)/廩(2)
5373	彤	6	0.0307	99.994	彤岩(1)/彤徳莱(1)/彤管(1)/彤色(1)/彤雲(1)/若彤(1)
5374	怏	6	0.0307	99.994	怏々(6)
5375	恂	6	0.0307	99.994	恂(3)/学恂(2)/劉恂(1)
5376	慍	6	0.0307	99.994	慍(3)/慍ら(2)/慍っ(1)
5377	拯	6	0.0307	99.994	広拯(3)/拯(2)/拯は(1)
5378	搨	6	0.0307	99.994	一搨(2)/搨(2)/搨本(1)/搨模(1)
5379	撕	6	0.0307	99.994	建撕(4)/提撕(1)/撕(1)
5380	擇	6	0.0307	99.994	選擇(4)/擇ん(1)/擇以(1)
5381	晚	6	0.0307	99.994	晚(5)/晚寫(1)
5382	晷	6	0.0307	99.994	日晷(4)/晷(1)/晷影(1)
5383	暼	6	0.0307	99.994	一暼(6)
5384	枋	6	0.0307	99.994	蘇枋(6)
5385	枌	6	0.0307	99.994	枌(6)
5386	枘	6	0.0307	99.994	太枘(2)/枘組(2)/枘(1)/枘穴(1)
5387	档	6	0.0307	99.994	档案(5)/档(1)
5388	桲	6	0.0307	99.994	榲桲(6)
5389	棊	6	0.0307	99.994	棊(6)
5390	棱	6	0.0307	99.994	丹棱(6)
5391	楂	6	0.0307	99.994	山楂子(3)/楂古聿(2)/山楂(1)
5392	榲	6	0.0307	99.994	榲桲(6)
5393	汙	6	0.0307	99.994	染汙(6)
5394	沪	6	0.0307	99.994	沪過(4)/沪紙(1)/沪胞(1)
5395	淄	6	0.0307	99.994	臨淄(4)/淄博(1)/淄水(1)
5396	湄	6	0.0307	99.994	湄州(6)
5397	滕	6	0.0307	99.994	滕文(3)/滕公(1)/滕如(1)/滕王(1)
5398	潯	6	0.0307	99.994	潯陽(5)/潯(1)
5399	濊	6	0.0307	99.994	濊(3)/濊伝(1)/濊王(1)/濊種(1)
5400	濕	6	0.0307	99.994	濕(6)
5401	獦	6	0.0307	99.994	朝獦(4)/獦(2)
5402	琊	6	0.0307	99.994	瑯琊(6)
5403	瑗	6	0.0307	99.994	瑗(5)/韓瑗(1)
5404	璿	6	0.0307	99.994	道璿(5)/秉璿(1)
5405	瓮	6	0.0307	99.994	平瓮(3)/瓮(1)/瓮島(1)/酒瓮(1)
5406	畧	6	0.0307	99.994	畧(6)
5407	痲	6	0.0307	99.994	斯痲(3)/痲痺(3)
5408	癋	6	0.0307	99.994	癋見(6)
5409	碣	6	0.0307	99.994	石碣(4)/碣(2)
5410	窕	6	0.0307	99.994	窈窕(5)/窕(1)
5411	簳	6	0.0307	99.994	簳(6)
5412	罄	6	0.0307	99.994	罄(6)
5413	羚	6	0.0307	99.994	羚羊(3)/羚(1)/羚鹿(1)/里羚(1)
5414	芟	6	0.0307	99.994	芟除(5)/芟く(1)
5415	芾	6	0.0307	99.994	米芾(6)
5416	莆	6	0.0307	99.994	莆田(3)/莆菜(3)
5417	菇	6	0.0307	99.994	菇菇(2)/蘑菇(2)/菇(1)/菇肉(1)
5418	菘	6	0.0307	99.994	菘(4)/景菘(1)/菘翁(1)
5419	蓯	6	0.0307	99.994	蓯蓉(6)
5420	蔕	6	0.0307	99.994	蔕(5)/蔕取り(1)
5421	虬	6	0.0307	99.994	虬荘(4)/蒼虬(1)/虬竜(1)
5422	蛔	6	0.0307	99.994	蛔虫(6)
5423	裱	6	0.0307	99.994	裱褙(5)/裱装(1)
5424	訒	6	0.0307	99.994	訒艾(2)/訒齋(2)/訒小(1)/訒真(1)
5425	誾	6	0.0307	99.994	誾(2)/宗誾(1)/誾千(1)/誾和(1)/誾坐(1)
5426	跚	6	0.0307	99.994	蹣跚(6)
5427	蹣	6	0.0307	99.994	蹣跚(6)
5428	酣	6	0.0307	99.994	酣(6)
5429	鍈	6	0.0307	99.994	鍈三郎(3)/鍈一(2)/鍈太郎(1)
5430	陌	6	0.0307	99.994	陌(2)/陌中(1)/陌名(1)/陌生(1)/陌花(1)
5431	霸	6	0.0307	99.994	霸王(2)/霸(1)/霸冷(1)/霸府(1)/霸者(1)
5432	靚	6	0.0307	99.994	靚子(3)/靚(2)/靚王(1)
5433	頎	6	0.0307	99.994	王頎(5)/孫頎(1)
5434	飮	6	0.0307	99.994	溜飮(1)/飮(1)/飮み(1)/飮み食ひ(1)/飮む(1)/飮ん(1)
5435	餝	6	0.0307	99.994	餝縄(2)/矯餝(1)/餝スルニハ(1)/餝記(1)/餝身(1)
5436	髀	6	0.0307	99.994	髀(4)/髀肉(2)
5437	鱉	6	0.0307	99.994	覚鱉(5)/鱉(1)
5438	鵤	6	0.0307	99.994	鵤(6)
5439	麤	6	0.0307	99.994	麤(5)/麤細(1)
5440	黐	6	0.0307	99.994	鳥黐(4)/要黐(1)/鼠黐(1)
5441	齒	6	0.0307	99.994	齒(5)/齒科(1)
5442	齪	6	0.0307	99.994	齷齪(6)
5443	齷	6	0.0307	99.994	齷齪(6)
5444	勤	6	0.0307	99.994	勤(5)/勤務(1)
5445	墨	6	0.0307	99.994	墨集(5)/墨(1)
5446	𠀋	6	0.0307	99.994	𠀋(6)
5447	𡉕	6	0.0307	99.994	𡉕(6)
5448	㒵	5	0.0256	99.994	㒵(5)
5449	亶	5	0.0256	99.994	亶(5)
5450	仭	5	0.0256	99.994	仭(3)/千仭(2)
5451	仵	5	0.0256	99.994	仵龍(5)
5452	侫	5	0.0256	99.994	侫(1)/侫人(1)/侫武多(1)/侫知(1)/侫臣(1)
5453	冢	5	0.0256	99.994	冢(4)/冢宰(1)
5454	匚	5	0.0256	99.994	匚字(5)
5455	匱	5	0.0256	99.994	金匱(4)/匱(1)
5456	卆	5	0.0256	99.994	卆(5)
5457	咯	5	0.0256	99.994	咯彬(3)/咯〓咯〓(2)
5458	噯	5	0.0256	99.994	噯気(3)/噯(2)
5459	嚏	5	0.0256	99.994	嚏(5)
5460	圦	5	0.0256	99.994	船圦(4)/圦(1)
5461	垠	5	0.0256	99.994	李垠(4)/垠凌(1)
5462	壞	5	0.0256	99.994	壞(3)/崩壞(2)
5463	孛	5	0.0256	99.994	孛星(3)/孛彗(1)/孛端(1)
5464	岌	5	0.0256	99.994	岌州(5)
5465	幫	5	0.0256	99.994	幫源(2)/幫(1)/幫我(1)/青幫(1)
5466	广	5	0.0256	99.994	广(5)
5467	弍	5	0.0256	99.994	啓弍(2)/弍夫(1)/弍景(1)/弍経(1)
5468	彔	5	0.0256	99.994	彔(2)/彔上(2)/彔伯〓𣪘(1)
5469	戉	5	0.0256	99.995	戉(5)
5470	挹	5	0.0256	99.995	挹婁(2)/挹注(2)/挹彼(1)
5471	搆	5	0.0256	99.995	心搆え(3)/搆(2)
5472	撩	5	0.0256	99.995	撩乱(4)/撩亂(1)
5473	擺	5	0.0256	99.995	擺(3)/擺る(1)/擺拉(1)
5474	敖	5	0.0256	99.995	敖(4)/哀敖(1)
5475	敞	5	0.0256	99.995	敞(3)/敞夫(1)/敞子(1)
5476	晧	5	0.0256	99.995	晧(1)/晧司(1)/晧星(1)/晧治(1)/魏晧(1)
5477	暹	5	0.0256	99.995	暹羅(4)/暹法(1)
5478	朏	5	0.0256	99.995	朏腫(3)/朏(1)/朏岳(1)
5479	栲	5	0.0256	99.995	栲(4)/栲幡千千姫(1)
5480	楝	5	0.0256	99.995	楝(5)
5481	榰	5	0.0256	99.995	榰恒(2)/榰(1)/榰當(1)/榰與(1)
5482	橅	5	0.0256	99.995	橅(4)/橅林(1)
5483	檞	5	0.0256	99.995	檞(3)/檞落(1)/檞葉(1)
5484	殃	5	0.0256	99.995	殃(3)/殃い(1)/災殃(1)
5485	毆	5	0.0256	99.995	毆(4)/毆ら(1)
5486	毖	5	0.0256	99.995	周毖(3)/毖録(2)
5487	气	5	0.0256	99.995	安气子(3)/气(1)/气好(1)
5488	泓	5	0.0256	99.995	泓(3)/泓水(2)
5489	洹	5	0.0256	99.995	泥洹(3)/洹水(1)/陀洹(1)
5490	涇	5	0.0256	99.995	〓涇東(1)/涇原(1)/涇東(1)/涇水(1)/涇陽(1)
5491	淅	5	0.0256	99.995	淅川(4)/淅(1)
5492	溫	5	0.0256	99.995	溫(2)/溫泉(2)/溫和(1)
5493	滇	5	0.0256	99.995	滇(1)/滇志(1)/滇池(1)/滇王(1)/滇生(1)
5494	潾	5	0.0256	99.995	潾二郎(5)
5495	澍	5	0.0256	99.995	澍等(3)/澍(1)/澍臨(1)
5496	瀏	5	0.0256	99.995	瀏(5)
5497	灣	5	0.0256	99.995	臺灣(2)/灣仔莊士(1)/灣要(1)/鑼灣(1)
5498	炕	5	0.0256	99.995	炕(5)
5499	烱	5	0.0256	99.995	烱眼(3)/烱(1)/烱々(1)
5500	爨	5	0.0256	99.995	炊爨(5)
5501	獒	5	0.0256	99.995	獒(2)/貢獒(2)/獒篇(1)
5502	獱	5	0.0256	99.995	胡獱(5)
5503	琰	5	0.0256	99.995	琰(4)/謝琰(1)
5504	璟	5	0.0256	99.995	希璟(3)/璟(1)/蔡璟(1)
5505	甬	5	0.0256	99.995	甬道(4)/甬(1)
5506	瘋	5	0.0256	99.995	瘋子(3)/瘋狂(1)/瘋癲(1)
5507	癆	5	0.0256	99.995	癆(2)/癆癆(2)/癆痎(1)
5508	皰	5	0.0256	99.995	水皰(2)/面皰(2)/皰(1)
5509	皸	5	0.0256	99.995	皸(5)
5510	盔	5	0.0256	99.995	盔(5)
5511	盖	5	0.0256	99.995	盖(5)
5512	眄	5	0.0256	99.995	左眄(4)/流眄(1)
5513	眥	5	0.0256	99.995	眥(5)
5514	禪	5	0.0256	99.995	禪寺(2)/禪門(1)/禪院(1)/禪僧(1)
5515	笋	5	0.0256	99.995	笋(3)/春笋(1)/鮮笋(1)
5516	笵	5	0.0256	99.995	同笵(4)/笵曄(1)
5517	篏	5	0.0256	99.995	篏め(4)/篏め込み(1)
5518	簠	5	0.0256	99.995	半簠(2)/〓轄簠(1)/簠(1)/簠簋(1)
5519	紵	5	0.0256	99.995	紵(3)/紵糸(1)/紵麻(1)
5520	絁	5	0.0256	99.995	絁(4)/絁畳(1)
5521	絓	5	0.0256	99.995	絓(5)
5522	縉	5	0.0256	99.995	縉(5)
5523	繧	5	0.0256	99.995	繧繝(3)/繝ォ繧呈(1)/繧(1)
5524	羇	5	0.0256	99.995	羇旅(4)/羇中(1)
5525	翛	5	0.0256	99.995	翛然(5)
5526	耨	5	0.0256	99.995	阿耨多羅(2)/阿耨達(2)/耨耕(1)
5527	聿	5	0.0256	99.995	楂古聿(2)/聿代(1)/聿正(1)/聿鍵(1)
5528	膻	5	0.0256	99.995	膻中(5)
5529	苣	5	0.0256	99.995	萵苣(2)/苣原町(1)/苣木(1)/野苣(1)
5530	苴	5	0.0256	99.995	糞苴(3)/土苴(1)/苴橋(1)
5531	茆	5	0.0256	99.995	采茆(3)/茆(1)/茆茨不翦(1)
5532	萇	5	0.0256	99.995	萇(5)
5533	萓	5	0.0256	99.995	萓(5)
5534	蓀	5	0.0256	99.995	杏蓀(5)
5535	蓂	5	0.0256	99.995	隔蓂(5)
5536	蓊	5	0.0256	99.995	蓊助(4)/蓊然(1)
5537	蕙	5	0.0256	99.995	蕙斎(2)/一蕙(1)/蕙子(1)/蕙琳(1)
5538	蘯	5	0.0256	99.995	震蘯(5)
5539	虛	5	0.0256	99.995	虛名(1)/虛弱(1)/虛無(1)/虛言(1)/虛飾(1)
5540	蜉	5	0.0256	99.995	蜉蝣(4)/蚍蜉(1)
5541	螫	5	0.0256	99.995	螫さ(3)/螫し(1)/螫す(1)
5542	螬	5	0.0256	99.995	螬明(2)/螬果(2)/螬(1)
5543	螻	5	0.0256	99.995	螻蛄(2)/螻蟻(2)/蚓螻(1)
5544	衄	5	0.0256	99.995	鼽衄(5)
5545	衫	5	0.0256	99.995	汗衫(3)/布衫(1)/衫樽(1)
5546	袤	5	0.0256	99.995	広袤(5)
5547	裘	5	0.0256	99.995	裘(3)/狐裘(1)/羶裘(1)
5548	褙	5	0.0256	99.995	裱褙(5)
5549	褞	5	0.0256	99.995	褞袍(4)/褞(1)
5550	詒	5	0.0256	99.995	詒譲(5)
5551	諢	5	0.0256	99.995	諢名(3)/諢話(2)
5552	謌	5	0.0256	99.995	隆謌(5)
5553	跑	5	0.0256	99.995	跑足(2)/別跑了(1)/跑(1)/跑起(1)
5554	躄	5	0.0256	99.995	躄っ(3)/痿躄(1)/躄る(1)
5555	轜	5	0.0256	99.995	轜車(3)/霊轜(2)
5556	遐	5	0.0256	99.995	兼遐(2)/遐年(1)/遐方(1)/遐齢(1)
5557	遯	5	0.0256	99.995	遯(2)/遯れ(1)/遯れよう(1)/遯月(1)
5558	郗	5	0.0256	99.995	郗(5)
5559	郢	5	0.0256	99.995	郢(4)/郢曲(1)
5560	酛	5	0.0256	99.995	生酛(3)/酛(1)/酛仕(1)
5561	釼	5	0.0256	99.995	玉釼(4)/鎗釼(1)
5562	鉅	5	0.0256	99.995	鉅橋(2)/鉅(1)/鉅劫(1)/鉅夫(1)
5563	鉧	5	0.0256	99.995	鉧(5)
5564	銙	5	0.0256	99.995	銙帯(5)
5565	鍑	5	0.0256	99.995	銅鍑(3)/鍑(2)
5566	鏈	5	0.0256	99.995	鏈之助(5)
5567	鐃	5	0.0256	99.995	鐃(2)/鈷鐃(1)/鐃鈸(1)/鐃鼓(1)
5568	鑛	5	0.0256	99.995	鑛造(2)/鑛泉(1)/鑛男(1)/鑛石(1)
5569	闐	5	0.0256	99.995	于闐(5)
5570	阯	5	0.0256	99.995	交阯(4)/阯(1)
5571	陬	5	0.0256	99.995	僻陬(3)/辺陬(1)/陬(1)
5572	隲	5	0.0256	99.995	隲(2)/隲蔵(2)/品隲(1)
5573	靳	5	0.0256	99.995	靳令(2)/靳以(2)/靳彊(1)
5574	韆	5	0.0256	99.995	鞦韆(5)
5575	顥	5	0.0256	99.995	崔顥(3)/元顥(1)/程顥(1)
5576	颶	5	0.0256	99.995	颶風(3)/颶(1)/颶ろう(1)
5577	髠	5	0.0256	99.995	髠(5)
5578	鬧	5	0.0256	99.995	雑鬧(3)/鬧がす(2)
5579	鬲	5	0.0256	99.995	鬲(5)
5580	鬻	5	0.0256	99.995	鬻ぎ(3)/鬻い(1)/鬻ぐ(1)
5581	鮃	5	0.0256	99.995	鮃(4)/舌鮃(1)
5582	鯔	5	0.0256	99.995	鯔(5)
5583	鯣	5	0.0256	99.995	鯣(4)/干鯣(1)
5584	鵝	5	0.0256	99.995	鵝掌(2)/泙擦鵝(1)/鵝湖(1)/鵝鳥(1)
5585	鶲	5	0.0256	99.995	黄鶲(3)/鶲(2)
5586	鸛	5	0.0256	99.995	鸛(5)
5587	鼕	5	0.0256	99.995	鼕(5)
5588	鼽	5	0.0256	99.996	鼽衄(5)
5589	欄	5	0.0256	99.996	欄(2)/欄干(2)/欄楯(1)
5590	朗	5	0.0256	99.996	朗讀(3)/法朗西(1)/朗(1)
5591	凞	5	0.0256	99.996	凞(3)/直凞(2)
5592	免	5	0.0256	99.996	免(2)/免れ(2)/轉免(1)
5593	嘆	5	0.0256	99.996	嘆(4)/咏嘆(1)
5594	器	5	0.0256	99.996	器(4)/器用(1)
5595	㟴	4	0.0205	99.996	㟴(2)/㟴坡(1)/㟴駅(1)
5596	㮶	4	0.0205	99.996	㮶杖(4)
5597	丶	4	0.0205	99.996	丶丶丶(3)/丶(1)
5598	亳	4	0.0205	99.996	亳(2)/亳寺(2)
5599	亻	4	0.0205	99.996	亻(4)
5600	伾	4	0.0205	99.996	伾(4)
5601	俶	4	0.0205	99.996	俶(4)
5602	倻	4	0.0205	99.996	伽倻(1)/倻六(1)/倻山(1)/倻洞(1)
5603	僮	4	0.0205	99.996	僮県(3)/僮客(1)
5604	儆	4	0.0205	99.996	儆(2)/儆戒(1)/儆醒(1)
5605	兔	4	0.0205	99.996	兔(4)
5606	冕	4	0.0205	99.996	軒冕(2)/冕(1)/冠冕(1)
5607	冱	4	0.0205	99.996	冱(2)/冱え(1)/冱て返る(1)
5608	凾	4	0.0205	99.996	凾(2)/鉄凾(2)
5609	刄	4	0.0205	99.996	刄(4)
5610	勸	4	0.0205	99.996	勸(3)/勸誘(1)
5611	卣	4	0.0205	99.996	卣(3)/保卣(1)
5612	吧	4	0.0205	99.996	吧(2)/呱吧(1)/酒吧(1)
5613	吩	4	0.0205	99.996	吩咐け(3)/吩咐(1)
5614	咐	4	0.0205	99.996	吩咐け(3)/吩咐(1)
5615	哂	4	0.0205	99.996	哂(2)/哂つ(1)/哂ふ(1)
5616	唼	4	0.0205	99.996	生唼(4)
5617	喎	4	0.0205	99.996	喎蘭(4)
5618	囿	4	0.0205	99.996	李囿(3)/苑囿(1)
5619	堊	4	0.0205	99.996	白堊(3)/堊恋(1)
5620	墩	4	0.0205	99.996	墩墓(2)/墩果(2)
5621	夔	4	0.0205	99.996	夔(3)/夔竜(1)
5622	夛	4	0.0205	99.996	久夛良木(4)
5623	奭	4	0.0205	99.996	奭(2)/柳奭(1)/範奭(1)
5624	孀	4	0.0205	99.996	孀婦(2)/孀(1)/孀嫁(1)
5625	孁	4	0.0205	99.996	大日孁(3)/孁(1)
5626	嵓	4	0.0205	99.996	嵓(4)
5627	廁	4	0.0205	99.996	廁(2)/廁所(2)
5628	廏	4	0.0205	99.996	廏戸(4)
5629	弭	4	0.0205	99.996	弭(2)/角弭(2)
5630	很	4	0.0205	99.996	很(2)/很可(1)/很辛(1)
5631	恟	4	0.0205	99.996	恟々(4)
5632	惘	4	0.0205	99.996	惘然(3)/悽惘(1)
5633	愎	4	0.0205	99.996	剛愎(4)
5634	愬	4	0.0205	99.996	愬える(3)/愬え(1)
5635	慴	4	0.0205	99.996	慴伏(3)/慴憚(1)
5636	憖	4	0.0205	99.996	憖憖(2)/憖(1)/憖い(1)
5637	戞	4	0.0205	99.996	戞(2)/戞然(1)/黠戞斯(1)
5638	戡	4	0.0205	99.996	蘇戡(2)/戡乱(1)/戡定(1)
5639	戲	4	0.0205	99.996	惡戲(1)/戲れごと(1)/戲文(1)/戲曲(1)
5640	戾	4	0.0205	99.996	戾つ(3)/戾(1)
5641	抖	4	0.0205	99.996	抖擻(4)
5642	拆	4	0.0205	99.996	拆(2)/拆竹(1)/拆除(1)
5643	挌	4	0.0205	99.996	挌闘(4)
5644	揭	4	0.0205	99.996	上揭(1)/揭(1)/揭げ(1)/揭げる(1)
5645	摹	4	0.0205	99.996	摹写(3)/摹本(1)
5646	擻	4	0.0205	99.996	抖擻(4)
5647	旆	4	0.0205	99.996	旆(3)/大旆(1)
5648	昺	4	0.0205	99.996	邢昺(4)
5649	晤	4	0.0205	99.996	面晤(2)/晤っ(1)/晤朗(1)
5650	曻	4	0.0205	99.996	曻(4)
5651	柁	4	0.0205	99.996	柁(2)/柁取り(1)/柁楼(1)
5652	柬	4	0.0205	99.996	柬之(2)/柬(1)/柬埔寨(1)
5653	棐	4	0.0205	99.996	〓棐(2)/棐妹(2)
5654	棭	4	0.0205	99.996	棭斎(4)
5655	楤	4	0.0205	99.996	楤(4)
5656	榾	4	0.0205	99.996	榾(2)/榾火(2)
5657	樞	4	0.0205	99.996	中樞(2)/樞(1)/樞要(1)
5658	毋	4	0.0205	99.996	毋(1)/毋丘(1)/毋八(1)/毋親(1)
5659	氵	4	0.0205	99.996	氵(4)
5660	渴	4	0.0205	99.996	渴(1)/渴する(1)/渴症(1)/渴采(1)
5661	湣	4	0.0205	99.996	湣公(2)/湣王(2)
5662	濰	4	0.0205	99.996	濰県(2)/濰間(2)
5663	灝	4	0.0205	99.996	尚灝(2)/文灝(2)
5664	烤	4	0.0205	99.996	烤鴨(3)/烤(1)
5665	燔	4	0.0205	99.996	燔(2)/燔祭(2)
5666	獻	4	0.0205	99.996	獻(1)/獻げ(1)/獻公(1)/獻帝(1)
5667	珮	4	0.0205	99.996	遺珮(3)/珮環(1)
5668	甎	4	0.0205	99.996	甎全(3)/甎(1)
5669	甞	4	0.0205	99.996	甞(4)
5670	痊	4	0.0205	99.996	痊瘡(4)
5671	痿	4	0.0205	99.996	痿疾(2)/痿(1)/痿躄(1)
5672	皚	4	0.0205	99.996	皚々(2)/皚皚(2)
5673	皷	4	0.0205	99.996	皷(1)/皷楼(1)/皷舞(1)/躍皷(1)
5674	皹	4	0.0205	99.996	皹(4)
5675	睺	4	0.0205	99.996	羅睺羅(3)/羅睺(1)
5676	砠	4	0.0205	99.996	砠燈(2)/砠(1)/砠之(1)
5677	硲	4	0.0205	99.996	硲(3)/硲彰(1)
5678	碪	4	0.0205	99.996	碪(2)/碪浮(1)/碪花(1)
5679	碼	4	0.0205	99.996	碼頭(3)/碼見(1)
5680	磌	4	0.0205	99.996	磌一(4)
5681	秔	4	0.0205	99.996	秔(4)
5682	秕	4	0.0205	99.996	秕(3)/秕政(1)
5683	竊	4	0.0205	99.996	竊(2)/竊か(1)/竊生(1)
5684	筱	4	0.0205	99.996	筱庵(2)/筱舎(1)/筱見(1)
5685	篥	4	0.0205	99.996	篳篥(4)
5686	篦	4	0.0205	99.996	篦(2)/篦原(1)/篦彫り(1)
5687	篳	4	0.0205	99.996	篳篥(4)
5688	粢	4	0.0205	99.996	祭粢(3)/粢(1)
5689	糕	4	0.0205	99.996	糕(4)
5690	糙	4	0.0205	99.996	糙(2)/糙性(2)
5691	糴	4	0.0205	99.996	糴(2)/糴売(1)/糴買(1)
5692	紣	4	0.0205	99.996	紣(3)/紣屋(1)
5693	縵	4	0.0205	99.996	玉縵(2)/珠縵(1)/花縵(1)
5694	翩	4	0.0205	99.996	翩翻(3)/翩山(1)
5695	胯	4	0.0205	99.996	胯間(3)/胯(1)
5696	腊	4	0.0205	99.996	腊葉(3)/腊月(1)
5697	莧	4	0.0205	99.996	滑莧(2)/莧(1)/藜莧(1)
5698	蒅	4	0.0205	99.996	蒅(2)/蒅藍(1)/隆蒅(1)
5699	蒿	4	0.0205	99.996	蒿喜(2)/茼蒿炒(1)/蒿矢(1)
5700	蓐	4	0.0205	99.996	蓐瘡(2)/就蓐(1)/臥蓐(1)
5701	蕷	4	0.0205	99.996	薯蕷(4)
5702	薈	4	0.0205	99.996	薈(2)/薈編(2)
5703	藕	4	0.0205	99.996	藕翁(2)/藕(1)/藕舲(1)
5704	藭	4	0.0205	99.996	о藭殺(1)/藭(1)/藭主(1)/藭殺(1)
5705	蘚	4	0.0205	99.996	蘚苔(4)
5706	虗	4	0.0205	99.996	玄虗(4)
5707	蝣	4	0.0205	99.996	蜉蝣(4)
5708	蝴	4	0.0205	99.996	蝴蝴(2)/蝴蝶(2)
5709	螭	4	0.0205	99.996	豺螭(2)/螭竜(1)/螭虎(1)
5710	蟯	4	0.0205	99.996	蟯虫(4)
5711	蠓	4	0.0205	99.996	蠓(4)
5712	蠔	4	0.0205	99.996	蠔(2)/蠔中(1)/蠔勇(1)
5713	衵	4	0.0205	99.996	衵(2)/衵扇(1)/重衵(1)
5714	袘	4	0.0205	99.996	袘(4)
5715	裒	4	0.0205	99.996	王裒(3)/裒(1)
5716	襯	4	0.0205	99.996	襯衣(4)
5717	襾	4	0.0205	99.996	襾鈴(4)
5718	覰	4	0.0205	99.996	覰(2)/覰井(1)/覰驢(1)
5719	觔	4	0.0205	99.996	觔斗(3)/觔以(1)
5720	觜	4	0.0205	99.996	觜(3)/鷹觜(1)
5721	譎	4	0.0205	99.996	奸譎(1)/姦譎(1)/譎詐(1)/譎黠(1)
5722	賚	4	0.0205	99.996	賚(2)/大賚(1)/賚ふ(1)
5723	趁	4	0.0205	99.996	趁(1)/趁い(1)/趁う(1)/趁ふ(1)
5724	踈	4	0.0205	99.996	踈(4)
5725	躋	4	0.0205	99.996	躋寿(2)/躋(1)/躋造(1)
5726	躶	4	0.0205	99.996	躶(3)/真躶(1)
5727	軫	4	0.0205	99.996	軫(4)
5728	遞	4	0.0205	99.996	遞信(4)
5729	酡	4	0.0205	99.996	酡惰野(2)/酡(1)/酡駝(1)
5730	釵	4	0.0205	99.996	釵(3)/釵子(1)
5731	鋩	4	0.0205	99.996	鋒鋩(2)/鋩(1)/鋩子(1)
5732	錙	4	0.0205	99.996	錙銖(3)/錙(1)
5733	錡	4	0.0205	99.996	文錡(2)/世錡(1)/錡水(1)
5734	鎹	4	0.0205	99.997	鎹(4)
5735	鐫	4	0.0205	99.997	鐫る(2)/鐫(1)/鐫り(1)
5736	閎	4	0.0205	99.997	閎夭(3)/閎か(1)
5737	閧	4	0.0205	99.997	閧(4)
5738	閹	4	0.0205	99.997	閹(4)
5739	阡	4	0.0205	99.997	六阡(1)/数阡(1)/阡(1)/阡歩(1)
5740	阳	4	0.0205	99.997	朝阳(3)/阳(1)
5741	隹	4	0.0205	99.997	隹(4)
5742	雕	4	0.0205	99.997	雕(2)/雕龍(2)
5743	雩	4	0.0205	99.997	雩門(2)/雩台(1)/雩都(1)
5744	靁	4	0.0205	99.997	靁(4)
5745	韵	4	0.0205	99.997	韵(4)
5746	頫	4	0.0205	99.997	孟頫(3)/頫視(1)
5747	顱	4	0.0205	99.997	顱頂(2)/頭顱(1)/顱(1)
5748	驃	4	0.0205	99.997	驃騎(4)
5749	鯢	4	0.0205	99.997	鯢(4)
5750	鰥	4	0.0205	99.997	鰥(3)/鰥夫(1)
5751	鱶	4	0.0205	99.997	鱶(2)/鱶鰭(2)
5752	鴟	4	0.0205	99.997	鴟尾(4)
5753	鴿	4	0.0205	99.997	鴿(4)
5754	鷀	4	0.0205	99.997	鸕鷀(3)/鸕鷀守(1)
5755	鷁	4	0.0205	99.997	鷁首(4)
5756	鷦	4	0.0205	99.997	鷦鷯(3)/小泊瀨稚鷦鷯(1)
5757	鷯	4	0.0205	99.997	鷦鷯(3)/小泊瀨稚鷦鷯(1)
5758	鷽	4	0.0205	99.997	鷽(4)
5759	黔	4	0.0205	99.997	黔(3)/黔東南(1)
5760	黽	4	0.0205	99.997	黽勉(4)
5761	齕	4	0.0205	99.997	王齕(4)
5762	龢	4	0.0205	99.997	旭龢(2)/同龢(1)/龢行(1)
5763	層	4	0.0205	99.997	層(2)/層倍(1)/層部(1)
5764	梅	4	0.0205	99.997	梅(3)/梅雨(1)
5765	𣓤	4	0.0205	99.997	𣓤(4)
5766	𣪘	4	0.0205	99.997	〓𣪘(1)/彔伯〓𣪘(1)/集咎𣪘(1)/𣪘(1)
5767	㝬	3	0.0154	99.997	㝬(3)
5768	估	3	0.0154	99.997	估(1)/估価(1)/商估(1)
5769	佾	3	0.0154	99.997	佾氏(2)/八佾(1)
5770	侗	3	0.0154	99.997	侗庵(3)
5771	俅	3	0.0154	99.997	高俅(3)
5772	倂	3	0.0154	99.997	倂せ(2)/倂行(1)
5773	儛	3	0.0154	99.997	儛(2)/歌儛(1)
5774	兕	3	0.0154	99.997	兕馬觚(2)/兕馬(1)
5775	关	3	0.0154	99.997	〓关(1)/关照(1)/海关(1)
5776	冘	3	0.0154	99.997	冘(3)
5777	冪	3	0.0154	99.997	冪(3)
5778	凞	3	0.0154	99.997	凞生(3)
5779	剗	3	0.0154	99.997	剗(3)
5780	剿	3	0.0154	99.997	剿共(3)
5781	劍	3	0.0154	99.997	劍(2)/劍術(1)
5782	劬	3	0.0154	99.997	劬わる(2)/劬(1)
5783	勵	3	0.0154	99.997	勵(2)/勉勵(1)
5784	匀	3	0.0154	99.997	都匀(3)
5785	吋	3	0.0154	99.997	吋(3)
5786	听	3	0.0154	99.997	听(3)
5787	呰	3	0.0154	99.997	呰麻呂(3)
5788	售	3	0.0154	99.997	銷售(2)/復售(1)
5789	喞	3	0.0154	99.997	喞(2)/喞た(1)
5790	嗔	3	0.0154	99.997	嗔っ(2)/嗔り(1)
5791	嗷	3	0.0154	99.997	嗷嗷(2)/嗷(1)
5792	嘖	3	0.0154	99.997	嘖々(2)/嘖ま(1)
5793	噉	3	0.0154	99.997	噉(1)/噉ハムトセル(1)/食噉は(1)
5794	嚭	3	0.0154	99.997	珎嚭(2)/伯嚭(1)
5795	圈	3	0.0154	99.997	圈圈圈囚(3)
5796	圉	3	0.0154	99.997	圉(3)
5797	圷	3	0.0154	99.997	圷光(1)/圷氏(1)/圷脚(1)
5798	垬	3	0.0154	99.997	垬橋(3)
5799	垸	3	0.0154	99.997	〓垸弐(1)/垸染(1)/垸飯(1)
5800	塋	3	0.0154	99.997	塋域(2)/塋(1)
5801	墅	3	0.0154	99.997	別墅(2)/墅(1)
5802	增	3	0.0154	99.997	增刊(1)/增殖(1)/增補(1)
5803	壑	3	0.0154	99.997	溝壑(2)/万壑(1)
5804	夋	3	0.0154	99.997	夋(2)/夋巡(1)
5805	夘	3	0.0154	99.997	夘(1)/夘三(1)/夘之原(1)
5806	媄	3	0.0154	99.997	媄子(3)
5807	嫄	3	0.0154	99.997	嫄子(3)
5808	嬖	3	0.0154	99.997	嬖妾(1)/嬖臣(1)/孼嬖(1)
5809	嬴	3	0.0154	99.997	嬴(3)
5810	孃	3	0.0154	99.997	孃(1)/孃子(1)/孃樣(1)
5811	孖	3	0.0154	99.997	孖(3)
5812	孽	3	0.0154	99.997	妖孽(2)/孽(1)
5813	寃	3	0.0154	99.997	寃(3)
5814	寰	3	0.0154	99.997	寰宇(2)/人寰(1)
5815	屆	3	0.0154	99.997	屆(2)/屆く(1)
5816	嶂	3	0.0154	99.997	孤嶂(2)/連嶂(1)
5817	廋	3	0.0154	99.997	廋信(3)
5818	廡	3	0.0154	99.997	右廡(1)/左廡(1)/廡為(1)
5819	忼	3	0.0154	99.997	忼慨(2)/悲歌忼慨(1)
5820	怐	3	0.0154	99.997	輪怐(3)
5821	悵	3	0.0154	99.997	悵(1)/悵望(1)/悵然(1)
5822	憍	3	0.0154	99.997	憍(1)/憍梵(1)/虚憍(1)
5823	戛	3	0.0154	99.997	戛(2)/戛然(1)
5824	扒	3	0.0154	99.997	〓扒(1)/扒知(1)/扒鶏(1)
5825	抂	3	0.0154	99.997	抂(2)/抂げ(1)
5826	拼	3	0.0154	99.997	拼音(3)
5827	挊	3	0.0154	99.997	挊(2)/挊ぎ(1)
5828	搜	3	0.0154	99.997	搜(3)
5829	擠	3	0.0154	99.997	擠(3)
5830	攴	3	0.0154	99.997	攴(3)
5831	旒	3	0.0154	99.997	旒(2)/旒旗(1)
5832	晄	3	0.0154	99.997	晄正(2)/晄(1)
5833	暾	3	0.0154	99.997	暾詩(1)/永暾(1)/邃暾(1)
5834	曷	3	0.0154	99.997	曷嘗(1)/曷娑那(1)/瑞曷(1)
5835	杠	3	0.0154	99.997	杠也(1)/杠山(1)/杠謂(1)
5836	梲	3	0.0154	99.997	梲(3)
5837	棃	3	0.0154	99.997	棃(3)
5838	楪	3	0.0154	99.997	楪(3)
5839	榀	3	0.0154	99.997	榀(3)
5840	槵	3	0.0154	99.997	槵触(2)/天槵津大来目(1)
5841	欵	3	0.0154	99.997	欵状(2)/欵(1)
5842	殞	3	0.0154	99.997	殞(2)/殞す(1)
5843	毉	3	0.0154	99.997	毉山(3)
5844	毌	3	0.0154	99.997	毌丘(3)
5845	毮	3	0.0154	99.997	かき毮り(1)/毮(1)/毮り取っ(1)
5846	汧	3	0.0154	99.997	汧国(2)/汧(1)
5847	汨	3	0.0154	99.997	汨羅(2)/汨水(1)
5848	泝	3	0.0154	99.997	泝(1)/泝り(1)/泝上(1)
5849	洮	3	0.0154	99.997	臨洮(3)
5850	淼	3	0.0154	99.997	淼(3)
5851	湎	3	0.0154	99.997	沈湎(3)
5852	滙	3	0.0154	99.997	徐家滙(2)/滙報(1)
5853	滷	3	0.0154	99.997	滷(1)/滷之(1)/滷鮭(1)
5854	潛	3	0.0154	99.997	潛在(2)/潛れ(1)
5855	潦	3	0.0154	99.997	潦(3)
5856	潺	3	0.0154	99.997	潺湲(2)/潺々(1)
5857	濺	3	0.0154	99.997	濺(3)
5858	瀁	3	0.0154	99.997	瀁村(3)
5859	炫	3	0.0154	99.997	宗炫(1)/炫(1)/炫佑(1)
5860	煞	3	0.0154	99.997	可煞だ(2)/煞星(1)
5861	熈	3	0.0154	99.997	正熈(1)/熈子(1)/豊熈(1)
5862	燉	3	0.0154	99.997	清燉出骨甲魚(1)/燉茄(1)/燉鶏(1)
5863	燹	3	0.0154	99.997	兵燹(3)
5864	猽	3	0.0154	99.997	海猽(3)
5865	獸	3	0.0154	99.997	獸(1)/獸苑(1)/禽獸(1)
5866	瑋	3	0.0154	99.997	陳瑋(2)/瑋倫(1)
5867	璇	3	0.0154	99.997	家璇(3)
5868	璜	3	0.0154	99.997	璜(2)/翟璜(1)
5869	璠	3	0.0154	99.997	璠(2)/璠作(1)
5870	璣	3	0.0154	99.997	珠璣(3)
5871	畴	3	0.0154	99.997	範畴(2)/畴昔(1)
5872	疔	3	0.0154	99.997	面疔(3)
5873	癢	3	0.0154	99.997	伎癢(2)/技癢(1)
5874	癶	3	0.0154	99.997	癶(3)
5875	睜	3	0.0154	99.997	睜い(2)/睜(1)
5876	碆	3	0.0154	99.997	碆(3)
5877	磬	3	0.0154	99.997	磬(3)
5878	祜	3	0.0154	99.997	祜探(2)/祜識(1)
5879	禀	3	0.0154	99.997	禀議(2)/禀(1)
5880	禕	3	0.0154	99.997	禕(2)/費禕(1)
5881	稹	3	0.0154	99.997	元稹(2)/稹(1)
5882	笨	3	0.0154	99.997	粗笨(3)
5883	篙	3	0.0154	99.997	篙(3)
5884	簃	3	0.0154	99.997	个簃(3)
5885	簓	3	0.0154	99.997	簓(3)
5886	簶	3	0.0154	99.997	胡簶(3)
5887	籀	3	0.0154	99.997	古籀(2)/籀文(1)
5888	籏	3	0.0154	99.997	小籏(1)/籏出(1)/籏福(1)
5889	籙	3	0.0154	99.997	籙(3)
5890	籮	3	0.0154	99.997	籮(3)
5891	糒	3	0.0154	99.997	糒(3)
5892	綟	3	0.0154	99.997	綟り織(1)/綟子(1)/綟摺(1)
5893	綢	3	0.0154	99.997	絲綢(2)/綢繆(1)
5894	綦	3	0.0154	99.997	綦衛(2)/綦(1)
5895	綫	3	0.0154	99.997	絨綫(1)/綫條(1)/綫電(1)
5896	緡	3	0.0154	99.997	緡(2)/緡銭(1)
5897	縝	3	0.0154	99.997	縝密(2)/縝(1)
5898	羣	3	0.0154	99.997	陳羣(3)
5899	翕	3	0.0154	99.997	翕侯(1)/翕然(1)/翕集(1)
5900	耜	3	0.0154	99.997	耜友(2)/耜(1)
5901	肓	3	0.0154	99.997	膏肓(3)
5902	胼	3	0.0154	99.997	胼胝(2)/胼(1)
5903	脉	3	0.0154	99.997	脉診(2)/脉(1)
5904	脯	3	0.0154	99.997	脯(2)/肺脯(1)
5905	腆	3	0.0154	99.997	腆支(3)
5906	膰	3	0.0154	99.997	膰肉(3)
5907	臠	3	0.0154	99.997	炙臠(2)/臠(1)
5908	舖	3	0.0154	99.997	舖(3)
5909	艚	3	0.0154	99.997	艚(3)
5910	苕	3	0.0154	99.997	苕渓詩巻(2)/苕渓(1)
5911	莒	3	0.0154	99.997	莒(3)
5912	菀	3	0.0154	99.997	同菀(1)/菀(1)/菀神(1)
5913	菹	3	0.0154	99.997	菹(3)
5914	菽	3	0.0154	99.997	菽藿(2)/菽(1)
5915	萢	3	0.0154	99.997	萢(1)/萢曄(1)/萢鏡(1)
5916	萪	3	0.0154	99.997	萪内(3)
5917	蓖	3	0.0154	99.997	蓖麻(2)/蓖麻子油(1)
5918	蘅	3	0.0154	99.997	蘅(3)
5919	蘢	3	0.0154	99.997	蘢(2)/蘢明(1)
5920	蚋	3	0.0154	99.997	蚋(3)
5921	蛄	3	0.0154	99.998	螻蛄(2)/蝦蛄(1)
5922	蛼	3	0.0154	99.998	蛼(3)
5923	蜺	3	0.0154	99.998	蜺(2)/虹蜺(1)
5924	蠃	3	0.0154	99.998	蠃(1)/蠃仇(1)/蠃廻(1)
5925	蠶	3	0.0154	99.998	夏蠶(1)/蠶豆(1)/蠶食(1)
5926	蠹	3	0.0154	99.998	蠹(2)/胥蠹(1)
5927	蠻	3	0.0154	99.998	蠻夷(1)/蠻寺(1)/野蠻(1)
5928	袗	3	0.0154	99.998	軽袗(2)/袗衣(1)
5929	袪	3	0.0154	99.998	袪(1)/袪痰(1)/袪詠(1)
5930	袮	3	0.0154	99.998	袮(3)
5931	袰	3	0.0154	99.998	袰月(3)
5932	裹	3	0.0154	99.998	裹(1)/裹ま(1)/裹頭(1)
5933	襪	3	0.0154	99.998	襪(3)
5934	覦	3	0.0154	99.998	覬覦(3)
5935	詵	3	0.0154	99.998	孟詵(2)/智詵(1)
5936	贊	3	0.0154	99.998	贊(2)/贊助(1)
5937	贏	3	0.0154	99.998	双贏(1)/贏ち得(1)/贏瘦(1)
5938	踐	3	0.0154	99.998	踐(1)/踐ま(1)/踐ん(1)
5939	蹼	3	0.0154	99.998	全蹼(3)
5940	軆	3	0.0154	99.998	軆術(2)/軆(1)
5941	輒	3	0.0154	99.998	輒(1)/輒ち(1)/輒然(1)
5942	迯	3	0.0154	99.998	迯げ(2)/迯(1)
5943	遒	3	0.0154	99.998	遒(1)/遒健(1)/遒勁(1)
5944	郄	3	0.0154	99.998	郄嶋(1)/郄木(1)/郄田(1)
5945	鄱	3	0.0154	99.998	鄱(1)/鄱陽(1)/鄱陽甜隙(1)
5946	鄴	3	0.0154	99.998	鄴(3)
5947	鈸	3	0.0154	99.998	鈸(2)/鐃鈸(1)
5948	鉸	3	0.0154	99.998	鉸具(3)
5949	阝	3	0.0154	99.998	阝(1)/阝保(1)/阝部(1)
5950	阨	3	0.0154	99.998	困阨(1)/阨(1)/阨い(1)
5951	隄	3	0.0154	99.998	隄防(2)/隄決(1)
5952	靹	3	0.0154	99.998	早靹(1)/靹(1)/靹の浦(1)
5953	頞	3	0.0154	99.998	頞儞羅(3)
5954	顴	3	0.0154	99.998	顴骨(3)
5955	飆	3	0.0154	99.998	飆新(2)/飆(1)
5956	飭	3	0.0154	99.998	戒飭(1)/飭(1)/飭軍(1)
5957	駛	3	0.0154	99.998	駛る(2)/駛走(1)
5958	髫	3	0.0154	99.998	髫髪(2)/垂髫(1)
5959	鬐	3	0.0154	99.998	鬐甲(3)
5960	鮠	3	0.0154	99.998	鮠(3)
5961	鮧	3	0.0154	99.998	鱁鮧(3)
5962	鯤	3	0.0154	99.998	鯤(3)
5963	鰕	3	0.0154	99.998	鰕蔵(2)/鰕(1)
5964	鱁	3	0.0154	99.998	鱁鮧(3)
5965	鱏	3	0.0154	99.998	鱏(3)
5966	鵆	3	0.0154	99.998	鵆月(3)
5967	鵼	3	0.0154	99.998	鵼(3)
5968	黜	3	0.0154	99.998	黜罰(2)/黜(1)
5969	黼	3	0.0154	99.998	黼(3)
5970	鼇	3	0.0154	99.998	鼇(1)/鼇山(1)/鼇虫(1)
5971	廊	3	0.0154	99.998	廊下(3)
5972	練	3	0.0154	99.998	練(2)/練味(1)
5973	繁	3	0.0154	99.998	繁(3)
5974	𠬝	3	0.0154	99.998	𠬝(3)
5975	𣑥	3	0.0154	99.998	𣑥(3)
5976	𦙾	3	0.0154	99.998	𦙾(3)
5977	𧦅	3	0.0154	99.998	𧦅(3)
5978	丂	2	0.0102	99.998	丂(2)
5979	丗	2	0.0102	99.998	丗(1)/丗分(1)
5980	么	2	0.0102	99.998	么九(1)/什么(1)
5981	乕	2	0.0102	99.998	乕夫(1)/乕雄(1)
5982	乢	2	0.0102	99.998	乢越(1)/穴ヶ乢(1)
5983	亊	2	0.0102	99.998	亊(2)
5984	仐	2	0.0102	99.998	仐(2)
5985	佟	2	0.0102	99.998	佟(1)/佟健(1)
5986	佬	2	0.0102	99.998	佬(2)
5987	俛	2	0.0102	99.998	俛(1)/俛仰(1)
5988	倐	2	0.0102	99.998	倐(2)
5989	儉	2	0.0102	99.998	儉(1)/儉股(1)
5990	冂	2	0.0102	99.998	冂(2)
5991	况	2	0.0102	99.998	况(1)/状况(1)
5992	凮	2	0.0102	99.998	凮月(2)
5993	刁	2	0.0102	99.998	刁羊(1)/刁風(1)
5994	勛	2	0.0102	99.998	立勛(1)/載勛(1)
5995	勰	2	0.0102	99.998	劉勰(2)
5996	匇	2	0.0102	99.998	匇(2)
5997	匸	2	0.0102	99.998	匸(2)
5998	卩	2	0.0102	99.998	卩(2)
5999	厮	2	0.0102	99.998	厮馬(2)
6000	厶	2	0.0102	99.998	厶(1)/厶る(1)
6001	呍	2	0.0102	99.998	阿呍(2)
6002	呕	2	0.0102	99.998	呕(1)/呕吐(1)
6003	哿	2	0.0102	99.998	哿(2)
6004	啊	2	0.0102	99.998	啊(2)
6005	喟	2	0.0102	99.998	喟然(2)
6006	喨	2	0.0102	99.998	喨々(1)/嚠喨(1)
6007	噬	2	0.0102	99.998	噬む(1)/噬付き(1)
6008	噶	2	0.0102	99.998	准噶爾(1)/噶尓(1)
6009	嚚	2	0.0102	99.998	嚚頑(2)
6010	嚩	2	0.0102	99.998	嚩曰(1)/娑嚩訶(1)
6011	嚬	2	0.0102	99.998	嚬(2)
6012	垰	2	0.0102	99.998	垰(2)
6013	堙	2	0.0102	99.998	堙(1)/堙没(1)
6014	塲	2	0.0102	99.998	塲(1)/塲所(1)
6015	墮	2	0.0102	99.998	墮(2)
6016	壅	2	0.0102	99.998	壅棺(1)/壅蔽(1)
6017	壘	2	0.0102	99.998	壘(1)/殘壘(1)
6018	夬	2	0.0102	99.998	夬(2)
6019	奬	2	0.0102	99.998	奬(2)
6020	婺	2	0.0102	99.998	婺州(1)/婺本(1)
6021	嫖	2	0.0102	99.998	嫖客(1)/嫖興(1)
6022	宓	2	0.0102	99.998	宓子(2)
6023	寬	2	0.0102	99.998	寬(2)
6024	尅	2	0.0102	99.998	尅(2)
6025	岫	2	0.0102	99.998	長岫(2)
6026	岺	2	0.0102	99.998	健岺(1)/宗岺(1)
6027	峩	2	0.0102	99.998	昭峩(2)
6028	崚	2	0.0102	99.998	崚厳(1)/崚平(1)
6029	崟	2	0.0102	99.998	崟太(1)/崟夫(1)
6030	崧	2	0.0102	99.998	景崧(1)/由崧(1)
6031	嵋	2	0.0102	99.998	峨嵋山(2)
6032	嶇	2	0.0102	99.998	崎嶇(2)
6033	幗	2	0.0102	99.998	幗樹(2)
6034	幤	2	0.0102	99.998	幤(1)/幤局(1)
6035	幵	2	0.0102	99.998	从邑幵聲(1)/幵(1)
6036	庠	2	0.0102	99.998	国庠(1)/潤庠(1)
6037	廨	2	0.0102	99.998	廨田(2)
6038	廳	2	0.0102	99.998	餐廳(1)/視廳(1)
6039	开	2	0.0102	99.998	开(2)
6040	彘	2	0.0102	99.998	彘(1)/彘肩(1)
6041	彜	2	0.0102	99.998	彜(2)
6042	徇	2	0.0102	99.998	徇(1)/徇行(1)
6043	悒	2	0.0102	99.998	悒欝(1)/悒鬱(1)
6044	惓	2	0.0102	99.998	惓(1)/惓ん(1)
6045	惕	2	0.0102	99.998	怵不惕(1)/惕窓(1)
6046	惴	2	0.0102	99.998	惴(1)/惴官(1)
6047	愜	2	0.0102	99.998	愜(1)/愜ふ(1)
6048	憙	2	0.0102	99.998	威憙(1)/憙(1)
6049	懌	2	0.0102	99.998	禅懌(2)
6050	懍	2	0.0102	99.998	懍(2)
6051	懴	2	0.0102	99.998	懴悔(1)/懴法(1)
6052	懽	2	0.0102	99.998	懽子(2)
6053	扎	2	0.0102	99.998	〓〓扎(1)/〓扎(1)
6054	挘	2	0.0102	99.998	引挘っ(1)/挘ら(1)
6055	摠	2	0.0102	99.998	摠見(2)
6056	撝	2	0.0102	99.998	撝叔(1)/撝謙(1)
6057	擊	2	0.0102	99.998	擊ち(1)/擊前(1)
6058	擣	2	0.0102	99.998	擣目(2)
6059	擯	2	0.0102	99.998	擯(1)/擯斥(1)
6060	敧	2	0.0102	99.998	敧て(2)
6061	昃	2	0.0102	99.998	昃(1)/昃り(1)
6062	昫	2	0.0102	99.998	昫(2)
6063	暘	2	0.0102	99.998	陳暘(2)
6064	暸	2	0.0102	99.998	明暸(2)
6065	曁	2	0.0102	99.998	諸曁(2)
6066	朅	2	0.0102	99.998	朅盤陀(2)
6067	枦	2	0.0102	99.998	枦宇(2)
6068	枹	2	0.0102	99.998	枹(2)
6069	栫	2	0.0102	99.998	栫(1)/栫裕(1)
6070	栾	2	0.0102	99.998	団栾(1)/栾(1)
6071	桌	2	0.0102	99.998	桌子(1)/難忘的石桌(1)
6072	桙	2	0.0102	99.998	桙(1)/桙一(1)
6073	桮	2	0.0102	99.998	不勝桮杓(1)/桮(1)
6074	棣	2	0.0102	99.998	常棣(1)/棣(1)
6075	棰	2	0.0102	99.998	棒棰(1)/棰(1)
6076	椵	2	0.0102	99.998	椵島(2)
6077	楙	2	0.0102	99.998	楙(2)
6078	楴	2	0.0102	99.998	楴(1)/楴吉(1)
6079	榭	2	0.0102	99.998	榭(2)
6080	槊	2	0.0102	99.998	槊(1)/長槊(1)
6081	槖	2	0.0102	99.998	槖吾(2)
6082	檉	2	0.0102	99.998	檉(1)/檉岸(1)
6083	櫞	2	0.0102	99.998	枸櫞(2)
6084	櫬	2	0.0102	99.998	櫬殿(2)
6085	歃	2	0.0102	99.998	歃(1)/歃血(1)
6086	殍	2	0.0102	99.998	殍(2)
6087	毱	2	0.0102	99.998	手毱(1)/毱(1)
6088	泙	2	0.0102	99.998	泙擦鵝(1)/泙靴(1)
6089	泮	2	0.0102	99.998	楽泮(2)
6090	泯	2	0.0102	99.998	泯(2)
6091	洶	2	0.0102	99.998	洶湧(2)
6092	涮	2	0.0102	99.998	涮羊(2)
6093	淙	2	0.0102	99.998	淙(2)
6094	湲	2	0.0102	99.998	潺湲(2)
6095	溷	2	0.0102	99.998	溷濁(2)
6096	滯	2	0.0102	99.998	滯(1)/滯在(1)
6097	潸	2	0.0102	99.998	潸潸(2)
6098	澀	2	0.0102	99.998	澀江(2)
6099	澆	2	0.0102	99.998	澆季(2)
6100	澈	2	0.0102	99.998	敬澈(1)/鄭澈(1)
6101	澠	2	0.0102	99.998	澠池(2)
6102	澡	2	0.0102	99.998	澡う(1)/澡浴(1)
6103	濬	2	0.0102	99.998	濬(2)
6104	瀘	2	0.0102	99.998	瀘探(1)/瀘過(1)
6105	瀦	2	0.0102	99.998	三瀦(2)
6106	瀲	2	0.0102	99.998	瀲(1)/瀲武(1)
6107	炻	2	0.0102	99.998	炻器(2)
6108	烓	2	0.0102	99.998	烓(2)
6109	烔	2	0.0102	99.998	烔旭(1)/烔眼(1)
6110	烘	2	0.0102	99.998	烘(1)/烘〓(1)
6111	烜	2	0.0102	99.998	烜(2)
6112	烬	2	0.0102	99.998	余烬(1)/烬(1)
6113	煆	2	0.0102	99.998	煆焼(2)
6114	煦	2	0.0102	99.998	煦育(1)/煦露(1)
6115	煨	2	0.0102	99.998	〓煨(1)/煨(1)
6116	熒	2	0.0102	99.998	熒惑(2)
6117	燬	2	0.0102	99.998	燬(1)/燬き(1)
6118	爍	2	0.0102	99.998	李爍(1)/矍爍(1)
6119	牋	2	0.0102	99.998	牋(2)
6120	獵	2	0.0102	99.998	獵(2)
6121	玅	2	0.0102	99.998	玅笑(2)
6122	玦	2	0.0102	99.998	玉玦(1)/玦(1)
6123	玷	2	0.0102	99.998	玷け(2)
6124	玹	2	0.0102	99.998	玹(2)
6125	珥	2	0.0102	99.998	和珥(1)/珥(1)
6126	珩	2	0.0102	99.998	度珩(2)
6127	瑄	2	0.0102	99.998	哲瑄(1)/瑄燮(1)
6128	瑇	2	0.0102	99.998	瑇瑁(2)
6129	瑫	2	0.0102	99.998	性瑫(2)
6130	璐	2	0.0102	99.998	璐美(2)
6131	璘	2	0.0102	99.998	永璘(2)
6132	瓖	2	0.0102	99.998	瓖(1)/阿那瓖(1)
6133	瓩	2	0.0102	99.998	瓩(2)
6134	甗	2	0.0102	99.998	甗(2)
6135	甪	2	0.0102	99.998	甪里(2)
6136	甯	2	0.0102	99.998	甯戚(1)/甯老(1)
6137	畎	2	0.0102	99.998	畎畝(2)
6138	畤	2	0.0102	99.998	畤(1)/霊畤(1)
6139	瘞	2	0.0102	99.998	瘞鶴(2)
6140	瘭	2	0.0102	99.998	瘭疽(2)
6141	瘰	2	0.0102	99.998	瘰癧(2)
6142	瘳	2	0.0102	99.998	瘳(2)
6143	癧	2	0.0102	99.998	瘰癧(2)
6144	皀	2	0.0102	99.998	皀旗(1)/皀莢(1)
6145	皃	2	0.0102	99.998	皃(2)
6146	皪	2	0.0102	99.998	皪(2)
6147	盉	2	0.0102	99.998	盉(1)/麥盉(1)
6148	盌	2	0.0102	99.998	盌(1)/盌裏(1)
6149	盱	2	0.0102	99.998	盱眙(2)
6150	眙	2	0.0102	99.998	盱眙(2)
6151	睟	2	0.0102	99.998	睟(2)
6152	瞀	2	0.0102	99.998	伯昏瞀人(2)
6153	矇	2	0.0102	99.998	曚矇(1)/矇朧(1)
6154	硃	2	0.0102	99.998	硃批(2)
6155	硨	2	0.0102	99.998	硨磲(2)
6156	确	2	0.0102	99.998	磽确(2)
6157	碰	2	0.0102	99.998	你有碰到〓(1)/碰到(1)
6158	磽	2	0.0102	99.998	磽确(2)
6159	礀	2	0.0102	99.998	宗礀(1)/礀(1)
6160	礮	2	0.0102	99.998	礮(2)
6161	礴	2	0.0102	99.998	磅礴(2)
6162	祆	2	0.0102	99.998	祆教(2)
6163	祛	2	0.0102	99.998	祛邪(1)/祛風(1)
6164	窼	2	0.0102	99.998	窼(2)
6165	竫	2	0.0102	99.998	竫公(1)/竫弘(1)
6166	笘	2	0.0102	99.998	三笘(1)/笘沼(1)
6167	筭	2	0.0102	99.998	筭(1)/算筭(1)
6168	糝	2	0.0102	99.998	糝粉(2)
6169	紈	2	0.0102	99.998	紈(1)/羅紈(1)
6170	紒	2	0.0102	99.998	紒(2)
6171	絋	2	0.0102	99.998	絋物(1)/絋編(1)
6172	緂	2	0.0102	99.998	緂(2)
6173	緜	2	0.0102	99.998	木緜(1)/練緜(1)
6174	縈	2	0.0102	99.998	縈(1)/縈紆(1)
6175	縑	2	0.0102	99.998	縑(2)
6176	縕	2	0.0102	99.998	縕袍(2)
6177	縟	2	0.0102	99.998	縟(1)/縟礼(1)
6178	縱	2	0.0102	99.998	縱い(1)/縱横(1)
6179	縻	2	0.0102	99.998	縻(1)/羈縻(1)
6180	纘	2	0.0102	99.998	纘(1)/纘述(1)
6181	罍	2	0.0102	99.998	罍(1)/罍昭(1)
6182	罣	2	0.0102	99.998	罣礙(2)
6183	罨	2	0.0102	99.998	罨法(2)
6184	羗	2	0.0102	99.998	羗世(1)/羗活(1)
6185	羸	2	0.0102	99.998	羸痩(2)
6186	耤	2	0.0102	99.998	耤(2)
6187	耷	2	0.0102	99.998	耷(2)
6188	聃	2	0.0102	99.998	老聃(1)/聃(1)
6189	胠	2	0.0102	99.999	胠(1)/胠脇(1)
6190	脞	2	0.0102	99.999	脞痩(1)/郷脞(1)
6191	膈	2	0.0102	99.999	膈(2)
6192	膓	2	0.0102	99.999	牛膓(2)
6193	膩	2	0.0102	99.999	膩(2)
6194	膸	2	0.0102	99.999	膸(2)
6195	臟	2	0.0102	99.999	臟(2)
6196	舲	2	0.0102	99.999	舲翁(1)/藕舲(1)
6197	艟	2	0.0102	99.999	朦艟(1)/艨艟(1)
6198	艨	2	0.0102	99.999	艨〓(1)/艨艟(1)
6199	艹	2	0.0102	99.999	艹(2)
6200	芣	2	0.0102	99.999	芣(1)/芣苡(1)
6201	芿	2	0.0102	99.999	俊芿(2)
6202	荃	2	0.0102	99.999	国荃(1)/荃湾(1)
6203	莖	2	0.0102	99.999	水莖(2)
6204	莩	2	0.0102	99.999	莩(1)/葭莩(1)
6205	萵	2	0.0102	99.999	萵苣(2)
6206	蒺	2	0.0102	99.999	蒺(1)/蒺藜(1)
6207	蒾	2	0.0102	99.999	萊蒾(2)
6208	蓧	2	0.0102	99.999	蓧(1)/蓧丈(1)
6209	蕈	2	0.0102	99.999	蕈形(1)/香蕈(1)
6210	蕕	2	0.0102	99.999	蕕(1)/蕕垢(1)
6211	薤	2	0.0102	99.999	薤露(2)
6212	薭	2	0.0102	99.999	薭田(2)
6213	蘄	2	0.0102	99.999	蘄年(2)
6214	蘐	2	0.0102	99.999	蘐園(2)
6215	蘑	2	0.0102	99.999	蘑菇(2)
6216	蘓	2	0.0102	99.999	蘓(1)/蘓邇(1)
6217	蘗	2	0.0102	99.999	蘗酒(1)/黄蘗色(1)
6218	蚸	2	0.0102	99.999	〓蚸慕(1)/螇蚸(1)
6219	蛩	2	0.0102	99.999	早蛩(1)/闘蛩(1)
6220	螈	2	0.0102	99.999	蠑螈(2)
6221	螽	2	0.0102	99.999	螽(1)/螽蟖(1)
6222	蟆	2	0.0102	99.999	蟆俳(1)/蟆子(1)
6223	蠑	2	0.0102	99.999	蠑螈(2)
6224	蠖	2	0.0102	99.999	尺蠖(2)
6225	褊	2	0.0102	99.999	褊心(2)
6226	褘	2	0.0102	99.999	褘(1)/陳褘(1)
6227	覈	2	0.0102	99.999	考覈(1)/覈(1)
6228	訢	2	0.0102	99.999	奕訢(2)
6229	詆	2	0.0102	99.999	詆る(1)/詆毀(1)
6230	諗	2	0.0102	99.999	従諗(2)
6231	諶	2	0.0102	99.999	正諶(2)
6232	豇	2	0.0102	99.999	豇豆(2)
6233	豢	2	0.0102	99.999	豢(1)/豢龍(1)
6234	豸	2	0.0102	99.999	豸(1)/豸扁(1)
6235	貅	2	0.0102	99.999	貔貅(2)
6236	貎	2	0.0102	99.999	容貎(1)/貎(1)
6237	貓	2	0.0102	99.999	貓里(2)
6238	貔	2	0.0102	99.999	貔貅(2)
6239	賸	2	0.0102	99.999	賸話(2)
6240	輙	2	0.0102	99.999	輙(2)
6241	輭	2	0.0102	99.999	輭者(2)
6242	轂	2	0.0102	99.999	轂(2)
6243	逋	2	0.0102	99.999	逋脱(2)
6244	逑	2	0.0102	99.999	好逑(2)
6245	逕	2	0.0102	99.999	逕庭(2)
6246	遝	2	0.0102	99.999	遝至(2)
6247	遶	2	0.0102	99.999	遶(2)
6248	邳	2	0.0102	99.999	下邳(1)/大邳(1)
6249	郃	2	0.0102	99.999	李郃(1)/郃(1)
6250	郛	2	0.0102	99.999	郛(1)/郛村(1)
6251	郤	2	0.0102	99.999	郤(1)/郤狡(1)
6252	郯	2	0.0102	99.999	郯城(2)
6253	酤	2	0.0102	99.999	酤う(1)/酤っ(1)
6254	醺	2	0.0102	99.999	微醺(2)
6255	釤	2	0.0102	99.999	釤(2)
6256	釭	2	0.0102	99.999	釭三郎(1)/青釭(1)
6257	鈐	2	0.0102	99.999	鈐(1)/鈐録(1)
6258	鈩	2	0.0102	99.999	鈩(1)/鈩不(1)
6259	鈺	2	0.0102	99.999	世鈺(2)
6260	銍	2	0.0102	99.999	銍知(2)
6261	鋌	2	0.0102	99.999	鋌(2)
6262	錕	2	0.0102	99.999	曹錕(2)
6263	錻	2	0.0102	99.999	錻力(2)
6264	鍥	2	0.0102	99.999	鍥便(1)/鍥類(1)
6265	鏗	2	0.0102	99.999	鏗二(1)/鏗氏(1)
6266	鏘	2	0.0102	99.999	鏘(1)/鏘様(1)
6267	鏱	2	0.0102	99.999	鏱子(2)
6268	鑄	2	0.0102	99.999	鑄躇(1)/鑄鏤(1)
6269	鑫	2	0.0102	99.999	鑫培(2)
6270	鑲	2	0.0102	99.999	鑲黄(2)
6271	閽	2	0.0102	99.999	宸閽(1)/閽(1)
6272	闋	2	0.0102	99.999	数闋(1)/闋(1)
6273	陘	2	0.0102	99.999	井陘(2)
6274	陷	2	0.0102	99.999	陷(2)
6275	雯	2	0.0102	99.999	阿雯(1)/靖雯(1)
6276	靆	2	0.0102	99.999	靉靆(2)
6277	靏	2	0.0102	99.999	靏一(1)/靏義(1)
6278	靨	2	0.0102	99.999	靨(2)
6279	韞	2	0.0102	99.999	道韞(2)
6280	韲	2	0.0102	99.999	韲物(2)
6281	韴	2	0.0102	99.999	韴霊(2)
6282	頊	2	0.0102	99.999	鏞頊(1)/顓頊(1)
6283	飰	2	0.0102	99.999	飰し(1)/飰す(1)
6284	餒	2	0.0102	99.999	寒餒(1)/餒(1)
6285	饋	2	0.0102	99.999	饋電(2)
6286	饕	2	0.0102	99.999	饕〓(1)/饕餮(1)
6287	駙	2	0.0102	99.999	駙馬(2)
6288	駻	2	0.0102	99.999	駻馬(2)
6289	騃	2	0.0102	99.999	而騃(1)/騃而(1)
6290	騅	2	0.0102	99.999	騅(2)
6291	骼	2	0.0102	99.999	骨骼(2)
6292	髎	2	0.0102	99.999	髎(2)
6293	髞	2	0.0102	99.999	髞(2)
6294	鬟	2	0.0102	99.999	双鬟(1)/鬟(1)
6295	鬭	2	0.0102	99.999	鬭(1)/鬭花(1)
6296	魹	2	0.0102	99.999	魹ヶ埼(1)/魹ヶ崎(1)
6297	鮹	2	0.0102	99.999	莵道貝鮹(2)
6298	鯎	2	0.0102	99.999	鯎(2)
6299	鰰	2	0.0102	99.999	鰰(2)
6300	鱓	2	0.0102	99.999	鱓(2)
6301	鱚	2	0.0102	99.999	鱚(2)
6302	鴆	2	0.0102	99.999	鴆毒(2)
6303	鶚	2	0.0102	99.999	劉鶚(1)/鶚(1)
6304	鶿	2	0.0102	99.999	鷺鶿(2)
6305	鷓	2	0.0102	99.999	鷓胡(1)/鷓鴣(1)
6306	鷧	2	0.0102	99.999	鷧斎(2)
6307	鷭	2	0.0102	99.999	鷭(2)
6308	鸙	2	0.0102	99.999	鸙(2)
6309	麽	2	0.0102	99.999	乍麽生(1)/作麽生(1)
6310	齦	2	0.0102	99.999	歯齦(2)
6311	龠	2	0.0102	99.999	龠(2)
6312	隆	2	0.0102	99.999	隆信(1)/隆郁(1)
6313	﨤	2	0.0102	99.999	﨤目(2)
6314	慨	2	0.0102	99.999	憤慨(2)
6315	既	2	0.0102	99.999	既(2)
6316	暑	2	0.0102	99.999	暑(1)/暑く(1)
6317	祈	2	0.0102	99.999	祈(2)
6318	禍	2	0.0102	99.999	慘禍(1)/禍ひ(1)
6319	節	2	0.0102	99.999	節(2)
6320	臭	2	0.0102	99.999	青臭い(1)/臭氣(1)
6321	響	2	0.0102	99.999	響(2)
6322	𡈽	2	0.0102	99.999	𡈽(2)
6323	𡱖	2	0.0102	99.999	𡱖(2)
6324	𤂖	2	0.0102	99.999	𤂖(2)
6325	𥝱	2	0.0102	99.999	𥝱(2)
6326	𦫿	2	0.0102	99.999	𦫿(2)
6327	㝡	1	0.0051	99.999	㝡仲(1)
6328	㡡	1	0.0051	99.999	㡡(1)
6329	㮈	1	0.0051	99.999	㮈女耆域(1)
6330	㷔	1	0.0051	99.999	㷔(1)
6331	䐜	1	0.0051	99.999	䐜脹(1)
6332	䗪	1	0.0051	99.999	䗪虫(1)
6333	䪼	1	0.0051	99.999	䪼(1)
6334	丐	1	0.0051	99.999	乞丐(1)
6335	丨	1	0.0051	99.999	丨部(1)
6336	丰	1	0.0051	99.999	丰(1)
6337	亅	1	0.0051	99.999	亅部(1)
6338	亟	1	0.0051	99.999	彬之亟(1)
6339	亰	1	0.0051	99.999	亰開(1)
6340	仂	1	0.0051	99.999	仂(1)
6341	佰	1	0.0051	99.999	〓堞壱佰床(1)
6342	侔	1	0.0051	99.999	侔(1)
6343	侖	1	0.0051	99.999	昆都侖(1)
6344	倔	1	0.0051	99.999	倔(1)
6345	倞	1	0.0051	99.999	楊倞(1)
6346	倧	1	0.0051	99.999	倧教(1)
6347	倬	1	0.0051	99.999	倬(1)
6348	倮	1	0.0051	99.999	倮(1)
6349	偆	1	0.0051	99.999	偆(1)
6350	偐	1	0.0051	99.999	偐紫(1)
6351	僦	1	0.0051	99.999	僦房(1)
6352	儈	1	0.0051	99.999	儈贅(1)
6353	儋	1	0.0051	99.999	儋耳(1)
6354	儔	1	0.0051	99.999	儔(1)
6355	儻	1	0.0051	99.999	周儻(1)
6356	冐	1	0.0051	99.999	冐(1)
6357	冖	1	0.0051	99.999	冖(1)
6358	冩	1	0.0051	99.999	冩(1)
6359	冼	1	0.0051	99.999	冼(1)
6360	凵	1	0.0051	99.999	凵(1)
6361	刋	1	0.0051	99.999	刋(1)
6362	剄	1	0.0051	99.999	剄草(1)
6363	剏	1	0.0051	99.999	剏(1)
6364	剡	1	0.0051	99.999	剡分(1)
6365	剳	1	0.0051	99.999	剳(1)
6366	劑	1	0.0051	99.999	劑(1)
6367	劘	1	0.0051	99.999	劘(1)
6368	劦	1	0.0051	99.999	木劦麻那(1)
6369	劼	1	0.0051	99.999	劼(1)
6370	勍	1	0.0051	99.999	勍(1)
6371	匏	1	0.0051	99.999	匏里(1)
6372	匾	1	0.0051	99.999	匾額(1)
6373	卡	1	0.0051	99.999	卡拉(1)
6374	卮	1	0.0051	99.999	斗卮酒(1)
6375	卺	1	0.0051	99.999	卺(1)
6376	厂	1	0.0051	99.999	厂〓(1)
6377	厰	1	0.0051	99.999	厰(1)
6378	厷	1	0.0051	99.999	靖厷(1)
6379	呎	1	0.0051	99.999	呎(1)
6380	呢	1	0.0051	99.999	呢(1)
6381	咈	1	0.0051	99.999	吁咈(1)
6382	咖	1	0.0051	99.999	炒咖唎(1)
6383	咢	1	0.0051	99.999	咢(1)
6384	咨	1	0.0051	99.999	咨る(1)
6385	哦	1	0.0051	99.999	哦(1)
6386	唉	1	0.0051	99.999	唉、〜。(1)
6387	唵	1	0.0051	99.999	唵(1)
6388	唹	1	0.0051	99.999	囎唹(1)
6389	啀	1	0.0051	99.999	啀み合は(1)
6390	啗	1	0.0051	99.999	覆其盾於地、…切而啗之。(1)
6391	啡	1	0.0051	99.999	啡(1)
6392	啤	1	0.0051	99.999	啤(1)
6393	喈	1	0.0051	99.999	喈(1)
6394	嗎	1	0.0051	99.999	嗎(1)
6395	嘎	1	0.0051	99.999	嘎仙(1)
6396	嘷	1	0.0051	99.999	嘷(1)
6397	噦	1	0.0051	99.999	噦(1)
6398	嚝	1	0.0051	99.999	嚝野(1)
6399	嚠	1	0.0051	99.999	嚠喨(1)
6400	嚳	1	0.0051	99.999	帝嚳(1)
6401	囈	1	0.0051	99.999	囈言(1)
6402	囍	1	0.0051	99.999	囍(1)
6403	囎	1	0.0051	99.999	囎唹(1)
6404	囑	1	0.0051	99.999	囑望(1)
6405	囷	1	0.0051	99.999	囷(1)
6406	囹	1	0.0051	99.999	囹圄(1)
6407	圄	1	0.0051	99.999	囹圄(1)
6408	圣	1	0.0051	99.999	圣夫(1)
6409	坍	1	0.0051	99.999	半坍(1)
6410	坨	1	0.0051	99.999	東坨山子(1)
6411	垝	1	0.0051	99.999	垝(1)
6412	垪	1	0.0051	99.999	垪和(1)
6413	埆	1	0.0051	99.999	琦埆(1)
6414	埣	1	0.0051	99.999	憔埣(1)
6415	埤	1	0.0051	99.999	埤雅(1)
6416	堞	1	0.0051	99.999	〓堞壱佰床(1)
6417	堠	1	0.0051	99.999	堠(1)
6418	墊	1	0.0051	99.999	墊江(1)
6419	壎	1	0.0051	99.999	壎〓(1)
6420	壗	1	0.0051	99.999	壗(1)
6421	壳	1	0.0051	99.999	壳(1)
6422	夤	1	0.0051	99.999	夤(1)
6423	夲	1	0.0051	99.999	夲例(1)
6424	奐	1	0.0051	99.999	奐美(1)
6425	妝	1	0.0051	99.999	妝飾(1)
6426	妤	1	0.0051	99.999	妤(1)
6427	妼	1	0.0051	99.999	妼(1)
6428	姤	1	0.0051	99.999	姤(1)
6429	姧	1	0.0051	99.999	姧(1)
6430	姮	1	0.0051	99.999	姮娥(1)
6431	娓	1	0.0051	99.999	娓(1)
6432	娚	1	0.0051	99.999	娚(1)
6433	娵	1	0.0051	99.999	娵(1)
6434	媞	1	0.0051	99.999	媞子(1)
6435	媳	1	0.0051	99.999	媳婦(1)
6436	嫐	1	0.0051	99.999	嫐(1)
6437	嫵	1	0.0051	99.999	嫵(1)
6438	嬀	1	0.0051	99.999	嬀家(1)
6439	嬥	1	0.0051	99.999	嬥歌(1)
6440	孼	1	0.0051	99.999	孼嬖(1)
6441	宀	1	0.0051	99.999	宀(1)
6442	寘	1	0.0051	99.999	寘国(1)
6443	尫	1	0.0051	99.999	尫弱(1)
6444	屰	1	0.0051	99.999	屰(1)
6445	岔	1	0.0051	99.999	岔口(1)
6446	岭	1	0.0051	99.999	岭全(1)
6447	峋	1	0.0051	99.999	峋一(1)
6448	崤	1	0.0051	99.999	崤山(1)
6449	嵇	1	0.0051	99.999	嵇君(1)
6450	嶄	1	0.0051	99.999	嶄然(1)
6451	嶢	1	0.0051	99.999	嶢頭(1)
6452	嶲	1	0.0051	99.999	越嶲(1)
6453	嶷	1	0.0051	99.999	嶷然(1)
6454	巒	1	0.0051	99.999	青巒(1)
6455	巠	1	0.0051	99.999	巠夫(1)
6456	巵	1	0.0051	99.999	巵(1)
6457	帕	1	0.0051	99.999	手帕(1)
6458	幖	1	0.0051	99.999	幖幟(1)
6459	幘	1	0.0051	99.999	幘(1)
6460	廰	1	0.0051	99.999	官廰(1)
6461	廱	1	0.0051	99.999	廱(1)
6462	彲	1	0.0051	99.999	彲(1)
6463	彽	1	0.0051	99.999	彽徊(1)
6464	徑	1	0.0051	99.999	徑(1)
6465	徼	1	0.0051	99.999	徼(1)
6466	忄	1	0.0051	99.999	忄(1)
6467	忩	1	0.0051	99.999	忩(1)
6468	忯	1	0.0051	99.999	忯子(1)
6469	忻	1	0.0051	99.999	忻(1)
6470	怵	1	0.0051	99.999	怵不惕(1)
6471	悃	1	0.0051	99.999	悃願(1)
6472	悝	1	0.0051	99.999	李悝(1)
6473	惆	1	0.0051	99.999	我思旧事猶惆帳。(1)
6474	惋	1	0.0051	99.999	惋惜(1)
6475	惔	1	0.0051	99.999	劉惔(1)
6476	惛	1	0.0051	99.999	惛沈(1)
6477	愙	1	0.0051	99.999	愙斎(1)
6478	愡	1	0.0051	99.999	煩愡(1)
6479	愨	1	0.0051	99.999	愨(1)
6480	慓	1	0.0051	99.999	慓然(1)
6481	慝	1	0.0051	99.999	慝等(1)
6482	慠	1	0.0051	99.999	慠岸(1)
6483	憇	1	0.0051	99.999	憇つ(1)
6484	戕	1	0.0051	99.999	戕賊(1)
6485	戢	1	0.0051	99.999	戢(1)
6486	扠	1	0.0051	99.999	扠(1)
6487	扯	1	0.0051	99.999	扯(1)
6488	抅	1	0.0051	99.999	抅(1)
6489	抦	1	0.0051	99.999	抦(1)
6490	拄	1	0.0051	99.999	拄杖(1)
6491	拊	1	0.0051	99.999	拊(1)
6492	拕	1	0.0051	99.999	拕泥(1)
6493	挈	1	0.0051	99.999	挈げ(1)
6494	挐	1	0.0051	99.999	漢挐(1)
6495	捫	1	0.0051	99.999	捫著(1)
6496	捶	1	0.0051	99.999	捶杖(1)
6497	揀	1	0.0051	99.999	揀ぶ(1)
6498	揕	1	0.0051	99.999	揕(1)
6499	揩	1	0.0051	99.999	揩梯(1)
6500	揵	1	0.0051	99.999	揵陀(1)
6501	搩	1	0.0051	99.999	搩手(1)
6502	摭	1	0.0051	99.999	摭い(1)
6503	摽	1	0.0051	99.999	摽有(1)
6504	撿	1	0.0051	99.999	撿査(1)
6505	擘	1	0.0051	99.999	擘苞(1)
6506	擶	1	0.0051	99.999	擶導(1)
6507	攅	1	0.0051	99.999	攅竹(1)
6508	攞	1	0.0051	99.999	攞(1)
6509	攵	1	0.0051	99.999	攵(1)
6510	敔	1	0.0051	99.999	敔(1)
6511	旃	1	0.0051	99.999	旃延(1)
6512	旙	1	0.0051	99.999	旙宮(1)
6513	旡	1	0.0051	99.999	旡(1)
6514	昕	1	0.0051	99.999	昕(1)
6515	昤	1	0.0051	99.999	昤吉(1)
6516	晌	1	0.0051	99.999	晌二(1)
6517	晬	1	0.0051	99.999	晬光(1)
6518	晳	1	0.0051	99.999	晳(1)
6519	暻	1	0.0051	99.999	滋暻(1)
6520	曆	1	0.0051	99.999	曆(1)
6521	曚	1	0.0051	99.999	曚矇(1)
6522	朸	1	0.0051	99.999	山朸(1)
6523	杌	1	0.0051	99.999	杌之(1)
6524	杤	1	0.0051	99.999	杤(1)
6525	杪	1	0.0051	99.999	杪(1)
6526	枩	1	0.0051	99.999	枩(1)
6527	枲	1	0.0051	99.999	枲(1)
6528	枻	1	0.0051	99.999	枻(1)
6529	柎	1	0.0051	99.999	柎也(1)
6530	柒	1	0.0051	99.999	柒(1)
6531	柤	1	0.0051	99.999	柤家(1)
6532	柰	1	0.0051	99.999	柰(1)
6533	梚	1	0.0051	99.999	梚町(1)
6534	棖	1	0.0051	99.999	申棖(1)
6535	椈	1	0.0051	99.999	椈(1)
6536	椌	1	0.0051	99.999	椌(1)
6537	椥	1	0.0051	99.999	椥辻(1)
6538	楉	1	0.0051	99.999	楉(1)
6539	榘	1	0.0051	99.999	榘(1)
6540	榠	1	0.0051	99.999	榠樝(1)
6541	槪	1	0.0051	99.999	槪彼(1)
6542	槲	1	0.0051	99.999	槲(1)
6543	樝	1	0.0051	99.999	榠樝(1)
6544	樾	1	0.0051	99.999	樾(1)
6545	橢	1	0.0051	99.999	橢円(1)
6546	檑	1	0.0051	99.999	檑木(1)
6547	檠	1	0.0051	99.999	短檠(1)
6548	檥	1	0.0051	99.999	檥船(1)
6549	檫	1	0.0051	99.999	檫銘(1)
6550	櫪	1	0.0051	99.999	櫪(1)
6551	櫲	1	0.0051	99.999	櫲樟(1)
6552	欋	1	0.0051	99.999	欋麦(1)
6553	歆	1	0.0051	99.999	歆(1)
6554	歉	1	0.0051	99.999	歉飢(1)
6555	歧	1	0.0051	99.999	歧(1)
6556	殫	1	0.0051	99.999	殫紀(1)
6557	殳	1	0.0051	99.999	殳(1)
6558	氛	1	0.0051	99.999	氛(1)
6559	汛	1	0.0051	99.999	汛(1)
6560	汭	1	0.0051	99.999	汭澤(1)
6561	沍	1	0.0051	99.999	沍返っ(1)
6562	沔	1	0.0051	99.999	沔陽(1)
6563	沘	1	0.0051	99.999	泗沘(1)
6564	泔	1	0.0051	99.999	泔坏(1)
6565	泚	1	0.0051	99.999	泗泚(1)
6566	洎	1	0.0051	99.999	洎芙藍(1)
6567	洫	1	0.0051	99.999	洫志(1)
6568	洱	1	0.0051	99.999	普洱(1)
6569	浹	1	0.0051	99.999	浹水(1)
6570	涉	1	0.0051	99.999	涉(1)
6571	涬	1	0.0051	99.999	涬(1)
6572	涿	1	0.0051	99.999	涿県(1)
6573	淛	1	0.0051	99.999	肇淛(1)
6574	淦	1	0.0051	99.999	淦(1)
6575	渞	1	0.0051	99.999	渞忠(1)
6576	湓	1	0.0051	99.999	湓城(1)
6577	湟	1	0.0051	99.999	湟水(1)
6578	溽	1	0.0051	99.999	溽暑(1)
6579	漚	1	0.0051	99.999	漚(1)
6580	潢	1	0.0051	99.999	潢(1)
6581	潽	1	0.0051	99.999	潽善(1)
6582	澂	1	0.0051	99.999	澂(1)
6583	澶	1	0.0051	99.999	澶淵(1)
6584	濂	1	0.0051	99.999	濂(1)
6585	灞	1	0.0051	99.999	奢灞都(1)
6586	炤	1	0.0051	99.999	炤(1)
6587	炱	1	0.0051	99.999	炱(1)
6588	煇	1	0.0051	99.999	煇(1)
6589	煑	1	0.0051	99.999	煑(1)
6590	煜	1	0.0051	99.999	曄煜き(1)
6591	煠	1	0.0051	99.999	煠で(1)
6592	煢	1	0.0051	99.999	煢然(1)
6593	熅	1	0.0051	99.999	熅(1)
6594	熇	1	0.0051	99.999	熇壌(1)
6595	熖	1	0.0051	99.999	熖(1)
6596	熢	1	0.0051	99.999	熢火(1)
6597	燙	1	0.0051	99.999	燙(1)
6598	燜	1	0.0051	99.999	燜扁(1)
6599	爹	1	0.0051	99.999	爹(1)
6600	爿	1	0.0051	99.999	爿(1)
6601	牂	1	0.0051	99.999	牂〓(1)
6602	牖	1	0.0051	99.999	牖子(1)
6603	牾	1	0.0051	99.999	牴牾(1)
6604	犖	1	0.0051	99.999	犖(1)
6605	犰	1	0.0051	99.999	犰狳(1)
6606	犲	1	0.0051	99.999	犲狼(1)
6607	狠	1	0.0051	99.999	狠命(1)
6608	狳	1	0.0051	99.999	犰狳(1)
6609	猗	1	0.0051	99.999	猗(1)
6610	猙	1	0.0051	99.999	猙獰(1)
6611	猝	1	0.0051	99.999	猝か(1)
6612	獎	1	0.0051	99.999	獎忠(1)
6613	獷	1	0.0051	99.999	獷(1)
6614	玕	1	0.0051	99.999	琅玕(1)
6615	玟	1	0.0051	99.999	善玟(1)
6616	玢	1	0.0051	99.999	玢岩(1)
6617	珖	1	0.0051	99.999	珖様(1)
6618	珸	1	0.0051	99.999	珸瑤瑁村(1)
6619	琨	1	0.0051	99.999	劉琨(1)
6620	璩	1	0.0051	99.999	璩(1)
6621	璫	1	0.0051	99.999	瑯璫(1)
6622	璵	1	0.0051	99.999	璵(1)
6623	瓉	1	0.0051	99.999	瓉配(1)
6624	瓲	1	0.0051	99.999	瓲(1)
6625	甁	1	0.0051	99.999	甁(1)
6626	疂	1	0.0051	99.999	疂紙(1)
6627	痃	1	0.0051	99.999	痃(1)
6628	痎	1	0.0051	99.999	癆痎(1)
6629	痤	1	0.0051	99.999	痤瘡(1)
6630	痳	1	0.0051	99.999	痳痺(1)
6631	瘟	1	0.0051	99.999	瘟方(1)
6632	癉	1	0.0051	99.999	癉熱(1)
6633	癤	1	0.0051	99.999	癤(1)
6634	癮	1	0.0051	99.999	癮者(1)
6635	皕	1	0.0051	99.999	皕(1)
6636	皝	1	0.0051	99.999	皝(1)
6637	皴	1	0.0051	99.999	皴(1)
6638	盍	1	0.0051	99.999	盍言(1)
6639	盦	1	0.0051	99.999	悲盦(1)
6640	盨	1	0.0051	99.999	盨(1)
6641	盻	1	0.0051	99.999	盻(1)
6642	眗	1	0.0051	99.999	眗(1)
6643	眛	1	0.0051	99.999	眛悪(1)
6644	眴	1	0.0051	100.000	眴(1)
6645	睇	1	0.0051	100.000	睇(1)
6646	睹	1	0.0051	100.000	逆睹(1)
6647	瞪	1	0.0051	100.000	瞪(1)
6648	瞹	1	0.0051	100.000	瞹昧(1)
6649	矠	1	0.0051	100.000	矠(1)
6650	矼	1	0.0051	100.000	矼(1)
6651	砡	1	0.0051	100.000	砡(1)
6652	砭	1	0.0051	100.000	砭石(1)
6653	硅	1	0.0051	100.000	硅砂(1)
6654	磑	1	0.0051	100.000	磑(1)
6655	磻	1	0.0051	100.000	磻渓(1)
6656	礑	1	0.0051	100.000	礑と(1)
6657	祊	1	0.0051	100.000	祊後(1)
6658	禝	1	0.0051	100.000	社禝(1)
6659	禴	1	0.0051	100.000	禴祭(1)
6660	秞	1	0.0051	100.000	秞子(1)
6661	秡	1	0.0051	100.000	秡(1)
6662	秧	1	0.0051	100.000	插秧(1)
6663	秬	1	0.0051	100.000	秬鬯(1)
6664	稃	1	0.0051	100.000	稃(1)
6665	穉	1	0.0051	100.000	幼穉(1)
6666	穙	1	0.0051	100.000	穂穙(1)
6667	穭	1	0.0051	100.000	穭(1)
6668	窬	1	0.0051	100.000	窺窬(1)
6669	窳	1	0.0051	100.000	窳惰(1)
6670	窻	1	0.0051	100.000	窻又(1)
6671	竚	1	0.0051	100.000	竚(1)
6672	竢	1	0.0051	100.000	竢(1)
6673	竸	1	0.0051	100.000	竸技(1)
6674	笭	1	0.0051	100.000	笭(1)
6675	筲	1	0.0051	100.000	筲箕(1)
6676	筿	1	0.0051	100.000	筿村(1)
6677	箞	1	0.0051	100.000	箞木(1)
6678	篊	1	0.0051	100.000	海苔篊(1)
6679	篚	1	0.0051	100.000	篚口(1)
6680	簔	1	0.0051	100.000	かくれ簔(1)
6681	簟	1	0.0051	100.000	簟笥(1)
6682	籖	1	0.0051	100.000	籖(1)
6683	籘	1	0.0051	100.000	籘(1)
6684	粃	1	0.0051	100.000	粃(1)
6685	粡	1	0.0051	100.000	粡町(1)
6686	糅	1	0.0051	100.000	糅(1)
6687	紱	1	0.0051	100.000	紱(1)
6688	紲	1	0.0051	100.000	紲(1)
6689	絜	1	0.0051	100.000	絜園(1)
6690	絪	1	0.0051	100.000	絪(1)
6691	絿	1	0.0051	100.000	絿(1)
6692	綉	1	0.0051	100.000	綉花(1)
6693	緌	1	0.0051	100.000	緌(1)
6694	緲	1	0.0051	100.000	縹緲(1)
6695	縠	1	0.0051	100.000	縠二(1)
6696	縬	1	0.0051	100.000	縬織(1)
6697	繒	1	0.0051	100.000	繒六(1)
6698	繦	1	0.0051	100.000	繦(1)
6699	纊	1	0.0051	100.000	纊(1)
6700	纍	1	0.0051	100.000	纍(1)
6701	纎	1	0.0051	100.000	纎細(1)
6702	纑	1	0.0051	100.000	纑〓(1)
6703	纛	1	0.0051	100.000	大纛(1)
6704	缻	1	0.0051	100.000	缻(1)
6705	羔	1	0.0051	100.000	羔誦(1)
6706	羖	1	0.0051	100.000	羖〓(1)
6707	羶	1	0.0051	100.000	羶裘(1)
6708	翎	1	0.0051	100.000	翎(1)
6709	翦	1	0.0051	100.000	茆茨不翦(1)
6710	翺	1	0.0051	100.000	翺之(1)
6711	耒	1	0.0051	100.000	耒(1)
6712	耙	1	0.0051	100.000	耙(1)
6713	聆	1	0.0051	100.000	聆子(1)
6714	聱	1	0.0051	100.000	聱牙(1)
6715	肭	1	0.0051	100.000	膃肭臍(1)
6716	胻	1	0.0051	100.000	胻骨(1)
6717	膃	1	0.0051	100.000	膃肭臍(1)
6718	膕	1	0.0051	100.000	膕(1)
6719	臉	1	0.0051	100.000	臉譜(1)
6720	臻	1	0.0051	100.000	臻(1)
6721	舢	1	0.0051	100.000	舢板(1)
6722	舸	1	0.0051	100.000	走舸(1)
6723	艷	1	0.0051	100.000	艷(1)
6724	芮	1	0.0051	100.000	芮(1)
6725	茈	1	0.0051	100.000	茈静(1)
6726	茌	1	0.0051	100.000	茌平(1)
6727	茺	1	0.0051	100.000	茺口(1)
6728	茼	1	0.0051	100.000	茼蒿炒(1)
6729	荐	1	0.0051	100.000	荐(1)
6730	荑	1	0.0051	100.000	荑媛(1)
6731	荳	1	0.0051	100.000	荳弩(1)
6732	荵	1	0.0051	100.000	荵(1)
6733	荽	1	0.0051	100.000	荽(1)
6734	莇	1	0.0051	100.000	莇谷(1)
6735	莠	1	0.0051	100.000	莠(1)
6736	菏	1	0.0051	100.000	菏沢(1)
6737	菻	1	0.0051	100.000	菻国(1)
6738	葢	1	0.0051	100.000	葢(1)
6739	蒭	1	0.0051	100.000	蒭料(1)
6740	蒴	1	0.0051	100.000	蒴(1)
6741	蒹	1	0.0051	100.000	蒹葭(1)
6742	蓓	1	0.0051	100.000	蓓(1)
6743	蔫	1	0.0051	100.000	蔫録(1)
6744	蔲	1	0.0051	100.000	蔲(1)
6745	蕘	1	0.0051	100.000	芻蕘(1)
6746	蕣	1	0.0051	100.000	蕣庵(1)
6747	蕻	1	0.0051	100.000	蕻(1)
6748	薌	1	0.0051	100.000	薌斎(1)
6749	薰	1	0.0051	100.000	薰(1)
6750	蘡	1	0.0051	100.000	蘡奧(1)
6751	蘹	1	0.0051	100.000	蘹香(1)
6752	虯	1	0.0051	100.000	琲虯(1)
6753	虺	1	0.0051	100.000	虺(1)
6754	蚉	1	0.0051	100.000	蚉(1)
6755	蚍	1	0.0051	100.000	蚍蜉(1)
6756	蚣	1	0.0051	100.000	蜈蚣(1)
6757	蚩	1	0.0051	100.000	蚩尤(1)
6758	蚫	1	0.0051	100.000	蚫(1)
6759	蚰	1	0.0051	100.000	蚰蜒(1)
6760	蚶	1	0.0051	100.000	蚶殻(1)
6761	蛽	1	0.0051	100.000	蛽(1)
6762	蜈	1	0.0051	100.000	蜈蚣(1)
6763	蝀	1	0.0051	100.000	蝃蝀(1)
6764	蝃	1	0.0051	100.000	蝃蝀(1)
6765	蝤	1	0.0051	100.000	蝤蠐(1)
6766	蝥	1	0.0051	100.000	蝥(1)
6767	螇	1	0.0051	100.000	螇蚸(1)
6768	螳	1	0.0051	100.000	螳螂(1)
6769	蟎	1	0.0051	100.000	蟎(1)
6770	蟖	1	0.0051	100.000	螽蟖(1)
6771	蟵	1	0.0051	100.000	蟵(1)
6772	蠁	1	0.0051	100.000	蠁子(1)
6773	蠐	1	0.0051	100.000	蝤蠐(1)
6774	衂	1	0.0051	100.000	衂(1)
6775	衤	1	0.0051	100.000	衤(1)
6776	裀	1	0.0051	100.000	裀(1)
6777	裑	1	0.0051	100.000	裑(1)
6778	裼	1	0.0051	100.000	袒裼(1)
6779	褝	1	0.0051	100.000	褝氏(1)
6780	襌	1	0.0051	100.000	襌(1)
6781	覃	1	0.0051	100.000	覃雄(1)
6782	覓	1	0.0051	100.000	覓め(1)
6783	觱	1	0.0051	100.000	觱(1)
6784	觿	1	0.0051	100.000	觿(1)
6785	訕	1	0.0051	100.000	訕(1)
6786	詼	1	0.0051	100.000	詼ら(1)
6787	誐	1	0.0051	100.000	誐(1)
6788	諟	1	0.0051	100.000	諟子(1)
6789	謇	1	0.0051	100.000	張謇(1)
6790	譔	1	0.0051	100.000	譔異(1)
6791	譛	1	0.0051	100.000	譛(1)
6792	讌	1	0.0051	100.000	讌楽(1)
6793	豕	1	0.0051	100.000	豕(1)
6794	豳	1	0.0051	100.000	豳風(1)
6795	貊	1	0.0051	100.000	貊野(1)
6796	貍	1	0.0051	100.000	貍切(1)
6797	貲	1	0.0051	100.000	貲(1)
6798	贐	1	0.0051	100.000	贐(1)
6799	跗	1	0.0051	100.000	跗節(1)
6800	跽	1	0.0051	100.000	跽(1)
6801	踣	1	0.0051	100.000	踣(1)
6802	蹋	1	0.0051	100.000	蹋(1)
6803	蹬	1	0.0051	100.000	蹬脚(1)
6804	躘	1	0.0051	100.000	躘〓(1)
6805	軔	1	0.0051	100.000	軔(1)
6806	軹	1	0.0051	100.000	軹県(1)
6807	輗	1	0.0051	100.000	輗(1)
6808	輞	1	0.0051	100.000	輞川(1)
6809	輟	1	0.0051	100.000	輟(1)
6810	迨	1	0.0051	100.000	迨る(1)
6811	迮	1	0.0051	100.000	迮細(1)
6812	适	1	0.0051	100.000	汝适(1)
6813	逈	1	0.0051	100.000	逈(1)
6814	逖	1	0.0051	100.000	逖(1)
6815	逭	1	0.0051	100.000	逭(1)
6816	郅	1	0.0051	100.000	郅支(1)
6817	郈	1	0.0051	100.000	郈城(1)
6818	郟	1	0.0051	100.000	郟〓(1)
6819	郫	1	0.0051	100.000	郫県(1)
6820	鄄	1	0.0051	100.000	鄄城(1)
6821	鄕	1	0.0051	100.000	鄕多(1)
6822	鄢	1	0.0051	100.000	鄢(1)
6823	鄣	1	0.0051	100.000	鄣(1)
6824	鄷	1	0.0051	100.000	鄷都(1)
6825	鄽	1	0.0051	100.000	鄽(1)
6826	酲	1	0.0051	100.000	宿酲(1)
6827	醞	1	0.0051	100.000	醸八醞酒(1)
6828	醢	1	0.0051	100.000	醢(1)
6829	醨	1	0.0051	100.000	醨薄(1)
6830	釁	1	0.0051	100.000	釁端(1)
6831	釥	1	0.0051	100.000	釥(1)
6832	釿	1	0.0051	100.000	釿斧(1)
6833	鈇	1	0.0051	100.000	鈇山(1)
6834	鈹	1	0.0051	100.000	鈹(1)
6835	鉠	1	0.0051	100.000	鉠々(1)
6836	銗	1	0.0051	100.000	銗鏡(1)
6837	鋋	1	0.0051	100.000	鋋(1)
6838	鋻	1	0.0051	100.000	鋻切(1)
6839	錟	1	0.0051	100.000	錟副(1)
6840	鍊	1	0.0051	100.000	鍊金(1)
6841	鍤	1	0.0051	100.000	鍤(1)
6842	鎺	1	0.0051	100.000	鎺(1)
6843	鏇	1	0.0051	100.000	鏇皮(1)
6844	鏧	1	0.0051	100.000	鏧(1)
6845	鏵	1	0.0051	100.000	鏵燁(1)
6846	鏻	1	0.0051	100.000	鏻之助(1)
6847	鏽	1	0.0051	100.000	もの鏽び(1)
6848	鐓	1	0.0051	100.000	鐓次郎(1)
6849	鑞	1	0.0051	100.000	白鑞(1)
6850	镹	1	0.0051	100.000	安镹(1)
6851	閖	1	0.0051	100.000	閖上(1)
6852	閠	1	0.0051	100.000	閠数(1)
6853	閴	1	0.0051	100.000	閴寂(1)
6854	閶	1	0.0051	100.000	閶門(1)
6855	陁	1	0.0051	100.000	陁山(1)
6856	隤	1	0.0051	100.000	隤鼓(1)
6857	雝	1	0.0051	100.000	雝々(1)
6858	霾	1	0.0051	100.000	霾ふる(1)
6859	靎	1	0.0051	100.000	靎見(1)
6860	靛	1	0.0051	100.000	藍靛(1)
6861	鞐	1	0.0051	100.000	鞐(1)
6862	鞞	1	0.0051	100.000	鞞摩(1)
6863	鞫	1	0.0051	100.000	鞫(1)
6864	鞮	1	0.0051	100.000	奴佳鞮(1)
6865	韑	1	0.0051	100.000	韑(1)
6866	韛	1	0.0051	100.000	韛鼓(1)
6867	韭	1	0.0051	100.000	韭(1)
6868	頲	1	0.0051	100.000	頲(1)
6869	顋	1	0.0051	100.000	顋(1)
6870	顒	1	0.0051	100.000	顒(1)
6871	顓	1	0.0051	100.000	顓頊(1)
6872	颷	1	0.0051	100.000	耿颷(1)
6873	颺	1	0.0051	100.000	颺(1)
6874	餮	1	0.0051	100.000	饕餮(1)
6875	餲	1	0.0051	100.000	餲(1)
6876	餽	1	0.0051	100.000	餽(1)
6877	饜	1	0.0051	100.000	饜(1)
6878	馞	1	0.0051	100.000	馞(1)
6879	駞	1	0.0051	100.000	駞射(1)
6880	駮	1	0.0051	100.000	駮正(1)
6881	驩	1	0.0051	100.000	驩州(1)
6882	骭	1	0.0051	100.000	骭(1)
6883	髃	1	0.0051	100.000	髃穴(1)
6884	髢	1	0.0051	100.000	髢(1)
6885	髦	1	0.0051	100.000	曹髦(1)
6886	髹	1	0.0051	100.000	髹漆(1)
6887	鬯	1	0.0051	100.000	秬鬯(1)
6888	魞	1	0.0051	100.000	魞(1)
6889	魦	1	0.0051	100.000	魦簗(1)
6890	魴	1	0.0051	100.000	魴鮄(1)
6891	鮄	1	0.0051	100.000	魴鮄(1)
6892	鮗	1	0.0051	100.000	鮗(1)
6893	鯁	1	0.0051	100.000	鯁直(1)
6894	鯒	1	0.0051	100.000	鯒(1)
6895	鯧	1	0.0051	100.000	鯧(1)
6896	鯯	1	0.0051	100.000	鯯魚(1)
6897	鰒	1	0.0051	100.000	鰒(1)
6898	鰡	1	0.0051	100.000	鰡(1)
6899	鰣	1	0.0051	100.000	鰣魚(1)
6900	鰶	1	0.0051	100.000	鰶(1)
6901	鱠	1	0.0051	100.000	鱠(1)
6902	鱩	1	0.0051	100.000	鱩(1)
6903	鱵	1	0.0051	100.000	鱵(1)
6904	鳫	1	0.0051	100.000	鳫三(1)
6905	鴗	1	0.0051	100.000	鴗(1)
6906	鴣	1	0.0051	100.000	鷓鴣(1)
6907	鵾	1	0.0051	100.000	瑾鵾(1)
6908	鶇	1	0.0051	100.000	鶇(1)
6909	鶍	1	0.0051	100.000	鶍(1)
6910	鶩	1	0.0051	100.000	鶩(1)
6911	鶻	1	0.0051	100.000	鶻伝(1)
6912	鷃	1	0.0051	100.000	斥鷃(1)
6913	鷙	1	0.0051	100.000	鷙(1)
6914	鷸	1	0.0051	100.000	鷸(1)
6915	鸝	1	0.0051	100.000	鸝請(1)
6916	麈	1	0.0051	100.000	麈尾(1)
6917	麕	1	0.0051	100.000	麕集(1)
6918	麞	1	0.0051	100.000	麞(1)
6919	黷	1	0.0051	100.000	黷(1)
6920	黻	1	0.0051	100.000	黻文(1)
6921	鼂	1	0.0051	100.000	鼂錯(1)
6922	鼐	1	0.0051	100.000	鼐(1)
6923	鼙	1	0.0051	100.000	妬鼙(1)
6924	鼯	1	0.0051	100.000	鼯(1)
6925	祥	1	0.0051	100.000	祥浩(1)
6926	侮	1	0.0051	100.000	侮辱(1)
6927	悔	1	0.0051	100.000	悔(1)
6928	署	1	0.0051	100.000	署(1)
6929	賓	1	0.0051	100.000	賓客(1)
6930	贈	1	0.0051	100.000	贈(1)
6931	逸	1	0.0051	100.000	逸する(1)
6932	𠑊	1	0.0051	100.000	𠑊(1)
6933	𡸴	1	0.0051	100.000	𡸴(1)
6934	𢭐	1	0.0051	100.000	𢭐(1)
6935	𣳾	1	0.0051	100.000	𣳾(1)
6936	𤭯	1	0.0051	100.000	𤭯(1)
6937	𥆩	1	0.0051	100.000	𥆩(1)
6938	𥇥	1	0.0051	100.000	𥇥(1)
6939	𨫝	1	0.0051	100.000	𨫝(1)
6940	𨫤	1	0.0051	100.000	𨫤(1)
